model,compound,mse,coverage90,width90,brier,rmse
finite_gp_mixture,Clozapine,362.6295896055677,1.0,104.08284674615565,0.060316069426265995,19.04283565033232
finite_gp_mixture,Levofloxacin,563.4691565055572,1.0,128.1400036095392,0.0018610701368629915,23.737505271311836
finite_gp_mixture,Olanzapine,545.087776263669,0.9166666666666666,101.74025136246082,0.0006230764557552461,23.347114945184746
finite_gp_mixture,Pioglitazone,579.69186743985,1.0,104.04805258728943,0.0731945279307485,24.076791053623612
finite_gp_mixture,Troglitazone,3344.2465881817866,0.6666666666666666,134.5698511003446,0.2519920380713225,57.82946124754913
finite_gp_mixture,Trovafloxacin,555.2983472151017,0.9166666666666666,101.14714612468002,0.10742292167283962,23.564769195031417
fixed_gp,Clozapine,376.3090491542348,1.0,112.10461592539603,0.05931818031322599,19.398686789425586
fixed_gp,Levofloxacin,595.5461320226303,1.0,101.75947184393159,0.0007371044165101426,24.403813882723952
fixed_gp,Olanzapine,646.9047128422368,1.0,112.10461592539605,0.000992320850317707,25.434321552623274
fixed_gp,Pioglitazone,573.4729402082146,1.0,115.68971186466032,0.07394223656903628,23.94729504992609
fixed_gp,Troglitazone,3474.641394803281,0.6666666666666666,112.01197557357897,0.22112953405488645,58.94608888470278
fixed_gp,Trovafloxacin,496.49448326081375,1.0,112.10461592539603,0.1086531443008492,22.28215616274183
