compound,dose,source_row,model,observed,predicted,lower90,upper90,covered90,width90,probability_below_50,brier,squared_error
Clozapine,1.0,2,fixed_gp,135.709948005764,135.10845076106426,78.95715938589336,191.25974213623516,True,112.3025827503418,0.006331608183851698,4.008926219381779e-05,0.36179893538138286
Clozapine,1.0,3,fixed_gp,113.769799561393,135.10845076106426,78.95715938589336,191.25974213623516,True,112.3025827503418,0.006331608183851698,4.008926219381779e-05,455.33803502123175
Clozapine,1.0,2,finite_gp_mixture,135.709948005764,137.9935878576163,84.53796106381485,187.43625429304558,True,102.89829322923073,0.00873031525434155,7.621840444018877e-05,5.215010972967929
Clozapine,1.0,3,finite_gp_mixture,113.769799561393,137.9935878576163,84.53796106381485,187.43625429304558,True,102.89829322923073,0.00873031525434155,7.621840444018877e-05,586.7919194202444
Clozapine,3.0,4,fixed_gp,134.233207172339,130.03957073523767,82.79143536474007,177.28770610573528,True,94.49627074099521,0.0026646487251462273,7.100352828423414e-06,17.58658656658396
Clozapine,3.0,5,fixed_gp,158.282985283381,130.03957073523767,82.79143536474007,177.28770610573528,True,94.49627074099521,0.0026646487251462273,7.100352828423414e-06,797.6904653382745
Clozapine,3.0,4,finite_gp_mixture,134.233207172339,130.4982554498906,84.08345369925686,174.37118057252778,True,90.28772687327091,0.008466918370437265,7.168870669164803e-05,13.949864369020379
Clozapine,3.0,5,finite_gp_mixture,158.282985283381,130.4982554498906,84.08345369925686,174.37118057252778,True,90.28772687327091,0.008466918370437265,7.168870669164803e-05,771.9912119200524
Clozapine,10.0,6,fixed_gp,125.161799672409,143.33325143814346,90.8571545167301,195.80934835955682,True,104.95219384282672,0.0017194405195940625,2.9564757004218994e-06,330.20165927441406
Clozapine,10.0,7,fixed_gp,151.110244505707,143.33325143814346,90.8571545167301,195.80934835955682,True,104.95219384282672,0.0017194405195940625,2.9564757004218994e-06,60.481621172931106
Clozapine,10.0,6,finite_gp_mixture,125.161799672409,139.7317019434997,86.09363673721133,187.49049163209216,True,101.39685489488083,0.01098094653485038,0.00012058118680124255,212.28205218913385
Clozapine,10.0,7,finite_gp_mixture,151.110244505707,139.7317019434997,86.09363673721133,187.49049163209216,True,101.39685489488083,0.01098094653485038,0.00012058118680124255,129.47123083996277
Clozapine,30.0,8,fixed_gp,140.140170283521,115.90904806070492,60.819910283823305,170.99818583758653,True,110.17827555376323,0.024538913291751077,0.0006021582655400777,587.1472841770515
Clozapine,30.0,9,fixed_gp,119.465799728161,115.90904806070492,60.819910283823305,170.99818583758653,True,110.17827555376323,0.024538913291751077,0.0006021582655400777,12.65048242395163
Clozapine,30.0,8,finite_gp_mixture,140.140170283521,115.52000579359053,62.56924825762171,165.86524136130006,True,103.29599310367836,0.027404192141408146,0.000750989746923216,606.1524995112335
Clozapine,30.0,9,finite_gp_mixture,119.465799728161,115.52000579359053,62.56924825762171,165.86524136130006,True,103.29599310367836,0.027404192141408146,0.000750989746923216,15.569289774093146
Clozapine,100.0,10,fixed_gp,100.057206839291,89.80149794738311,32.805326473091185,146.79766942167504,True,113.99234294858385,0.12535383529342997,0.01571358402277237,105.17956487555848
Clozapine,100.0,11,fixed_gp,74.7416510617572,89.80149794738311,32.805326473091185,146.79766942167504,True,113.99234294858385,0.12535383529342997,0.01571358402277237,226.7989882184966
Clozapine,100.0,10,finite_gp_mixture,100.057206839291,91.23934906878443,38.79671553052755,144.12362778442946,True,105.32691225390191,0.08896620441519776,0.007914985528046753,77.75461566088298
Clozapine,100.0,11,finite_gp_mixture,74.7416510617572,91.23934906878443,38.79671553052755,144.12362778442946,True,105.32691225390191,0.08896620441519776,0.007914985528046753,272.17403953107055
Clozapine,300.0,12,fixed_gp,69.6785397282349,84.86112135180383,16.50810649387114,153.21413620973652,True,136.70602971586538,0.20076231270055434,0.04030550620087516,230.51078475633315
Clozapine,300.0,13,fixed_gp,43.730095117456,84.86112135180383,16.50810649387114,153.21413620973652,True,136.70602971586538,0.20076231270055434,0.6387808807997665,1691.7613190906093
Clozapine,300.0,12,finite_gp_mixture,69.6785397282349,82.429231924344,24.093208277368202,145.3845083993393,True,121.29130012197109,0.17912314981492836,0.03208510279962127,162.5801514799175
Clozapine,300.0,13,finite_gp_mixture,43.730095117456,82.429231924344,24.093208277368202,145.3845083993393,True,121.29130012197109,0.17912314981492836,0.6738388031697645,1497.623189598233
Levofloxacin,1.0,62,fixed_gp,141.194985005597,113.15957348309905,57.02276800219975,169.29637896399836,True,112.27361096179862,0.03211166042285563,0.0010311587351127928,785.9842992358109
Levofloxacin,1.0,63,fixed_gp,69.0456508949894,113.15957348309905,57.02276800219975,169.29637896399836,True,112.27361096179862,0.03211166042285563,0.0010311587351127928,1946.0381661097317
Levofloxacin,1.0,62,finite_gp_mixture,141.194985005597,116.29899704709521,59.49596411985048,171.0522156744712,True,111.55625155462073,0.031158301571988647,0.0009708397568509902,619.8102164298662
Levofloxacin,1.0,63,finite_gp_mixture,69.0456508949894,116.29899704709521,59.49596411985048,171.0522156744712,True,111.55625155462073,0.031158301571988647,0.0009708397568509902,2232.8787225707338
Levofloxacin,3.0,64,fixed_gp,136.34283683901,120.98904993303137,73.6171971342489,168.36090273181384,True,94.74370559756494,0.006852689288445525,4.695935048397603e-05,235.73877235420105
Levofloxacin,3.0,65,fixed_gp,110.183429061296,120.98904993303137,73.6171971342489,168.36090273181384,True,94.74370559756494,0.006852689288445525,4.695935048397603e-05,116.76144242368308
Levofloxacin,3.0,64,finite_gp_mixture,136.34283683901,118.86580995652506,50.65445662998145,184.87837441876357,True,134.2239177887821,0.04873037170056608,0.0023746491260753315,305.4464686511016
Levofloxacin,3.0,65,finite_gp_mixture,110.183429061296,118.86580995652506,50.65445662998145,184.87837441876357,True,134.2239177887821,0.04873037170056608,0.0023746491260753315,75.38373800983855
Levofloxacin,10.0,66,fixed_gp,168.198244560971,129.98027381468958,88.46379049832848,171.49675713105069,True,83.03296663272221,0.0007654492106330118,5.859124940587008e-07,1460.6132879636227
Levofloxacin,10.0,67,fixed_gp,120.309651505821,129.98027381468958,88.46379049832848,171.49675713105069,True,83.03296663272221,0.0007654492106330118,5.859124940587008e-07,93.5209358407868
Levofloxacin,10.0,66,finite_gp_mixture,168.198244560971,128.20892198872184,73.49436968591158,180.81567232094747,True,107.32130263503589,0.017033448637856483,0.00029013837249849484,1599.1459197873967
Levofloxacin,10.0,67,finite_gp_mixture,120.309651505821,128.20892198872184,73.49436968591158,180.81567232094747,True,107.32130263503589,0.017033448637856483,0.00029013837249849484,62.39847416202856
Levofloxacin,15.0,68,fixed_gp,141.616910894428,143.49874033390188,101.52710611736069,185.47037455044307,True,83.94326843308238,0.00012406474308328342,1.5392060476321122e-08,3.5412820392705613
Levofloxacin,15.0,69,fixed_gp,122.419281172492,143.49874033390188,101.52710611736069,185.47037455044307,True,83.94326843308238,0.00012406474308328342,1.5392060476321122e-08,444.3435985375466
Levofloxacin,15.0,68,finite_gp_mixture,141.616910894428,137.63574737747157,72.10735026845295,199.32713831984665,True,127.2197880513937,0.018795932906676797,0.0003532870938322957,15.849662948744877
Levofloxacin,15.0,69,finite_gp_mixture,122.419281172492,137.63574737747157,72.10735026845295,199.32713831984665,True,127.2197880513937,0.018795932906676797,0.0003532870938322957,231.5408437672853
Levofloxacin,45.0,70,fixed_gp,137.18668883919,116.98548974938069,49.58358595213579,184.3873935466256,True,134.8038075944898,0.05105685744735382,0.002606802692399409,408.08844466611237
Levofloxacin,45.0,71,fixed_gp,138.452466505681,116.98548974938069,49.58358595213579,184.3873935466256,True,134.8038075944898,0.05105685744735382,0.002606802692399409,460.83109105553785
Levofloxacin,45.0,70,finite_gp_mixture,137.18668883919,122.14417620743176,38.925721919788224,199.30447993765185,True,160.37875801786362,0.07291389672111788,0.005316436335057845,226.2771862766063
Levofloxacin,45.0,71,finite_gp_mixture,138.452466505681,122.14417620743176,38.925721919788224,199.30447993765185,True,160.37875801786362,0.07291389672111788,0.005316436335057845,265.9603324519705
Olanzapine,1.0,14,fixed_gp,151.743133338953,108.31268133286326,52.16138995769236,164.46397270803416,True,112.3025827503418,0.04380260978297058,0.0019186686237991897,1886.204161453263
Olanzapine,1.0,15,fixed_gp,129.802984894581,108.31268133286326,52.16138995769236,164.46397270803416,True,112.3025827503418,0.04380260978297058,0.0019186686237991897,461.8331471747775
Olanzapine,1.0,14,finite_gp_mixture,151.743133338953,112.2095547299212,59.500507619785154,163.50932198397552,True,104.00881436419037,0.029564330300293058,0.0008740496261048262,1562.903837636496
Olanzapine,1.0,15,finite_gp_mixture,129.802984894581,112.2095547299212,59.500507619785154,163.50932198397552,True,104.00881436419037,0.029564330300293058,0.0008740496261048262,309.5287849587611
Olanzapine,3.0,16,fixed_gp,105.331280894708,140.17743446608296,92.92929909558535,187.42556983658056,True,94.49627074099521,0.0008466003178947711,7.167320982595275e-07,1214.2544187198475
Olanzapine,3.0,17,fixed_gp,127.904318172325,140.17743446608296,92.92929909558535,187.42556983658056,True,94.49627074099521,0.0008466003178947711,7.167320982595275e-07,150.6293835601069
Olanzapine,3.0,16,finite_gp_mixture,105.331280894708,137.0496808223888,92.35832760302739,180.27587596046618,True,87.91754835743879,0.004837507594502219,2.340147972686664e-05,1006.0568939723019
Olanzapine,3.0,17,finite_gp_mixture,127.904318172325,137.0496808223888,92.35832760302739,180.27587596046618,True,87.91754835743879,0.004837507594502219,2.340147972686664e-05,83.63765800118202
Olanzapine,10.0,18,fixed_gp,155.118540894634,106.67677400691353,54.20067708550017,159.1528709283269,True,104.95219384282674,0.0378233706856114,0.001430607370021168,2346.604779204252
Olanzapine,10.0,19,fixed_gp,112.925947783732,106.67677400691353,54.20067708550017,159.1528709283269,True,104.95219384282674,0.0378233706856114,0.001430607370021168,39.052172892875575
Olanzapine,10.0,18,finite_gp_mixture,155.118540894634,108.16899736031634,66.92863189915846,148.5934984328501,False,81.66486653369165,0.020420159686355143,0.00041698292161624376,2204.25963808079
Olanzapine,10.0,19,finite_gp_mixture,112.925947783732,108.16899736031634,66.92863189915846,148.5934984328501,True,81.66486653369165,0.020420159686355143,0.00041698292161624376,22.628577330834425
Olanzapine,30.0,20,fixed_gp,113.769799561393,132.99598299063155,77.90684521374993,188.08512076751316,True,110.17827555376323,0.006604255962121849,4.361619681322199e-05,369.6461292547269
Olanzapine,30.0,21,fixed_gp,112.293058727967,132.99598299063155,77.90684521374993,188.08512076751316,True,110.17827555376323,0.006604255962121849,4.361619681322199e-05,428.6110730256246
Olanzapine,30.0,20,finite_gp_mixture,113.769799561393,130.11220547031894,77.46635949391684,180.0307231373054,True,102.56436364338855,0.014638841315419962,0.00021429567505804644,267.0742308920975
Olanzapine,30.0,21,finite_gp_mixture,112.293058727967,130.11220547031894,77.46635949391684,180.0307231373054,True,102.56436364338855,0.014638841315419962,0.00021429567505804644,317.52199062547203
Olanzapine,100.0,22,fixed_gp,122.208318228077,114.78446510223318,57.78829362794126,171.78063657652513,True,113.99234294858387,0.030768570818108132,0.0009467049501889353,55.113595234101055
Olanzapine,100.0,23,fixed_gp,141.194985005597,114.78446510223318,57.78829362794126,171.78063657652513,True,113.99234294858387,0.030768570818108132,0.0009467049501889353,697.5155615659764
Olanzapine,100.0,22,finite_gp_mixture,122.208318228077,116.26064331925156,60.55156297172236,168.7110948479498,True,108.15953187622743,0.03098025444033104,0.0009597761651876512,35.3748368210718
Olanzapine,100.0,23,finite_gp_mixture,141.194985005597,116.26064331925156,60.55156297172236,168.7110948479498,True,108.15953187622743,0.03098025444033104,0.0009597761651876512,621.7213953314243
Olanzapine,300.0,24,fixed_gp,132.334540450083,122.66922188433347,54.316207026400775,191.02223674226616,True,136.70602971586538,0.040169780046515904,0.0016136112289854673,93.41838297742282
Olanzapine,300.0,25,fixed_gp,118.20002183915,122.66922188433347,54.316207026400775,191.02223674226616,True,136.70602971586538,0.040169780046515904,0.0016136112289854673,19.973749043867933
Olanzapine,300.0,24,finite_gp_mixture,132.334540450083,122.98110930809689,58.016730281483284,184.14311368131152,True,126.12638339982823,0.035354672489472196,0.001249952866837842,87.48667412787579
Olanzapine,300.0,25,finite_gp_mixture,118.20002183915,122.98110930809689,58.016730281483284,184.14311368131152,True,126.12638339982823,0.035354672489472196,0.001249952866837842,22.858797385721008
Pioglitazone,1.0,38,fixed_gp,105.363511953388,121.43951861685923,61.77186367870636,181.1071735550121,True,119.33530987630576,0.024455442063907047,0.0005980686465411142,258.4379902439715
Pioglitazone,1.0,38,finite_gp_mixture,105.363511953388,123.49795492538198,69.2212353332764,173.726407183067,True,104.50517184979061,0.019216710350191662,0.00036928195668316336,328.85802190450175
Pioglitazone,3.0,40,fixed_gp,126.390851386435,99.79455717920733,50.69287985241024,148.89623450600442,True,98.20335465359418,0.047651475575467804,0.002270663124519405,707.3628655574122
Pioglitazone,3.0,40,finite_gp_mixture,126.390851386435,100.2299965078328,61.93832811151096,139.00203305875675,True,77.06370494724578,0.024628903232481538,0.0006065828744349395,684.390327979285
Pioglitazone,10.0,42,fixed_gp,99.4088671424351,123.45655819106338,69.17706600637788,177.73605037574887,True,108.55898436937099,0.013007623470191338,0.00016919826834227254,578.2914447702767
Pioglitazone,10.0,43,fixed_gp,96.6176273316712,123.45655819106338,69.17706600637788,177.73605037574887,True,108.55898436937099,0.013007623470191338,0.00016919826834227254,720.3282096752338
Pioglitazone,10.0,42,finite_gp_mixture,99.4088671424351,124.26362554091813,81.21358528746892,162.70532082762088,True,81.49173554015196,0.01237772750261144,0.00015320813812890363,617.7590150469626
Pioglitazone,10.0,43,finite_gp_mixture,96.6176273316712,124.26362554091813,81.21358528746892,162.70532082762088,True,81.49173554015196,0.01237772750261144,0.00015320813812890363,764.3012169856843
Pioglitazone,30.0,44,fixed_gp,119.691875974113,92.28266880245295,37.07315278538931,147.49218481951658,True,110.41903203412727,0.10388431279185967,0.010791950444236939,751.2646377789811
Pioglitazone,30.0,45,fixed_gp,108.526916953577,92.28266880245295,37.07315278538931,147.49218481951658,True,110.41903203412727,0.10388431279185967,0.010791950444236939,263.87559799529726
Pioglitazone,30.0,44,finite_gp_mixture,119.691875974113,92.28491668760041,42.8602406528391,142.4982795499149,True,99.6380388970758,0.07156275164170178,0.005121227422531891,751.1414173325586
Pioglitazone,30.0,45,finite_gp_mixture,108.526916953577,92.28491668760041,42.8602406528391,142.4982795499149,True,99.6380388970758,0.07156275164170178,0.005121227422531891,263.80257263998345
Pioglitazone,100.0,46,fixed_gp,84.8944205269977,83.4408926208915,26.443313376931826,140.43847186485118,True,113.99515848791935,0.16726050095143202,0.027976075178523994,2.112743373829482
Pioglitazone,100.0,47,fixed_gp,78.0093625199635,83.4408926208915,26.443313376931826,140.43847186485118,True,113.99515848791935,0.16726050095143202,0.027976075178523994,29.501519237286935
Pioglitazone,100.0,46,finite_gp_mixture,84.8944205269977,85.77962862105191,27.924387533596068,146.6121376609719,True,118.68775012737584,0.13810760147984374,0.019073709586515337,0.7835933697790811
Pioglitazone,100.0,47,finite_gp_mixture,78.0093625199635,85.77962862105191,27.924387533596068,146.6121376609719,True,118.68775012737584,0.13810760147984374,0.019073709586515337,60.37703528172368
Pioglitazone,300.0,48,fixed_gp,60.1454280871055,82.32431434050653,13.971288257039504,150.67734042397356,True,136.70605216693406,0.21832715241161776,0.04766674548016577,491.90299544130124
Pioglitazone,300.0,49,fixed_gp,38.3737580526897,82.32431434050653,13.971288257039504,150.67734042397356,True,136.70605216693406,0.21832715241161776,0.6110124406569303,1931.6513980085556
Pioglitazone,300.0,48,finite_gp_mixture,60.1454280871055,81.57447095775508,20.40324361636986,150.04154358969524,True,129.6382999733254,0.19811167281425526,0.039248234905262525,459.2038783521377
Pioglitazone,300.0,49,finite_gp_mixture,38.3737580526897,81.57447095775508,20.40324361636986,150.04154358969524,True,129.6382999733254,0.19811167281425526,0.643024889276752,1866.3015955058825
Troglitazone,0.98,26,fixed_gp,86.9413297363926,102.49041157371713,46.42420191873012,158.55662122870413,True,112.13241930997401,0.061786522355539206,0.0038175743447915462,241.77394598381534
Troglitazone,0.98,27,fixed_gp,104.619181352019,102.49041157371713,46.42420191873012,158.55662122870413,True,112.13241930997401,0.061786522355539206,0.0038175743447915462,4.531660769011405
Troglitazone,0.98,26,finite_gp_mixture,86.9413297363926,101.05806323829914,27.02580100053026,174.80707793629273,True,147.78127693576246,0.1245550236434024,0.015513953914808531,199.28216476385043
Troglitazone,0.98,27,finite_gp_mixture,104.619181352019,101.05806323829914,27.02580100053026,174.80707793629273,True,147.78127693576246,0.1245550236434024,0.015513953914808531,12.681562219863673
Troglitazone,2.95,28,fixed_gp,93.4542223314824,95.40277807725887,48.246711821179616,142.55884433333813,True,94.31213251215851,0.056631335393349407,0.003207108148434029,3.7968694943985115
Troglitazone,2.95,29,fixed_gp,107.596503757495,95.40277807725887,48.246711821179616,142.55884433333813,True,94.31213251215851,0.056631335393349407,0.003207108148434029,148.68694596485003
Troglitazone,2.95,28,finite_gp_mixture,93.4542223314824,96.05310599611252,25.577706627403664,166.64474970561918,True,141.0670430782155,0.13563881559009855,0.01839788829468476,6.7541963022812945
Troglitazone,2.95,29,finite_gp_mixture,107.596503757495,96.05310599611252,25.577706627403664,166.64474970561918,True,141.0670430782155,0.13563881559009855,0.01839788829468476,133.25003187749004
Troglitazone,9.82,30,fixed_gp,106.666090561414,83.327182145214,30.92516627200728,135.7291980184207,True,104.80403174641341,0.14775484423750979,0.021831493995650778,544.7046460597711
Troglitazone,9.82,31,fixed_gp,72.6129657156675,83.327182145214,30.92516627200728,135.7291980184207,True,104.80403174641341,0.14775484423750979,0.021831493995650778,114.79443369916407
Troglitazone,9.82,30,finite_gp_mixture,106.666090561414,90.32484979487431,16.57538059275522,166.06154490221684,True,149.48616430946163,0.18084242309013704,0.03270398198911213,267.0361497900185
Troglitazone,9.82,31,finite_gp_mixture,72.6129657156675,90.32484979487431,16.57538059275522,166.06154490221684,True,149.48616430946163,0.18084242309013704,0.03270398198911213,313.71083763525974
Troglitazone,29.47,32,fixed_gp,65.5418248914015,113.5202277278542,58.45708120186836,168.58337425384005,True,110.12629305197169,0.028881999428215906,0.0008341698909714639,2301.9271387369326
Troglitazone,29.47,33,fixed_gp,85.4526685336544,113.5202277278542,58.45708120186836,168.58337425384005,True,110.12629305197169,0.028881999428215906,0.0008341698909714639,787.7878791199098
Troglitazone,29.47,32,finite_gp_mixture,65.5418248914015,106.04787016676308,28.21264904248112,180.49232362899784,True,152.2796745865167,0.1112470968597562,0.012375916559723978,1640.7397038496415
Troglitazone,29.47,33,finite_gp_mixture,85.4526685336544,106.04787016676308,28.21264904248112,180.49232362899784,True,152.2796745865167,0.1112470968597562,0.012375916559723978,424.16233030840215
Troglitazone,98.2,34,fixed_gp,96.2454621422464,37.102889367922366,-19.88597733062055,94.09175606646528,False,113.97773339708583,0.6451450293843906,0.41621210893938615,3497.843914366214
Troglitazone,98.2,35,fixed_gp,126.576933981147,37.102889367922366,-19.88597733062055,94.09175606646528,False,113.97773339708583,0.6451450293843906,0.41621210893938615,8005.604659449312
Troglitazone,98.2,34,finite_gp_mixture,96.2454621422464,37.93704625187503,-4.763512677777606,88.36010514016958,False,93.12361781794719,0.7273160049236573,0.5289885710181096,3399.871363644512
Troglitazone,98.2,35,finite_gp_mixture,126.576933981147,37.93704625187503,-4.763512677777606,88.36010514016958,False,93.12361781794719,0.7273160049236573,0.5289885710181096,7857.029696657938
Troglitazone,294.72,36,fixed_gp,0.0,114.11451407247894,45.754892360543764,182.4741357844141,False,136.71924342387035,0.06145072105398497,0.8808747490100848,13022.122321997995
Troglitazone,294.72,37,fixed_gp,0.0,114.11451407247894,45.754892360543764,182.4741357844141,False,136.71924342387035,0.06145072105398497,0.8808747490100848,13022.122321997995
Troglitazone,294.72,36,finite_gp_mixture,0.0,113.74629888733125,50.343022966517665,174.0243528406819,False,123.68132987416423,0.04922562263621339,0.903971916651496,12938.220510566094
Troglitazone,294.72,37,finite_gp_mixture,0.0,113.74629888733125,50.343022966517665,174.0243528406819,False,123.68132987416423,0.04922562263621339,0.903971916651496,12938.220510566094
Trovafloxacin,1.0,50,fixed_gp,125.68987893106,107.62305277627365,51.471761401102746,163.77434415144455,True,112.3025827503418,0.04570884942529999,0.0020892989157847474,326.4102073072718
Trovafloxacin,1.0,51,fixed_gp,103.881661404813,107.62305277627365,51.471761401102746,163.77434415144455,True,112.3025827503418,0.04570884942529999,0.0020892989157847474,13.99800939444021
Trovafloxacin,1.0,50,finite_gp_mixture,125.68987893106,108.12851668198898,55.81000086291236,159.27697921736456,True,103.4669783544522,0.036682301301031235,0.0013455912287396378,308.4014440430964
Trovafloxacin,1.0,51,finite_gp_mixture,103.881661404813,108.12851668198898,55.81000086291236,159.27697921736456,True,103.4669783544522,0.036682301301031235,0.0013455912287396378,18.035779745277484
Trovafloxacin,3.0,52,fixed_gp,113.930545863958,105.24728798903166,57.99915261853406,152.49542335952927,True,94.49627074099521,0.027219381586565967,0.0007408947339550865,75.39896732247031
Trovafloxacin,3.0,53,fixed_gp,100.46076463394,105.24728798903166,57.99915261853406,152.49542335952927,True,94.49627074099521,0.027219381586565967,0.0007408947339550865,22.910805828837923
Trovafloxacin,3.0,52,finite_gp_mixture,113.930545863958,105.76199306302314,58.358583598532284,153.34935595933777,True,94.9907723608055,0.03153768900330974,0.0009946258276694842,66.72525486166077
Trovafloxacin,3.0,53,finite_gp_mixture,100.46076463394,105.76199306302314,58.358583598532284,153.34935595933777,True,94.9907723608055,0.03153768900330974,0.0009946258276694842,28.103022857319285
Trovafloxacin,10.0,54,fixed_gp,86.1357590999432,112.16473553304405,59.68863861163069,164.6408324544574,True,104.95219384282672,0.02567505869644276,0.0006592086390657811,677.5076141549196
Trovafloxacin,10.0,55,fixed_gp,105.16449786078,112.16473553304405,59.68863861163069,164.6408324544574,True,104.95219384282672,0.02567505869644276,0.0006592086390657811,49.00332746818479
Trovafloxacin,10.0,54,finite_gp_mixture,86.1357590999432,111.32423541397512,62.129888959260256,156.86670462182252,True,94.73681566256226,0.028053572103041942,0.0007870029077405731,634.4593390225469
Trovafloxacin,10.0,55,finite_gp_mixture,105.16449786078,111.32423541397512,62.129888959260256,156.86670462182252,True,94.73681566256226,0.028053572103041942,0.0007870029077405731,37.942366724242135
Trovafloxacin,30.0,56,fixed_gp,111.151067321069,76.71147682224486,21.622339045363248,131.80061459912648,True,110.17827555376323,0.21256516535173042,0.045183949521008494,1186.0853937266975
Trovafloxacin,30.0,57,fixed_gp,102.385019095371,76.71147682224486,21.622339045363248,131.80061459912648,True,110.17827555376323,0.21256516535173042,0.045183949521008494,659.1307728499952
Trovafloxacin,30.0,56,finite_gp_mixture,111.151067321069,74.20729165413583,40.8811309501866,110.07708160840168,False,69.19595065821508,0.10210271907060045,0.010424965241609957,1364.842560528683
Trovafloxacin,30.0,57,finite_gp_mixture,102.385019095371,74.20729165413583,40.8811309501866,110.07708160840168,True,69.19595065821508,0.10210271907060045,0.010424965241609957,793.9843237525379
Trovafloxacin,100.0,58,fixed_gp,56.4167176519772,68.88693639581172,11.89076492151979,125.88310787010364,True,113.99234294858385,0.292856653359737,0.08576501941706514,155.50635551908167
Trovafloxacin,100.0,59,fixed_gp,33.7532758217525,68.88693639581172,11.89076492151979,125.88310787010364,True,113.99234294858385,0.292856653359737,0.5000517126975912,1234.3741053332028
Trovafloxacin,100.0,58,finite_gp_mixture,56.4167176519772,71.29768620620125,22.964855345069246,124.00318641269996,True,101.03833106763071,0.2086821272436757,0.04354823023094566,221.44322511180494
Trovafloxacin,100.0,59,finite_gp_mixture,33.7532758217525,71.29768620620125,22.964855345069246,124.00318641269996,True,101.03833106763071,0.2086821272436757,0.6261839757435942,1409.5827511159027
Trovafloxacin,300.0,60,fixed_gp,23.4905852866127,55.9660585602895,-12.386956297643195,124.31907341822219,True,136.70602971586538,0.44292087820673726,0.3103371479379528,1054.656364349296
Trovafloxacin,300.0,61,fixed_gp,33.5394699682774,55.9660585602895,-12.386956297643195,124.31907341822219,True,136.70602971586538,0.44292087820673726,0.3103371479379528,502.951875875367
Trovafloxacin,300.0,60,finite_gp_mixture,23.4905852866127,57.92225511615479,-7.866686140463938,135.58734250395042,True,143.45402864441436,0.45583160525072,0.29611924184400823,1185.539887250599
Trovafloxacin,300.0,61,finite_gp_mixture,33.5394699682774,57.92225511615479,-7.866686140463938,135.58734250395042,True,143.45402864441436,0.45583160525072,0.29611924184400823,594.52021156755
