model,compound,mse,mae,rmse
constant,Clozapine,1579.6062011538113,33.43059791461314,39.74425997743336
constant,Levofloxacin,715.6194124178578,18.870637252662753,26.75106376236014
constant,Olanzapine,274.97236670787805,13.881363125847015,16.58229075573933
constant,Pioglitazone,969.5251503607599,25.71610526067419,31.13719882007307
constant,Troglitazone,2083.320482031672,34.51678793731419,45.64340567959047
constant,Trovafloxacin,1685.7230867543822,36.959939783579635,41.0575582171466
finite_gp_mixture,Clozapine,362.6295896055677,15.77557481186202,19.04283565033232
finite_gp_mixture,Levofloxacin,563.4691565055572,19.674576759541512,23.737505271311836
finite_gp_mixture,Olanzapine,545.087776263669,19.07294609721261,23.347114945184746
finite_gp_mixture,Pioglitazone,579.69186743985,21.37302439816729,24.076791053623612
finite_gp_mixture,Troglitazone,3344.2465881817866,41.784617182513465,57.82946124754913
finite_gp_mixture,Trovafloxacin,555.2983472151017,20.248962470646052,23.564769195031417
fixed_gp,Clozapine,376.3090491542348,15.811890149053033,19.398686789425586
fixed_gp,Levofloxacin,595.5461320226303,21.0826799390465,24.403813882723952
fixed_gp,Olanzapine,646.9047128422368,21.219080452460254,25.434321552623274
fixed_gp,Pioglitazone,573.4729402082146,21.022687864975556,23.94729504992609
fixed_gp,Troglitazone,3474.641394803281,43.23040545421205,58.94608888470278
fixed_gp,Trovafloxacin,496.49448326081375,19.243857234763567,22.28215616274183
hill,Clozapine,569.1910700004814,19.883023423579967,23.857725583141438
hill,Levofloxacin,715.6204030781739,18.870681665039363,26.75108227863265
hill,Olanzapine,355.15654970644965,15.387991146682966,18.845597621366366
hill,Pioglitazone,345.7570436584007,16.984943253074483,18.594543383971565
hill,Troglitazone,3075.871266505235,40.29660671698044,55.46053792116729
hill,Trovafloxacin,1037.5302648841284,25.356685013826915,32.210716615501255
linear,Clozapine,464.69162461158544,18.21541394133212,21.55670718388097
linear,Levofloxacin,566.1333829748418,17.890184956372497,23.793557593912723
linear,Olanzapine,472.0441940045069,17.65800024050822,21.72657805556381
linear,Pioglitazone,555.2418865919279,20.86038612354531,23.5635711765413
linear,Troglitazone,3245.3142822444183,40.660112327472255,56.967659968129446
linear,Trovafloxacin,422.92967396101267,16.88533168602407,20.56525404562299
nested_gp,Clozapine,487.16288868156926,17.474341890116715,22.071766777527557
nested_gp,Levofloxacin,716.585305105905,22.814165377087885,26.769111025693494
nested_gp,Olanzapine,513.9072655000471,18.445333297195607,22.669522833532405
nested_gp,Pioglitazone,963.4878946153345,27.814897604021724,31.040101395055633
nested_gp,Troglitazone,2902.9193647779102,39.03218221992371,53.87874687460641
nested_gp,Trovafloxacin,1504.751820368707,30.956968422668453,38.791130692062936
pchip,Clozapine,464.1785028695296,17.266955083235633,21.544802223959486
pchip,Levofloxacin,602.2101999535934,18.20408614176741,24.539971474180515
pchip,Olanzapine,515.7721761695514,18.76688461713531,22.710618137108277
pchip,Pioglitazone,645.4662767492384,24.157414951121005,25.406028354491742
pchip,Troglitazone,3049.942043800815,39.239146161140724,55.22628037267054
pchip,Trovafloxacin,601.9980769771137,19.784549300413133,24.535649104458468
