compound,held_dose,source_row,model,observed,predicted,squared_error,absolute_error,position
Clozapine,1.0,2,nested_gp,135.709948005764,145.7871373855366,101.5497457958015,10.07718937977259,edge_extrapolation
Clozapine,1.0,3,nested_gp,113.769799561393,145.7871373855366,1025.1099213453363,32.017337824143596,edge_extrapolation
Clozapine,1.0,2,fixed_gp,135.709948005764,135.10845076106426,0.36179893538138286,0.6014972446997433,edge_extrapolation
Clozapine,1.0,3,fixed_gp,113.769799561393,135.10845076106426,455.33803502123175,21.33865119967126,edge_extrapolation
Clozapine,1.0,2,finite_gp_mixture,135.709948005764,137.9935878576163,5.215010972967929,2.2836398518522856,edge_extrapolation
Clozapine,1.0,3,finite_gp_mixture,113.769799561393,137.9935878576163,586.7919194202444,24.22378829622329,edge_extrapolation
Clozapine,1.0,2,hill,135.709948005764,144.40751241563493,75.6476266638533,8.697564409870921,edge_extrapolation
Clozapine,1.0,3,hill,113.769799561393,144.40751241563493,938.669448938981,30.637712854241926,edge_extrapolation
Clozapine,1.0,2,linear,135.709948005764,146.25809622786,111.26343091530677,10.548148222095989,edge_extrapolation
Clozapine,1.0,3,linear,113.769799561393,146.25809622786,1055.4894202883704,32.488296666466994,edge_extrapolation
Clozapine,1.0,2,pchip,135.709948005764,146.25809622786,111.26343091530677,10.548148222095989,edge_extrapolation
Clozapine,1.0,3,pchip,113.769799561393,146.25809622786,1055.4894202883704,32.488296666466994,edge_extrapolation
Clozapine,1.0,2,constant,135.709948005764,111.6601699392257,578.3918250497471,24.04977806653831,edge_extrapolation
Clozapine,1.0,3,constant,113.769799561393,111.6601699392257,4.450537142725763,2.1096296221673043,edge_extrapolation
Clozapine,3.0,4,nested_gp,134.233207172339,132.78825152791114,2.087896814363944,1.4449556444278642,interpolation
Clozapine,3.0,5,nested_gp,158.282985283381,132.78825152791114,649.9814492622946,25.494733755469866,interpolation
Clozapine,3.0,4,fixed_gp,134.233207172339,130.03957073523767,17.58658656658396,4.193636437101333,interpolation
Clozapine,3.0,5,fixed_gp,158.282985283381,130.03957073523767,797.6904653382745,28.243414548143335,interpolation
Clozapine,3.0,4,finite_gp_mixture,134.233207172339,130.4982554498906,13.949864369020379,3.7349517224484146,interpolation
Clozapine,3.0,5,finite_gp_mixture,158.282985283381,130.4982554498906,771.9912119200524,27.784729833490417,interpolation
Clozapine,3.0,4,hill,134.233207172339,131.32848748880394,8.437396439916037,2.9047196835350633,interpolation
Clozapine,3.0,5,hill,158.282985283381,131.32848748880394,726.5449513578599,26.954497794577065,interpolation
Clozapine,3.0,4,linear,134.233207172339,130.18672101607115,16.374050212867445,4.046486156267861,interpolation
Clozapine,3.0,5,linear,158.282985283381,130.18672101607115,789.4000657785131,28.096264267309863,interpolation
Clozapine,3.0,4,pchip,134.233207172339,133.914828008496,0.10136529196938016,0.31837916384301934,interpolation
Clozapine,3.0,5,pchip,158.282985283381,133.914828008496,593.8070889735318,24.36815727488502,interpolation
Clozapine,3.0,4,constant,134.233207172339,107.35652545036939,722.3560203840558,26.876681721969618,interpolation
Clozapine,3.0,5,constant,158.282985283381,107.35652545036939,2593.504311123346,50.92645983301162,interpolation
Clozapine,10.0,6,nested_gp,125.161799672409,149.6570115108766,600.0154030114031,24.495211838467597,interpolation
Clozapine,10.0,7,nested_gp,151.110244505707,149.6570115108766,2.1118861372636952,1.4532329948303868,interpolation
Clozapine,10.0,6,fixed_gp,125.161799672409,143.33325143814346,330.20165927441406,18.17145176573446,interpolation
Clozapine,10.0,7,fixed_gp,151.110244505707,143.33325143814346,60.481621172931106,7.776993067563524,interpolation
Clozapine,10.0,6,finite_gp_mixture,125.161799672409,139.7317019434997,212.28205218913385,14.569902271090697,interpolation
Clozapine,10.0,7,finite_gp_mixture,151.110244505707,139.7317019434997,129.47123083996277,11.378542562207286,interpolation
Clozapine,10.0,6,hill,125.161799672409,135.0633556516918,98.04081081087105,9.901555979282804,interpolation
Clozapine,10.0,7,hill,151.110244505707,135.0633556516918,257.5026418931166,16.04688885401518,interpolation
Clozapine,10.0,6,linear,125.161799672409,138.12894464738736,168.14684880210635,12.967144974978353,interpolation
Clozapine,10.0,7,linear,151.110244505707,138.12894464738736,168.51414601160926,12.98129985831963,interpolation
Clozapine,10.0,6,pchip,125.161799672409,141.6985742393276,273.46491307708567,16.536774566918595,interpolation
Clozapine,10.0,7,pchip,151.110244505707,141.6985742393276,88.57953720304988,9.411670266379389,interpolation
Clozapine,10.0,6,constant,125.161799672409,108.9809402781298,261.82021073743374,16.18085939427921,interpolation
Clozapine,10.0,7,constant,151.110244505707,108.9809402781298,1774.8782746997535,42.129304227577194,interpolation
Clozapine,30.0,8,nested_gp,140.140170283521,119.28583395310278,434.9033437822013,20.85433633041822,interpolation
Clozapine,30.0,9,nested_gp,119.465799728161,119.28583395310278,0.03238768019230631,0.1799657750582213,interpolation
Clozapine,30.0,8,fixed_gp,140.140170283521,115.90904806070492,587.1472841770515,24.231122222816083,interpolation
Clozapine,30.0,9,fixed_gp,119.465799728161,115.90904806070492,12.65048242395163,3.5567516674560835,interpolation
Clozapine,30.0,8,finite_gp_mixture,140.140170283521,115.52000579359053,606.1524995112335,24.620164489930474,interpolation
Clozapine,30.0,9,finite_gp_mixture,119.465799728161,115.52000579359053,15.569289774093146,3.9457939345704744,interpolation
Clozapine,30.0,8,hill,140.140170283521,136.35915259025373,14.296094796800173,3.781017693267273,interpolation
Clozapine,30.0,9,hill,119.465799728161,136.35915259025373,285.3853709231765,16.893352862092726,interpolation
Clozapine,30.0,8,linear,140.140170283521,114.42721084701319,661.1562829834963,25.712959436507816,interpolation
Clozapine,30.0,9,linear,119.465799728161,114.42721084701319,25.38737791322641,5.038588881147817,interpolation
Clozapine,30.0,8,pchip,140.140170283521,118.53883323010946,466.6177624950904,21.60133705341154,interpolation
Clozapine,30.0,9,pchip,119.465799728161,118.53883323010946,0.8592668885099385,0.9269664980515415,interpolation
Clozapine,30.0,8,constant,140.140170283521,110.6475476947732,869.8147871623174,29.492622588747807,interpolation
Clozapine,30.0,9,constant,119.465799728161,110.6475476947732,77.7615689243482,8.818252033387807,interpolation
Clozapine,100.0,10,nested_gp,100.057206839291,91.67416523853908,70.27538647993737,8.383041600751923,interpolation
Clozapine,100.0,11,nested_gp,74.7416510617572,91.67416523853908,286.7100363469193,16.93251417678188,interpolation
Clozapine,100.0,10,fixed_gp,100.057206839291,89.80149794738311,105.17956487555848,10.255708891907886,interpolation
Clozapine,100.0,11,fixed_gp,74.7416510617572,89.80149794738311,226.7989882184966,15.059846885625916,interpolation
Clozapine,100.0,10,finite_gp_mixture,100.057206839291,91.23934906878443,77.75461566088298,8.817857770506563,interpolation
Clozapine,100.0,11,finite_gp_mixture,74.7416510617572,91.23934906878443,272.17403953107055,16.49769800702724,interpolation
Clozapine,100.0,10,hill,100.057206839291,56.70487755033636,1879.424454777954,43.352329288954635,interpolation
Clozapine,100.0,11,hill,74.7416510617572,56.70487755033636,325.3251987022922,18.036773511420833,interpolation
Clozapine,100.0,10,linear,100.057206839291,91.82032015130169,67.84630231077554,8.236886687989312,interpolation
Clozapine,100.0,11,linear,74.7416510617572,91.82032015130169,291.68093787016244,17.07866908954449,interpolation
Clozapine,100.0,10,pchip,100.057206839291,102.20618306623321,4.618098823962778,2.14897622694221,interpolation
Clozapine,100.0,11,pchip,74.7416510617572,102.20618306623321,754.3005182248871,27.464532004476013,interpolation
Clozapine,100.0,10,constant,100.057206839291,119.12825890583659,363.7050269248928,19.07105206654559,interpolation
Clozapine,100.0,11,constant,74.7416510617572,119.12825890583659,1970.1709559040903,44.38660784407939,interpolation
Clozapine,300.0,12,nested_gp,69.6785397282349,90.88410910348466,449.67617252853074,21.205569375249766,edge_extrapolation
Clozapine,300.0,13,nested_gp,43.730095117456,90.88410910348466,2223.5010349945865,47.15401398602866,edge_extrapolation
Clozapine,300.0,12,fixed_gp,69.6785397282349,84.86112135180383,230.51078475633315,15.182581623568936,edge_extrapolation
Clozapine,300.0,13,fixed_gp,43.730095117456,84.86112135180383,1691.7613190906093,41.13102623434783,edge_extrapolation
Clozapine,300.0,12,finite_gp_mixture,69.6785397282349,82.429231924344,162.5801514799175,12.7506921961091,edge_extrapolation
Clozapine,300.0,13,finite_gp_mixture,43.730095117456,82.429231924344,1497.623189598233,38.69913680688799,edge_extrapolation
Clozapine,300.0,12,hill,69.6785397282349,87.39925149869603,314.02362565175986,17.720711770461136,edge_extrapolation
Clozapine,300.0,13,hill,43.730095117456,87.39925149869603,1906.9952190491967,43.66915638124003,edge_extrapolation
Clozapine,300.0,12,linear,69.6785397282349,87.3994289505241,314.0299148286456,17.720889222289202,edge_extrapolation
Clozapine,300.0,13,linear,43.730095117456,87.3994289505241,1907.0107174239458,43.669333833068094,edge_extrapolation
Clozapine,300.0,12,pchip,69.6785397282349,87.3994289505241,314.0299148286456,17.720889222289202,edge_extrapolation
Clozapine,300.0,13,pchip,43.730095117456,87.3994289505241,1907.0107174239458,43.669333833068094,edge_extrapolation
Clozapine,300.0,12,constant,69.6785397282349,125.26728121137232,3090.1081796790836,55.588741483137426,edge_extrapolation
Clozapine,300.0,13,constant,43.730095117456,125.26728121137232,6648.312716113941,81.53718609391632,edge_extrapolation
Levofloxacin,1.0,62,nested_gp,141.194985005597,122.20059222395497,360.786957143295,18.994392781642034,edge_extrapolation
Levofloxacin,1.0,63,nested_gp,69.0456508949894,122.20059222395497,2825.4477876857727,53.15494132896558,edge_extrapolation
Levofloxacin,1.0,62,fixed_gp,141.194985005597,113.15957348309905,785.9842992358109,28.035411522497952,edge_extrapolation
Levofloxacin,1.0,63,fixed_gp,69.0456508949894,113.15957348309905,1946.0381661097317,44.11392258810966,edge_extrapolation
Levofloxacin,1.0,62,finite_gp_mixture,141.194985005597,116.29899704709521,619.8102164298662,24.89598795850179,edge_extrapolation
Levofloxacin,1.0,63,finite_gp_mixture,69.0456508949894,116.29899704709521,2232.8787225707338,47.25334615210582,edge_extrapolation
Levofloxacin,1.0,62,hill,141.194985005597,134.33868791674178,47.00880977064468,6.856297088855229,edge_extrapolation
Levofloxacin,1.0,63,hill,69.0456508949894,134.33868791674178,4263.180683523928,65.29303702175238,edge_extrapolation
Levofloxacin,1.0,62,linear,141.194985005597,123.263132950153,321.5513181383316,17.93185205544401,edge_extrapolation
Levofloxacin,1.0,63,linear,69.0456508949894,123.263132950153,2939.535360401987,54.2174820551636,edge_extrapolation
Levofloxacin,1.0,62,pchip,141.194985005597,123.263132950153,321.5513181383316,17.93185205544401,edge_extrapolation
Levofloxacin,1.0,63,pchip,69.0456508949894,123.263132950153,2939.535360401987,54.2174820551636,edge_extrapolation
Levofloxacin,1.0,62,constant,141.194985005597,134.33868867236114,47.008799409143506,6.856296333235861,edge_extrapolation
Levofloxacin,1.0,63,constant,69.0456508949894,134.33868867236114,4263.180782197294,65.29303777737175,edge_extrapolation
Levofloxacin,3.0,64,nested_gp,136.34283683901,118.08995240033028,333.1677903317966,18.25288443867973,interpolation
Levofloxacin,3.0,65,nested_gp,110.183429061296,118.08995240033028,62.51311131069377,7.90652333903428,interpolation
Levofloxacin,3.0,64,fixed_gp,136.34283683901,120.98904993303137,235.73877235420105,15.353786905978637,interpolation
Levofloxacin,3.0,65,fixed_gp,110.183429061296,120.98904993303137,116.76144242368308,10.805620871735371,interpolation
Levofloxacin,3.0,64,finite_gp_mixture,136.34283683901,118.86580995652506,305.4464686511016,17.47702688248495,interpolation
Levofloxacin,3.0,65,finite_gp_mixture,110.183429061296,118.86580995652506,75.38373800983855,8.682380895229059,interpolation
Levofloxacin,3.0,64,hill,136.34283683901,129.80296449481534,42.769930278362196,6.539872344194663,interpolation
Levofloxacin,3.0,65,hill,110.183429061296,129.80296449481534,384.92617062712117,19.619535433519346,interpolation
Levofloxacin,3.0,64,linear,136.34283683901,121.03197403641998,234.42251975973483,15.310862802590023,interpolation
Levofloxacin,3.0,65,linear,110.183429061296,121.03197403641998,117.69092807728788,10.848544975123986,interpolation
Levofloxacin,3.0,64,pchip,136.34283683901,135.99863755628937,0.11847314622540149,0.3441992827206377,interpolation
Levofloxacin,3.0,65,pchip,110.183429061296,135.99863755628937,666.4249896399779,25.81520849499337,interpolation
Levofloxacin,3.0,64,constant,136.34283683901,129.8029849223962,42.76966309123718,6.539851916613799,interpolation
Levofloxacin,3.0,65,constant,110.183429061296,129.8029849223962,384.9269721868316,19.61955586110021,interpolation
Levofloxacin,10.0,66,nested_gp,168.198244560971,130.231521507548,1441.4720594153223,37.96672305342301,interpolation
Levofloxacin,10.0,67,nested_gp,120.309651505821,130.231521507548,98.44350433117016,9.921870001727001,interpolation
Levofloxacin,10.0,66,fixed_gp,168.198244560971,129.98027381468958,1460.6132879636227,38.21797074628142,interpolation
Levofloxacin,10.0,67,fixed_gp,120.309651505821,129.98027381468958,93.5209358407868,9.670622308868587,interpolation
Levofloxacin,10.0,66,finite_gp_mixture,168.198244560971,128.20892198872184,1599.1459197873967,39.989322572249165,interpolation
Levofloxacin,10.0,67,finite_gp_mixture,120.309651505821,128.20892198872184,62.39847416202856,7.899270482900846,interpolation
Levofloxacin,10.0,66,hill,168.198244560971,124.55527883123824,1904.7084576866287,43.642965729732765,interpolation
Levofloxacin,10.0,67,hill,120.309651505821,124.55527883123824,18.025351386329596,4.245627325417246,interpolation
Levofloxacin,10.0,66,linear,168.198244560971,129.65176792204326,1485.8308612754022,38.54647663892774,interpolation
Levofloxacin,10.0,67,linear,120.309651505821,129.65176792204326,87.2751391342496,9.342116416222268,interpolation
Levofloxacin,10.0,66,pchip,168.198244560971,130.083190020197,1452.7573826461764,38.115054540774,interpolation
Levofloxacin,10.0,67,pchip,120.309651505821,130.083190020197,95.5220550919913,9.773538514376014,interpolation
Levofloxacin,10.0,66,constant,168.198244560971,124.55528115158543,1904.708255152968,43.64296340938557,interpolation
Levofloxacin,10.0,67,constant,120.309651505821,124.55528115158543,18.02537108899387,4.2456296457644385,interpolation
Levofloxacin,15.0,68,nested_gp,141.616910894428,145.7917171035997,17.429006884138513,4.174806209171692,interpolation
Levofloxacin,15.0,69,nested_gp,122.419281172492,145.7917171035997,546.2707613537337,23.372435931107688,interpolation
Levofloxacin,15.0,68,fixed_gp,141.616910894428,143.49874033390188,3.5412820392705613,1.8818294394738757,interpolation
Levofloxacin,15.0,69,fixed_gp,122.419281172492,143.49874033390188,444.3435985375466,21.079459161409872,interpolation
Levofloxacin,15.0,68,finite_gp_mixture,141.616910894428,137.63574737747157,15.849662948744877,3.9811635169564283,interpolation
Levofloxacin,15.0,69,finite_gp_mixture,122.419281172492,137.63574737747157,231.5408437672853,15.216466204979568,interpolation
Levofloxacin,15.0,68,hill,141.616910894428,127.61424453715566,196.0746651130868,14.002666357272346,interpolation
Levofloxacin,15.0,69,hill,122.419281172492,127.61424453715566,26.98764436019747,5.19496336466365,interpolation
Levofloxacin,15.0,68,linear,141.616910894428,142.56887170461118,0.9062293841246177,0.9519608101831807,interpolation
Levofloxacin,15.0,69,linear,122.419281172492,142.56887170461118,406.0059986120668,20.149590532119177,interpolation
Levofloxacin,15.0,68,pchip,141.616910894428,144.13837763158574,6.357794506592888,2.5214667371577377,interpolation
Levofloxacin,15.0,69,pchip,122.419281172492,144.13837763158574,471.719150999418,21.719096459093734,interpolation
Levofloxacin,15.0,68,constant,141.616910894428,127.61424415156942,196.0746759115577,14.00266674285858,interpolation
Levofloxacin,15.0,69,constant,122.419281172492,127.61424415156942,26.987640353984908,5.194962979077417,interpolation
Levofloxacin,45.0,70,nested_gp,137.18668883919,110.62103932887157,705.7337339050814,26.565649510318423,edge_extrapolation
Levofloxacin,45.0,71,nested_gp,138.452466505681,110.62103932887157,774.5883386980464,27.831427176809427,edge_extrapolation
Levofloxacin,45.0,70,fixed_gp,137.18668883919,116.98548974938069,408.08844466611237,20.201199089809307,edge_extrapolation
Levofloxacin,45.0,71,fixed_gp,138.452466505681,116.98548974938069,460.83109105553785,21.466976756300312,edge_extrapolation
Levofloxacin,45.0,70,finite_gp_mixture,137.18668883919,122.14417620743176,226.2771862766063,15.042512631758242,edge_extrapolation
Levofloxacin,45.0,71,finite_gp_mixture,138.452466505681,122.14417620743176,265.9603324519705,16.308290298249247,edge_extrapolation
Levofloxacin,45.0,70,hill,137.18668883919,126.1636516799425,121.50734821415107,11.023037159247494,edge_extrapolation
Levofloxacin,45.0,71,hill,138.452466505681,126.1636516799425,151.01496982129032,12.288814825738498,edge_extrapolation
Levofloxacin,45.0,70,linear,137.18668883919,132.01809603346,26.71435159144377,5.168592805729986,edge_extrapolation
Levofloxacin,45.0,71,linear,138.452466505681,132.01809603346,41.401123373789375,6.434370472220991,edge_extrapolation
Levofloxacin,45.0,70,pchip,137.18668883919,132.01809603346,26.71435159144377,5.168592805729986,edge_extrapolation
Levofloxacin,45.0,71,pchip,138.452466505681,132.01809603346,41.401123373789375,6.434370472220991,edge_extrapolation
Levofloxacin,45.0,70,constant,137.18668883919,126.16387374182554,121.50245267068581,11.022815097364457,edge_extrapolation
Levofloxacin,45.0,71,constant,138.452466505681,126.16387374182554,151.00951211588082,12.288592763855462,edge_extrapolation
Olanzapine,1.0,14,nested_gp,151.743133338953,116.7070488715205,1227.5272148090642,35.03608446743249,edge_extrapolation
Olanzapine,1.0,15,nested_gp,129.802984894581,116.7070488715205,171.50354032009338,13.095936023060489,edge_extrapolation
Olanzapine,1.0,14,fixed_gp,151.743133338953,108.31268133286326,1886.204161453263,43.43045200608972,edge_extrapolation
Olanzapine,1.0,15,fixed_gp,129.802984894581,108.31268133286326,461.8331471747775,21.490303561717724,edge_extrapolation
Olanzapine,1.0,14,finite_gp_mixture,151.743133338953,112.2095547299212,1562.903837636496,39.53357860903179,edge_extrapolation
Olanzapine,1.0,15,finite_gp_mixture,129.802984894581,112.2095547299212,309.5287849587611,17.593430164659793,edge_extrapolation
Olanzapine,1.0,14,hill,151.743133338953,124.12807653477833,762.591362297793,27.615056804174657,edge_extrapolation
Olanzapine,1.0,15,hill,129.802984894581,124.12807653477833,32.20458489215809,5.674908359802657,edge_extrapolation
Olanzapine,1.0,14,linear,151.743133338953,116.6177995335165,1233.789074943339,35.12533380543648,edge_extrapolation
Olanzapine,1.0,15,linear,129.802984894581,116.6177995335165,173.84911300562916,13.185185361064484,edge_extrapolation
Olanzapine,1.0,14,pchip,151.743133338953,116.6177995335165,1233.789074943339,35.12533380543648,edge_extrapolation
Olanzapine,1.0,15,pchip,129.802984894581,116.6177995335165,173.84911300562916,13.185185361064484,edge_extrapolation
Olanzapine,1.0,14,constant,151.743133338953,124.12808115576661,762.5911070801068,27.61505218318638,edge_extrapolation
Olanzapine,1.0,15,constant,129.802984894581,124.12808115576661,32.204532444809416,5.674903738814379,edge_extrapolation
Olanzapine,3.0,16,nested_gp,105.331280894708,135.05220662516984,883.3334262756289,29.720925730461843,interpolation
Olanzapine,3.0,17,nested_gp,127.904318172325,135.05220662516984,51.09230933431259,7.147888452844839,interpolation
Olanzapine,3.0,16,fixed_gp,105.331280894708,140.17743446608296,1214.2544187198475,34.846153571374956,interpolation
Olanzapine,3.0,17,fixed_gp,127.904318172325,140.17743446608296,150.6293835601069,12.273116293757951,interpolation
Olanzapine,3.0,16,finite_gp_mixture,105.331280894708,137.0496808223888,1006.0568939723019,31.718399927680807,interpolation
Olanzapine,3.0,17,finite_gp_mixture,127.904318172325,137.0496808223888,83.63765800118202,9.145362650063802,interpolation
Olanzapine,3.0,16,hill,105.331280894708,140.77305951113695,1256.1196714959603,35.44177861642895,interpolation
Olanzapine,3.0,17,hill,127.904318172325,140.77305951113695,165.60450364524743,12.868741338811944,interpolation
Olanzapine,3.0,16,linear,105.331280894708,138.0281912674529,1069.0879479233135,32.69691037274491,interpolation
Olanzapine,3.0,17,linear,127.904318172325,138.0281912674529,102.49280644625468,10.123873095127905,interpolation
Olanzapine,3.0,16,pchip,105.331280894708,139.5045808031054,1167.8144266292736,34.1732999083974,interpolation
Olanzapine,3.0,17,pchip,127.904318172325,139.5045808031054,134.56609310308002,11.600262630780392,interpolation
Olanzapine,3.0,16,constant,105.331280894708,128.9591330724167,558.2753985316539,23.627852177708704,interpolation
Olanzapine,3.0,17,constant,127.904318172325,128.9591330724167,1.1126344734554616,1.0548149000916993,interpolation
Olanzapine,10.0,18,nested_gp,155.118540894634,106.39696184897986,2373.792264701926,48.72157904565415,interpolation
Olanzapine,10.0,19,nested_gp,112.925947783732,106.39696184897986,42.62765733619131,6.528985934752143,interpolation
Olanzapine,10.0,18,fixed_gp,155.118540894634,106.67677400691353,2346.604779204252,48.441766887720476,interpolation
Olanzapine,10.0,19,fixed_gp,112.925947783732,106.67677400691353,39.052172892875575,6.249173776818466,interpolation
Olanzapine,10.0,18,finite_gp_mixture,155.118540894634,108.16899736031634,2204.25963808079,46.94954353431767,interpolation
Olanzapine,10.0,19,finite_gp_mixture,112.925947783732,108.16899736031634,22.628577330834425,4.75695042341566,interpolation
Olanzapine,10.0,18,hill,155.118540894634,121.65454010819477,1119.8393486348064,33.46400078643924,interpolation
Olanzapine,10.0,19,hill,112.925947783732,121.65454010819477,76.18832396667032,8.728592324462767,interpolation
Olanzapine,10.0,18,linear,155.118540894634,114.84606137136062,1621.8726069524744,40.27247952327339,interpolation
Olanzapine,10.0,19,linear,112.925947783732,114.84606137136062,3.686836189396051,1.9201135876286202,interpolation
Olanzapine,10.0,18,pchip,155.118540894634,113.84180771584583,1703.7687019128728,41.27673317878818,interpolation
Olanzapine,10.0,19,pchip,112.925947783732,113.84180771584583,0.838799415251554,0.9158599321138325,interpolation
Olanzapine,10.0,18,constant,155.118540894634,125.4782441112834,878.5471934051043,29.640296783350607,interpolation
Olanzapine,10.0,19,constant,112.925947783732,125.4782441112834,157.56014309466045,12.552296327551403,interpolation
Olanzapine,30.0,20,nested_gp,113.769799561393,129.11195048454817,235.38159494887114,15.342150923155174,interpolation
Olanzapine,30.0,21,nested_gp,112.293058727967,129.11195048454817,282.8751199195944,16.81889175658118,interpolation
Olanzapine,30.0,20,fixed_gp,113.769799561393,132.99598299063155,369.6461292547269,19.226183429238546,interpolation
Olanzapine,30.0,21,fixed_gp,112.293058727967,132.99598299063155,428.6110730256246,20.702924262664553,interpolation
Olanzapine,30.0,20,finite_gp_mixture,113.769799561393,130.11220547031894,267.0742308920975,16.34240590892594,interpolation
Olanzapine,30.0,21,finite_gp_mixture,112.293058727967,130.11220547031894,317.52199062547203,17.819146742351947,interpolation
Olanzapine,30.0,20,hill,113.769799561393,126.90224421549118,172.46110259295185,13.13244465409818,interpolation
Olanzapine,30.0,21,hill,112.293058727967,126.90224421549118,213.4283006088873,14.609185487524186,interpolation
Olanzapine,30.0,20,linear,113.769799561393,132.93784959723533,367.41414217655506,19.168050035842327,interpolation
Olanzapine,30.0,21,linear,112.293058727967,132.93784959723533,426.2073900358252,20.644790869268334,interpolation
Olanzapine,30.0,20,pchip,113.769799561393,133.47349006822284,388.2354195889365,19.703690506829844,interpolation
Olanzapine,30.0,21,pchip,112.293058727967,133.47349006822284,448.61067175929225,21.18043134025585,interpolation
Olanzapine,30.0,20,constant,113.769799561393,129.676407150184,253.02016498378313,15.90660758879099,interpolation
Olanzapine,30.0,21,constant,112.293058727967,129.676407150184,302.1808023681942,17.383348422216997,interpolation
Olanzapine,100.0,22,nested_gp,122.208318228077,117.23042200752177,24.779450782618117,4.9778962205552375,interpolation
Olanzapine,100.0,23,nested_gp,141.194985005597,117.23042200752177,574.3002796887168,23.964562998075237,interpolation
Olanzapine,100.0,22,fixed_gp,122.208318228077,114.78446510223318,55.113595234101055,7.42385312584382,interpolation
Olanzapine,100.0,23,fixed_gp,141.194985005597,114.78446510223318,697.5155615659764,26.41051990336382,interpolation
Olanzapine,100.0,22,finite_gp_mixture,122.208318228077,116.26064331925156,35.3748368210718,5.947674908825448,interpolation
Olanzapine,100.0,23,finite_gp_mixture,141.194985005597,116.26064331925156,621.7213953314243,24.934341686345448,interpolation
Olanzapine,100.0,22,hill,122.208318228077,122.23468854100064,0.0006953934036902676,0.0263703129236319,interpolation
Olanzapine,100.0,23,hill,141.194985005597,122.23468854100064,359.4928420253855,18.960296464596368,interpolation
Olanzapine,100.0,22,linear,122.208318228077,119.38927780444743,7.9469889100576045,2.8190404236295734,interpolation
Olanzapine,100.0,23,linear,141.194985005597,119.38927780444743,475.48886654226635,21.805707201149573,interpolation
Olanzapine,100.0,22,pchip,122.208318228077,114.74800155132488,55.65632491742593,7.460316676752129,interpolation
Olanzapine,100.0,23,pchip,141.194985005597,114.74800155132488,699.4429338305438,26.44698345427213,interpolation
Olanzapine,100.0,22,constant,122.208318228077,125.94236265575259,13.943087787855085,3.7340444276755846,interpolation
Olanzapine,100.0,23,constant,141.194985005597,125.94236265575259,232.64248854697337,15.252622349844415,interpolation
Olanzapine,300.0,24,nested_gp,132.334540450083,115.27273213772925,291.1053028875039,17.06180831235376,edge_extrapolation
Olanzapine,300.0,25,nested_gp,118.20002183915,115.27273213772925,8.569024996043968,2.9272897014207473,edge_extrapolation
Olanzapine,300.0,24,fixed_gp,132.334540450083,122.66922188433347,93.41838297742282,9.665318565749544,edge_extrapolation
Olanzapine,300.0,25,fixed_gp,118.20002183915,122.66922188433347,19.973749043867933,4.46920004518347,edge_extrapolation
Olanzapine,300.0,24,finite_gp_mixture,132.334540450083,122.98110930809689,87.48667412787579,9.353431141986121,edge_extrapolation
Olanzapine,300.0,25,finite_gp_mixture,118.20002183915,122.98110930809689,22.858797385721008,4.781087468946893,edge_extrapolation
Olanzapine,300.0,24,hill,132.334540450083,123.84328101422217,72.10148680709575,8.49125943586084,edge_extrapolation
Olanzapine,300.0,25,hill,118.20002183915,123.84328101422217,31.846374117036277,5.643259175072174,edge_extrapolation
Olanzapine,300.0,24,linear,132.334540450083,131.701651616837,0.40054827524748277,0.6328888332459996,edge_extrapolation
Olanzapine,300.0,25,linear,118.20002183915,131.701651616837,182.2940066537247,13.501629777687015,edge_extrapolation
Olanzapine,300.0,24,pchip,132.334540450083,131.701651616837,0.40054827524748277,0.6328888332459996,edge_extrapolation
Olanzapine,300.0,25,pchip,118.20002183915,131.701651616837,182.2940066537247,13.501629777687015,edge_extrapolation
Olanzapine,300.0,24,constant,132.334540450083,127.22923675019669,26.064125868072953,5.105303699886321,edge_extrapolation
Olanzapine,300.0,25,constant,118.20002183915,127.22923675019669,81.52672190986796,9.029214911046694,edge_extrapolation
Pioglitazone,1.0,38,nested_gp,105.363511953388,117.5789704718523,149.2174268163221,12.215458518464303,edge_extrapolation
Pioglitazone,1.0,38,fixed_gp,105.363511953388,121.43951861685923,258.4379902439715,16.076006663471233,edge_extrapolation
Pioglitazone,1.0,38,finite_gp_mixture,105.363511953388,123.49795492538198,328.85802190450175,18.134442971993977,edge_extrapolation
Pioglitazone,1.0,38,hill,105.363511953388,110.12722788265035,22.69298945470782,4.7637159292623465,edge_extrapolation
Pioglitazone,1.0,38,linear,105.363511953388,126.390851386435,442.1490036325735,21.027339433047004,edge_extrapolation
Pioglitazone,1.0,38,pchip,105.363511953388,126.390851386435,442.1490036325735,21.027339433047004,edge_extrapolation
Pioglitazone,1.0,38,constant,105.363511953388,90.22878977499863,229.059815417031,15.134722178389367,edge_extrapolation
Pioglitazone,3.0,40,nested_gp,126.390851386435,98.53791963177116,775.7858073299615,27.852931754663842,interpolation
Pioglitazone,3.0,40,fixed_gp,126.390851386435,99.79455717920733,707.3628655574122,26.596294207227672,interpolation
Pioglitazone,3.0,40,finite_gp_mixture,126.390851386435,100.2299965078328,684.390327979285,26.16085487860221,interpolation
Pioglitazone,3.0,40,hill,126.390851386435,105.92175989557185,418.9837064613262,20.46909149086315,interpolation
Pioglitazone,3.0,40,linear,126.390851386435,102.37490895233874,576.7654909978254,24.01594243409626,interpolation
Pioglitazone,3.0,40,pchip,126.390851386435,99.54910139278229,720.4795427217554,26.841749993652712,interpolation
Pioglitazone,3.0,40,constant,126.390851386435,87.89241872688231,1482.1293172421133,38.49843265955269,interpolation
Pioglitazone,10.0,42,nested_gp,99.4088671424351,128.1536036189134,826.2598751021818,28.744736476478295,interpolation
Pioglitazone,10.0,43,nested_gp,96.6176273316712,128.1536036189134,994.5178003895019,31.535976287242192,interpolation
Pioglitazone,10.0,42,fixed_gp,99.4088671424351,123.45655819106338,578.2914447702767,24.04769104862828,interpolation
Pioglitazone,10.0,43,fixed_gp,96.6176273316712,123.45655819106338,720.3282096752338,26.83893085939218,interpolation
Pioglitazone,10.0,42,finite_gp_mixture,99.4088671424351,124.26362554091813,617.7590150469626,24.85475839848303,interpolation
Pioglitazone,10.0,43,finite_gp_mixture,96.6176273316712,124.26362554091813,764.3012169856843,27.645998209246926,interpolation
Pioglitazone,10.0,42,hill,99.4088671424351,115.80032562110003,268.6799110577964,16.39145847866493,interpolation
Pioglitazone,10.0,43,hill,96.6176273316712,115.80032562110003,367.97591366325565,19.182698289428828,interpolation
Pioglitazone,10.0,42,linear,99.4088671424351,120.32356886567752,437.4247481721993,20.914701723242416,interpolation
Pioglitazone,10.0,43,linear,96.6176273316712,120.32356886567752,561.9716640137257,23.705941534006314,interpolation
Pioglitazone,10.0,42,pchip,99.4088671424351,123.00506569475118,556.7805861203236,23.596198552316082,interpolation
Pioglitazone,10.0,43,pchip,96.6176273316712,123.00506569475118,696.2969033653451,26.38743836307998,interpolation
Pioglitazone,10.0,42,constant,99.4088671424351,90.17451568178367,85.2732468988351,9.234351460651425,interpolation
Pioglitazone,10.0,43,constant,96.6176273316712,90.17451568178367,41.51368773291637,6.443111649887527,interpolation
Pioglitazone,30.0,44,nested_gp,119.691875974113,90.47637589485765,853.5454448809693,29.21550007925535,interpolation
Pioglitazone,30.0,45,nested_gp,108.526916953577,90.47637589485765,325.822032512513,18.050541058719347,interpolation
Pioglitazone,30.0,44,fixed_gp,119.691875974113,92.28266880245295,751.2646377789811,27.409207171660057,interpolation
Pioglitazone,30.0,45,fixed_gp,108.526916953577,92.28266880245295,263.87559799529726,16.244248151124054,interpolation
Pioglitazone,30.0,44,finite_gp_mixture,119.691875974113,92.28491668760041,751.1414173325586,27.40695928651259,interpolation
Pioglitazone,30.0,45,finite_gp_mixture,108.526916953577,92.28491668760041,263.80257263998345,16.242000265976586,interpolation
Pioglitazone,30.0,44,hill,119.691875974113,98.3306214462724,456.3031950031905,21.3612545278406,interpolation
Pioglitazone,30.0,45,hill,108.526916953577,98.3306214462724,103.96444207227992,10.196295507304598,interpolation
Pioglitazone,30.0,44,linear,119.691875974113,90.27425586541456,865.396372859699,29.417620108698443,interpolation
Pioglitazone,30.0,45,linear,108.526916953577,90.27425586541456,333.1596367993193,18.25266108816244,interpolation
Pioglitazone,30.0,44,pchip,119.691875974113,90.10228332785323,875.5439929715905,29.589592646259774,interpolation
Pioglitazone,30.0,45,pchip,108.526916953577,90.10228332785323,339.4671242421511,18.42463362572377,interpolation
Pioglitazone,30.0,44,constant,119.691875974113,86.15047837508571,1125.0253528960338,33.54139759902729,interpolation
Pioglitazone,30.0,45,constant,108.526916953577,86.15047837508571,500.70500345699327,22.37643857849129,interpolation
Pioglitazone,100.0,46,nested_gp,84.8944205269977,96.84255806969996,142.7579907393311,11.948137542702256,interpolation
Pioglitazone,100.0,47,nested_gp,78.0093625199635,96.84255806969996,354.68925461461316,18.83319554973646,interpolation
Pioglitazone,100.0,46,fixed_gp,84.8944205269977,83.4408926208915,2.112743373829482,1.4535279061062027,interpolation
Pioglitazone,100.0,47,fixed_gp,78.0093625199635,83.4408926208915,29.501519237286935,5.431530100928001,interpolation
Pioglitazone,100.0,46,finite_gp_mixture,84.8944205269977,85.77962862105191,0.7835933697790811,0.8852080940542066,interpolation
Pioglitazone,100.0,47,finite_gp_mixture,78.0093625199635,85.77962862105191,60.37703528172368,7.77026610108841,interpolation
Pioglitazone,100.0,46,hill,84.8944205269977,109.3085156599629,596.0480411614744,24.414095132965187,interpolation
Pioglitazone,100.0,47,hill,78.0093625199635,109.3085156599629,979.6369872811337,31.29915313999939,interpolation
Pioglitazone,100.0,46,linear,84.8944205269977,80.41290883090133,20.08394708224862,4.481511696096376,interpolation
Pioglitazone,100.0,47,linear,78.0093625199635,80.41290883090133,5.777034868822837,2.403546310937827,interpolation
Pioglitazone,100.0,46,pchip,84.8944205269977,97.11319151846297,149.298364541873,12.218770991465263,interpolation
Pioglitazone,100.0,47,pchip,78.0093625199635,97.11319151846297,364.95628240390914,19.103828998499466,interpolation
Pioglitazone,100.0,46,constant,84.8944205269977,94.31485461017681,88.7445783155225,9.420434083179103,interpolation
Pioglitazone,100.0,47,constant,78.0093625199635,94.31485461017681,265.8690723040087,16.305492090213306,interpolation
Pioglitazone,300.0,48,nested_gp,60.1454280871055,99.13584245637519,1520.252412687352,38.990414369269686,edge_extrapolation
Pioglitazone,300.0,49,nested_gp,38.3737580526897,99.13584245637519,3692.030901080599,60.762084403685485,edge_extrapolation
Pioglitazone,300.0,48,fixed_gp,60.1454280871055,82.32431434050653,491.90299544130124,22.178886253401032,edge_extrapolation
Pioglitazone,300.0,49,fixed_gp,38.3737580526897,82.32431434050653,1931.6513980085556,43.95055628781683,edge_extrapolation
Pioglitazone,300.0,48,finite_gp_mixture,60.1454280871055,81.57447095775508,459.2038783521377,21.42904287064958,edge_extrapolation
Pioglitazone,300.0,49,finite_gp_mixture,38.3737580526897,81.57447095775508,1866.3015955058825,43.20071290506538,edge_extrapolation
Pioglitazone,300.0,48,hill,60.1454280871055,51.03194213048115,83.05562628158928,9.113485956624352,edge_extrapolation
Pioglitazone,300.0,49,hill,38.3737580526897,51.03194213048115,160.2296241472529,12.658184077791446,edge_extrapolation
Pioglitazone,300.0,48,linear,60.1454280871055,81.45189152348061,453.9653841655895,21.30646343637511,edge_extrapolation
Pioglitazone,300.0,49,linear,38.3737580526897,81.45189152348061,1855.7255833272761,43.07813347079091,edge_extrapolation
Pioglitazone,300.0,48,pchip,60.1454280871055,81.4518915234806,453.9653841655889,21.306463436375097,edge_extrapolation
Pioglitazone,300.0,49,pchip,38.3737580526897,81.4518915234806,1855.7255833272748,43.078133470790895,edge_extrapolation
Pioglitazone,300.0,48,constant,60.1454280871055,102.36292922357256,1782.3174022075978,42.217501136467064,edge_extrapolation
Pioglitazone,300.0,49,constant,38.3737580526897,102.36292922357256,4094.6140271365466,63.98917117088286,edge_extrapolation
Troglitazone,0.98,26,nested_gp,86.9413297363926,100.10205587377926,173.20471246329242,13.16072613738666,edge_extrapolation
Troglitazone,0.98,27,nested_gp,104.619181352019,100.10205587377926,20.404422586162546,4.517125478239734,edge_extrapolation
Troglitazone,0.98,26,fixed_gp,86.9413297363926,102.49041157371713,241.77394598381534,15.549081837324522,edge_extrapolation
Troglitazone,0.98,27,fixed_gp,104.619181352019,102.49041157371713,4.531660769011405,2.128769778301873,edge_extrapolation
Troglitazone,0.98,26,finite_gp_mixture,86.9413297363926,101.05806323829914,199.28216476385043,14.116733501906538,edge_extrapolation
Troglitazone,0.98,27,finite_gp_mixture,104.619181352019,101.05806323829914,12.681562219863673,3.561118113719857,edge_extrapolation
Troglitazone,0.98,26,hill,86.9413297363926,94.26834641680404,53.685173435027366,7.3270166804114325,edge_extrapolation
Troglitazone,0.98,27,hill,104.619181352019,94.26834641680404,107.13978385606653,10.350834935214962,edge_extrapolation
Troglitazone,0.98,26,linear,86.9413297363926,100.5253630444887,184.52596091546417,13.584033308096096,edge_extrapolation
Troglitazone,0.98,27,linear,104.619181352019,100.5253630444887,16.75934833507024,4.093818307530299,edge_extrapolation
Troglitazone,0.98,26,pchip,86.9413297363926,100.5253630444887,184.52596091546417,13.584033308096096,edge_extrapolation
Troglitazone,0.98,27,pchip,104.619181352019,100.5253630444887,16.75934833507024,4.093818307530299,edge_extrapolation
Troglitazone,0.98,26,constant,86.9413297363926,75.41466719145083,132.86394942496352,11.526662544941772,edge_extrapolation
Troglitazone,0.98,27,constant,104.619181352019,75.41466719145083,852.9036473548266,29.204514160568166,edge_extrapolation
Troglitazone,2.95,28,nested_gp,93.4542223314824,98.81650655631269,28.754092107863787,5.36228422483029,interpolation
Troglitazone,2.95,29,nested_gp,107.596503757495,98.81650655631269,77.08835085276922,8.779997201182312,interpolation
Troglitazone,2.95,28,fixed_gp,93.4542223314824,95.40277807725887,3.7968694943985115,1.9485557457764742,interpolation
Troglitazone,2.95,29,fixed_gp,107.596503757495,95.40277807725887,148.68694596485003,12.193725680236128,interpolation
Troglitazone,2.95,28,finite_gp_mixture,93.4542223314824,96.05310599611252,6.7541963022812945,2.5988836646301223,interpolation
Troglitazone,2.95,29,finite_gp_mixture,107.596503757495,96.05310599611252,133.25003187749004,11.54339776138248,interpolation
Troglitazone,2.95,28,hill,93.4542223314824,93.0820677271076,0.1384990495573633,0.3721546043747992,interpolation
Troglitazone,2.95,29,hill,107.596503757495,93.0820677271076,210.66885328020797,14.514436030387401,interpolation
Troglitazone,2.95,28,linear,93.4542223314824,93.28310968387616,0.029279538170815946,0.17111264760623612,interpolation
Troglitazone,2.95,29,linear,107.596503757495,93.28310968387616,204.87324990670686,14.313394073618838,interpolation
Troglitazone,2.95,28,pchip,93.4542223314824,94.5595492935686,1.2217476931146976,1.1053269620861954,interpolation
Troglitazone,2.95,29,pchip,107.596503757495,94.5595492935686,169.96218169449065,13.036954463926406,interpolation
Troglitazone,2.95,28,constant,93.4542223314824,74.46564569139424,360.5660428165016,18.988576640088155,interpolation
Troglitazone,2.95,29,constant,107.596503757495,74.46564569139424,1097.6537561961136,33.13085806610076,interpolation
Troglitazone,9.82,30,nested_gp,106.666090561414,98.69232210403193,63.58098341194115,7.973768457382064,interpolation
Troglitazone,9.82,31,nested_gp,72.6129657156675,98.69232210403193,680.1328296313246,26.07935638836443,interpolation
Troglitazone,9.82,30,fixed_gp,106.666090561414,83.327182145214,544.7046460597711,23.3389084162,interpolation
Troglitazone,9.82,31,fixed_gp,72.6129657156675,83.327182145214,114.79443369916407,10.714216429546497,interpolation
Troglitazone,9.82,30,finite_gp_mixture,106.666090561414,90.32484979487431,267.0361497900185,16.341240766539684,interpolation
Troglitazone,9.82,31,finite_gp_mixture,72.6129657156675,90.32484979487431,313.71083763525974,17.71188407920681,interpolation
Troglitazone,9.82,30,hill,106.666090561414,95.80352817626418,117.99526157127163,10.862562385149815,interpolation
Troglitazone,9.82,31,hill,72.6129657156675,95.80352817626418,537.8021872388359,23.19056246059668,interpolation
Troglitazone,9.82,30,linear,106.666090561414,88.1807638425784,341.7073039020971,18.485326718835594,interpolation
Troglitazone,9.82,31,linear,72.6129657156675,88.1807638425784,242.35633852025057,15.567798126910901,interpolation
Troglitazone,9.82,30,pchip,106.666090561414,88.26547778760838,338.5825504515385,18.40061277380562,interpolation
Troglitazone,9.82,31,pchip,72.6129657156675,88.26547778760838,245.00113416225486,15.652512071940876,interpolation
Troglitazone,9.82,30,constant,106.666090561414,76.64281267258383,901.3972151899183,30.023277888830165,interpolation
Troglitazone,9.82,31,constant,72.6129657156675,76.64281267258383,16.239666496167807,4.02984695691633,interpolation
Troglitazone,29.47,32,nested_gp,65.5418248914015,99.91213920596066,1181.3185060815897,34.37031431455915,interpolation
Troglitazone,29.47,33,nested_gp,85.4526685336544,99.91213920596066,209.07629212328465,14.459470672306253,interpolation
Troglitazone,29.47,32,fixed_gp,65.5418248914015,113.5202277278542,2301.9271387369326,47.9784028364527,interpolation
Troglitazone,29.47,33,fixed_gp,85.4526685336544,113.5202277278542,787.7878791199098,28.067559194199802,interpolation
Troglitazone,29.47,32,finite_gp_mixture,65.5418248914015,106.04787016676308,1640.7397038496415,40.50604527536157,interpolation
Troglitazone,29.47,33,finite_gp_mixture,85.4526685336544,106.04787016676308,424.16233030840215,20.595201633108672,interpolation
Troglitazone,29.47,32,hill,65.5418248914015,99.33910328176663,1142.2560265958411,33.79727839036512,interpolation
Troglitazone,29.47,33,hill,85.4526685336544,99.33910328176663,192.83307001357855,13.886434748112222,interpolation
Troglitazone,29.47,32,linear,65.5418248914015,99.8127436853844,1174.4958749837704,34.2709187939829,interpolation
Troglitazone,29.47,33,linear,85.4526685336544,99.8127436853844,206.21175836333342,14.360075151730001,interpolation
Troglitazone,29.47,32,pchip,65.5418248914015,99.45796090919669,1150.3042823775836,33.91613601779518,interpolation
Troglitazone,29.47,33,pchip,85.4526685336544,99.45796090919669,196.1482145244228,14.005292375542282,interpolation
Troglitazone,29.47,32,constant,65.5418248914015,79.47126895778639,194.02941199854519,13.929444066384889,interpolation
Troglitazone,29.47,33,constant,85.4526685336544,79.47126895778639,35.77714088619402,5.981399575868011,interpolation
Troglitazone,98.2,34,nested_gp,96.2454621422464,35.918400655791174,3639.354347590549,60.32706148645522,interpolation
Troglitazone,98.2,35,nested_gp,126.576933981147,35.918400655791174,8218.969664704651,90.65853332535582,interpolation
Troglitazone,98.2,34,fixed_gp,96.2454621422464,37.102889367922366,3497.843914366214,59.14257277432403,interpolation
Troglitazone,98.2,35,fixed_gp,126.576933981147,37.102889367922366,8005.604659449312,89.47404461322463,interpolation
Troglitazone,98.2,34,finite_gp_mixture,96.2454621422464,37.93704625187503,3399.871363644512,58.308415890371364,interpolation
Troglitazone,98.2,35,finite_gp_mixture,126.576933981147,37.93704625187503,7857.029696657938,88.63988772927196,interpolation
Troglitazone,98.2,34,hill,96.2454621422464,18.964843969566985,5972.293945151468,77.28061817267941,interpolation
Troglitazone,98.2,35,hill,126.576933981147,18.964843969566985,11580.361916660398,107.61209001158001,interpolation
Troglitazone,98.2,34,linear,96.2454621422464,36.2849607227153,3595.261730481591,59.9605014195311,interpolation
Troglitazone,98.2,35,linear,126.576933981147,36.2849607227153,8152.640434901345,90.2919732584317,interpolation
Troglitazone,98.2,34,pchip,96.2454621422464,44.284862296910525,2699.903936287118,51.96059984533587,interpolation
Troglitazone,98.2,35,pchip,126.576933981147,44.284862296910525,6771.985062083515,82.29207168423648,interpolation
Troglitazone,98.2,34,constant,96.2454621422464,72.28847868795265,573.9370562293044,23.95698345429375,interpolation
Troglitazone,98.2,35,constant,126.576933981147,72.28847868795265,2947.236378121161,54.288455293194346,interpolation
Troglitazone,294.72,36,nested_gp,0.0,101.3487744765113,10271.574087890747,101.3487744765113,edge_extrapolation
Troglitazone,294.72,37,nested_gp,0.0,101.3487744765113,10271.574087890747,101.3487744765113,edge_extrapolation
Troglitazone,294.72,36,fixed_gp,0.0,114.11451407247894,13022.122321997995,114.11451407247894,edge_extrapolation
Troglitazone,294.72,37,fixed_gp,0.0,114.11451407247894,13022.122321997995,114.11451407247894,edge_extrapolation
Troglitazone,294.72,36,finite_gp_mixture,0.0,113.74629888733125,12938.220510566094,113.74629888733125,edge_extrapolation
Troglitazone,294.72,37,finite_gp_mixture,0.0,113.74629888733125,12938.220510566094,113.74629888733125,edge_extrapolation
Troglitazone,294.72,36,hill,0.0,92.18264609244672,8497.640240605282,92.18264609244672,edge_extrapolation
Troglitazone,294.72,37,hill,0.0,92.18264609244672,8497.640240605282,92.18264609244672,edge_extrapolation
Troglitazone,294.72,36,linear,0.0,111.4111980616967,12412.45505354261,111.4111980616967,edge_extrapolation
Troglitazone,294.72,37,linear,0.0,111.4111980616967,12412.45505354261,111.4111980616967,edge_extrapolation
Troglitazone,294.72,36,pchip,0.0,111.41119806169668,12412.455053542606,111.41119806169668,edge_extrapolation
Troglitazone,294.72,37,pchip,0.0,111.41119806169668,12412.455053542606,111.41119806169668,edge_extrapolation
Troglitazone,294.72,36,constant,0.0,94.57071830029199,8943.620759833182,94.57071830029199,edge_extrapolation
Troglitazone,294.72,37,constant,0.0,94.57071830029199,8943.620759833182,94.57071830029199,edge_extrapolation
Trovafloxacin,1.0,50,nested_gp,125.68987893106,105.7729801117531,396.68285857850833,19.916898819306894,edge_extrapolation
Trovafloxacin,1.0,51,nested_gp,103.881661404813,105.7729801117531,3.5770864512215628,1.8913187069400976,edge_extrapolation
Trovafloxacin,1.0,50,fixed_gp,125.68987893106,107.62305277627365,326.4102073072718,18.06682615478634,edge_extrapolation
Trovafloxacin,1.0,51,fixed_gp,103.881661404813,107.62305277627365,13.99800939444021,3.741391371460651,edge_extrapolation
Trovafloxacin,1.0,50,finite_gp_mixture,125.68987893106,108.12851668198898,308.4014440430964,17.56136224907101,edge_extrapolation
Trovafloxacin,1.0,51,finite_gp_mixture,103.881661404813,108.12851668198898,18.035779745277484,4.246855277175982,edge_extrapolation
Trovafloxacin,1.0,50,hill,125.68987893106,103.20461010499096,505.5873141805918,22.48526882606903,edge_extrapolation
Trovafloxacin,1.0,51,hill,103.881661404813,103.20461010499096,0.4583984625907135,0.6770512998220397,edge_extrapolation
Trovafloxacin,1.0,50,linear,125.68987893106,107.19565524894901,342.0363096039548,18.494223682110984,edge_extrapolation
Trovafloxacin,1.0,51,linear,103.881661404813,107.19565524894901,10.982555198971351,3.3139938441360073,edge_extrapolation
Trovafloxacin,1.0,50,pchip,125.68987893106,107.19565524894901,342.0363096039548,18.494223682110984,edge_extrapolation
Trovafloxacin,1.0,51,pchip,103.881661404813,107.19565524894901,10.982555198971351,3.3139938441360073,edge_extrapolation
Trovafloxacin,1.0,50,constant,125.68987893106,76.64277026036811,2405.618868954659,49.047108670691884,edge_extrapolation
Trovafloxacin,1.0,51,constant,103.881661404813,76.64277026036811,741.9571907789184,27.238891144444892,edge_extrapolation
Trovafloxacin,3.0,52,nested_gp,113.930545863958,111.07268340845044,8.167377814599687,2.857862455507558,interpolation
Trovafloxacin,3.0,53,nested_gp,100.46076463394,111.07268340845044,112.61282007680721,10.611918774510443,interpolation
Trovafloxacin,3.0,52,fixed_gp,113.930545863958,105.24728798903166,75.39896732247031,8.68325787492634,interpolation
Trovafloxacin,3.0,53,fixed_gp,100.46076463394,105.24728798903166,22.910805828837923,4.78652335509166,interpolation
Trovafloxacin,3.0,52,finite_gp_mixture,113.930545863958,105.76199306302314,66.72525486166077,8.168552800934862,interpolation
Trovafloxacin,3.0,53,finite_gp_mixture,100.46076463394,105.76199306302314,28.103022857319285,5.301228429083139,interpolation
Trovafloxacin,3.0,52,hill,113.930545863958,105.7346522818693,67.17267160892276,8.1958935820887,interpolation
Trovafloxacin,3.0,53,hill,100.46076463394,105.7346522818693,27.81389092298124,5.2738876479293,interpolation
Trovafloxacin,3.0,52,linear,113.930545863958,107.00525635223732,47.95963482114842,6.925289511720678,interpolation
Trovafloxacin,3.0,53,linear,100.46076463394,107.00525635223732,42.83037185086224,6.544491718297323,interpolation
Trovafloxacin,3.0,52,pchip,113.930545863958,101.79493792867112,147.272979958998,12.135607935286885,interpolation
Trovafloxacin,3.0,53,pchip,100.46076463394,101.79493792867112,1.7800183803736807,1.3341732947311158,interpolation
Trovafloxacin,3.0,52,constant,113.930545863958,78.1607932441656,1279.4752024811453,35.7697526197924,interpolation
Trovafloxacin,3.0,53,constant,100.46076463394,78.1607932441656,497.28872398475676,22.2999713897744,interpolation
Trovafloxacin,10.0,54,nested_gp,86.1357590999432,112.97016163317016,720.0851593152577,26.834402533226964,interpolation
Trovafloxacin,10.0,55,nested_gp,105.16449786078,112.97016163317016,60.92838692760421,7.805663772390162,interpolation
Trovafloxacin,10.0,54,fixed_gp,86.1357590999432,112.16473553304405,677.5076141549196,26.02897643310085,interpolation
Trovafloxacin,10.0,55,fixed_gp,105.16449786078,112.16473553304405,49.00332746818479,7.000237672264049,interpolation
Trovafloxacin,10.0,54,finite_gp_mixture,86.1357590999432,111.32423541397512,634.4593390225469,25.188476314031917,interpolation
Trovafloxacin,10.0,55,finite_gp_mixture,105.16449786078,111.32423541397512,37.942366724242135,6.159737553195114,interpolation
Trovafloxacin,10.0,54,hill,86.1357590999432,110.90319965925792,613.4261118591879,24.76744055931472,interpolation
Trovafloxacin,10.0,55,hill,105.16449786078,110.90319965925792,32.93269833185371,5.738701798477919,interpolation
Trovafloxacin,10.0,54,linear,86.1357590999432,106.98440641265614,434.66609476989254,20.84864731271294,interpolation
Trovafloxacin,10.0,55,linear,105.16449786078,106.98440641265614,3.3120671371919066,1.8199085518761393,interpolation
Trovafloxacin,10.0,54,pchip,86.1357590999432,106.97497321034798,434.27284473929376,20.839214110404782,interpolation
Trovafloxacin,10.0,55,pchip,105.16449786078,106.97497321034798,3.2778209913933,1.8104753495679802,interpolation
Trovafloxacin,10.0,54,constant,86.1357590999432,80.46989859788309,32.101975228804875,5.665860502060113,interpolation
Trovafloxacin,10.0,55,constant,105.16449786078,80.46989859788309,609.8232327550688,24.694599262896915,interpolation
Trovafloxacin,30.0,56,nested_gp,111.151067321069,72.99263493083936,1456.065962479726,38.158432390229635,interpolation
Trovafloxacin,30.0,57,nested_gp,102.385019095371,72.99263493083936,863.9122468754108,29.39238416453165,interpolation
Trovafloxacin,30.0,56,fixed_gp,111.151067321069,76.71147682224486,1186.0853937266975,34.43959049882413,interpolation
Trovafloxacin,30.0,57,fixed_gp,102.385019095371,76.71147682224486,659.1307728499952,25.673542273126145,interpolation
Trovafloxacin,30.0,56,finite_gp_mixture,111.151067321069,74.20729165413583,1364.842560528683,36.94377566693316,interpolation
Trovafloxacin,30.0,57,finite_gp_mixture,102.385019095371,74.20729165413583,793.9843237525379,28.177727441235177,interpolation
Trovafloxacin,30.0,56,hill,111.151067321069,72.66389397186447,1481.2625124117192,38.487173349204525,interpolation
Trovafloxacin,30.0,57,hill,102.385019095371,72.66389397186447,883.3452786071316,29.72112512350654,interpolation
Trovafloxacin,30.0,56,linear,111.151067321069,72.0214398007272,1531.1277498806903,39.1296275203418,interpolation
Trovafloxacin,30.0,57,linear,102.385019095371,72.0214398007272,921.9469475821224,30.363579294643813,interpolation
Trovafloxacin,30.0,56,pchip,111.151067321069,73.14527089556707,1444.440561936695,38.00579642550193,interpolation
Trovafloxacin,30.0,57,pchip,102.385019095371,73.14527089556707,854.9628747879378,29.23974819980394,interpolation
Trovafloxacin,30.0,56,constant,111.151067321069,78.24631565231141,1082.722682382605,32.904751668757584,interpolation
Trovafloxacin,30.0,57,constant,102.385019095371,78.24631565231141,582.6770039119773,24.138703443059597,interpolation
Trovafloxacin,100.0,58,nested_gp,56.4167176519772,93.13689304749339,1348.3712810774723,36.720175395516186,interpolation
Trovafloxacin,100.0,59,nested_gp,33.7532758217525,93.13689304749339,3526.4139948133097,59.383617225740885,interpolation
Trovafloxacin,100.0,58,fixed_gp,56.4167176519772,68.88693639581172,155.50635551908167,12.470218743834515,interpolation
Trovafloxacin,100.0,59,fixed_gp,33.7532758217525,68.88693639581172,1234.3741053332028,35.13366057405921,interpolation
Trovafloxacin,100.0,58,finite_gp_mixture,56.4167176519772,71.29768620620125,221.44322511180494,14.880968554224047,interpolation
Trovafloxacin,100.0,59,finite_gp_mixture,33.7532758217525,71.29768620620125,1409.5827511159027,37.544410384448746,interpolation
Trovafloxacin,100.0,58,hill,56.4167176519772,106.00271160134803,2458.77079594704,49.585993949370824,interpolation
Trovafloxacin,100.0,59,hill,33.7532758217525,106.00271160134803,5219.980970469898,72.24943577959553,interpolation
Trovafloxacin,100.0,58,linear,56.4167176519772,66.10713702566963,93.90422763803356,9.690419373692428,interpolation
Trovafloxacin,100.0,59,linear,33.7532758217525,66.10713702566963,1046.7723348023337,32.35386120391713,interpolation
Trovafloxacin,100.0,58,pchip,56.4167176519772,84.63570700915204,796.3113603403469,28.21898935717484,interpolation
Trovafloxacin,100.0,59,pchip,33.7532758217525,84.63570700915204,2589.021803540449,50.88243118739954,interpolation
Trovafloxacin,100.0,58,constant,56.4167176519772,90.58292494658244,1167.329720897936,34.166207294605236,interpolation
Trovafloxacin,100.0,59,constant,33.7532758217525,90.58292494658244,3229.6090196512837,56.829649124829935,interpolation
Trovafloxacin,300.0,60,nested_gp,23.4905852866127,97.47050104450554,5473.027935544921,73.97991575789284,edge_extrapolation
Trovafloxacin,300.0,61,nested_gp,33.5394699682774,97.47050104450554,4087.1767344696477,63.93103107622814,edge_extrapolation
Trovafloxacin,300.0,60,fixed_gp,23.4905852866127,55.9660585602895,1054.656364349296,32.4754732736768,edge_extrapolation
Trovafloxacin,300.0,61,fixed_gp,33.5394699682774,55.9660585602895,502.951875875367,22.426588592012095,edge_extrapolation
Trovafloxacin,300.0,60,finite_gp_mixture,23.4905852866127,57.92225511615479,1185.539887250599,34.43166982954209,edge_extrapolation
Trovafloxacin,300.0,61,finite_gp_mixture,33.5394699682774,57.92225511615479,594.52021156755,24.382785147877385,edge_extrapolation
Trovafloxacin,300.0,60,hill,23.4905852866127,4.965903502173148,343.1638352147465,18.52468178443955,edge_extrapolation
Trovafloxacin,300.0,61,hill,33.5394699682774,4.965903502173148,816.4487005928775,28.573566466104253,edge_extrapolation
Trovafloxacin,300.0,60,linear,23.4905852866127,45.08499673686485,466.3186058827813,21.594411450252153,edge_extrapolation
Trovafloxacin,300.0,61,linear,33.5394699682774,45.08499673686485,133.29918836416937,11.54552676858745,edge_extrapolation
Trovafloxacin,300.0,60,pchip,23.4905852866127,45.08499673686485,466.3186058827813,21.594411450252153,edge_extrapolation
Trovafloxacin,300.0,61,pchip,33.5394699682774,45.08499673686485,133.29918836416937,11.54552676858745,edge_extrapolation
Trovafloxacin,300.0,60,constant,23.4905852866127,93.8969187684664,4957.051794357994,70.40633348185371,edge_extrapolation
Trovafloxacin,300.0,61,constant,33.5394699682774,93.8969187684664,3643.021625667437,60.357448800189005,edge_extrapolation
