policy,method,budget,mse,coverage90,interval_width90,crps,rmse
ivr,diagonal_matched,3,0.528648526465,0.893737852284,2.17728674892,0.381793191632,0.727082200625
ivr,diagonal_matched,4,0.428068203813,0.883612730807,1.82625360733,0.334189999548,0.65426921356
ivr,diagonal_matched,5,0.373713711446,0.893397716229,1.74356725419,0.313807405348,0.611321283325
ivr,diagonal_matched,6,0.362866032346,0.882470845481,1.68658704033,0.30968178984,0.602383625563
ivr,diagonal_matched,7,0.356950422723,0.886892614189,1.6470250617,0.304763696365,0.597453280787
ivr,diagonal_matched,8,0.36007933687,0.890372934888,1.62195843068,0.306227518205,0.600066110416
ivr,diagonal_matched,9,0.329983759256,0.885477405248,1.59858020906,0.299633227845,0.574442128727
ivr,diagonal_matched,10,0.326362011851,0.877994412051,1.58236275887,0.297365768605,0.571281027036
ivr,diagonal_matched,11,0.327450381996,0.868306608358,1.5681755777,0.298663266258,0.572232804019
ivr,diagonal_matched,12,0.324381543694,0.872983479106,1.55764283322,0.297402043006,0.569545032192
ivr,diagonal_matched,13,0.314731287062,0.876044703596,1.54810941281,0.292777540448,0.561009168429
ivr,diagonal_matched,14,0.312966979326,0.872096695821,1.53945247205,0.291697581921,0.55943451746
ivr,diagonal_matched,15,0.311472908771,0.876943634597,1.53582590598,0.290856765637,0.558097579972
ivr,diagonal_matched,16,0.311472908771,0.876943634597,1.53582590598,0.290856765637,0.558097579972
ivr,diagonal_tuned,3,0.528648526465,0.893737852284,2.17728674892,0.381793191632,0.727082200625
ivr,diagonal_tuned,4,0.428068203813,0.883612730807,1.82625360733,0.334189999548,0.65426921356
ivr,diagonal_tuned,5,0.373713711446,0.893397716229,1.74356725419,0.313807405348,0.611321283325
ivr,diagonal_tuned,6,0.362866032346,0.882470845481,1.68658704033,0.30968178984,0.602383625563
ivr,diagonal_tuned,7,0.356950422723,0.886892614189,1.6470250617,0.304763696365,0.597453280787
ivr,diagonal_tuned,8,0.36007933687,0.890372934888,1.62195843068,0.306227518205,0.600066110416
ivr,diagonal_tuned,9,0.329983759256,0.885477405248,1.59858020906,0.299633227845,0.574442128727
ivr,diagonal_tuned,10,0.326362011851,0.877994412051,1.58236275887,0.297365768605,0.571281027036
ivr,diagonal_tuned,11,0.327450381996,0.868306608358,1.5681755777,0.298663266258,0.572232804019
ivr,diagonal_tuned,12,0.324381543694,0.872983479106,1.55764283322,0.297402043006,0.569545032192
ivr,diagonal_tuned,13,0.314731287062,0.876044703596,1.54810941281,0.292777540448,0.561009168429
ivr,diagonal_tuned,14,0.312966979326,0.872096695821,1.53945247205,0.291697581921,0.55943451746
ivr,diagonal_tuned,15,0.311472908771,0.876943634597,1.53582590598,0.290856765637,0.558097579972
ivr,diagonal_tuned,16,0.311472908771,0.876943634597,1.53582590598,0.290856765637,0.558097579972
ivr,joint,3,0.499432717178,0.904603984451,2.20461756602,0.370699721235,0.706705537815
ivr,joint,4,0.417472313387,0.911522108844,1.85080240754,0.324609957191,0.646120974266
ivr,joint,5,0.397341560115,0.899981778426,1.78762960151,0.317296896736,0.630350347121
ivr,joint,6,0.346422535223,0.898912779397,1.72767574084,0.298796929438,0.588576702922
ivr,joint,7,0.332284402504,0.898767006803,1.68310722727,0.292982045285,0.576441152681
ivr,joint,8,0.327765359449,0.899665937804,1.65823435935,0.288859524195,0.572507955795
ivr,joint,9,0.328757749323,0.89217079689,1.64249492605,0.289069641503,0.57337400475
ivr,joint,10,0.297290705842,0.893786443149,1.62969859544,0.281083329164,0.545243712336
ivr,joint,11,0.29891010326,0.894916180758,1.61978067312,0.280776114917,0.546726717163
ivr,joint,12,0.300068960046,0.893094023324,1.61129374183,0.281800144915,0.547785505509
ivr,joint,13,0.291760649296,0.903723275024,1.60516134825,0.278388526977,0.540148728867
ivr,joint,14,0.28887091534,0.901682458698,1.59931184878,0.277032301975,0.537467129543
ivr,joint,15,0.280417848976,0.91163143829,1.59430028191,0.271833053149,0.52954494519
ivr,joint,16,0.277737593107,0.906529397473,1.59031163293,0.270467528153,0.52700815279
ivr,linear,3,0.554463424738,,,,0.744623008467
ivr,linear,4,0.442544603437,,,,0.665240259934
ivr,linear,5,0.416057713991,,,,0.645025359184
ivr,linear,6,0.371672123341,,,,0.609649180547
ivr,linear,7,0.360751112797,,,,0.600625601183
ivr,linear,8,0.354048642088,,,,0.595019866969
ivr,linear,9,0.353737258595,,,,0.594758151348
ivr,linear,10,0.325419848183,,,,0.570455824918
ivr,linear,11,0.32660948546,,,,0.571497581325
ivr,linear,12,0.345364037886,,,,0.587676814147
ivr,linear,13,0.318831154867,,,,0.564651356916
ivr,linear,14,0.314771991565,,,,0.561045445187
ivr,linear,15,0.305881625955,,,,0.553065661522
ivr,linear,16,0.28955279162,,,,0.538101097955
ivr,pchip,3,0.788330029041,,,,0.887879512682
ivr,pchip,4,0.471697461179,,,,0.68680234506
ivr,pchip,5,0.437988051542,,,,0.661806657221
ivr,pchip,6,0.372526468293,,,,0.610349464072
ivr,pchip,7,0.356388857584,,,,0.596983130066
ivr,pchip,8,0.35614404951,,,,0.596778057162
ivr,pchip,9,0.355597453466,,,,0.596319925431
ivr,pchip,10,0.327280043054,,,,0.572083947558
ivr,pchip,11,0.328389569496,,,,0.573052850526
ivr,pchip,12,0.345364037886,,,,0.587676814147
ivr,pchip,13,0.318831154867,,,,0.564651356916
ivr,pchip,14,0.314771991565,,,,0.561045445187
ivr,pchip,15,0.305881625955,,,,0.553065661522
ivr,pchip,16,0.28955279162,,,,0.538101097955
random,diagonal_matched,3,0.528648526465,0.893737852284,2.17728674892,0.381793191632,0.727082200625
random,diagonal_matched,4,0.466863275977,0.890530551506,1.96309713434,0.35569449163,0.683273939191
random,diagonal_matched,5,0.414953587372,0.891213556851,1.83423133597,0.334462756974,0.644168912144
random,diagonal_matched,6,0.377730440586,0.890040998542,1.74142913692,0.317469105076,0.614597787652
random,diagonal_matched,7,0.361195028964,0.889033649174,1.69038900865,0.310035124452,0.600995032395
random,diagonal_matched,8,0.351295377391,0.888167213314,1.65652656792,0.305911282917,0.592701760914
random,diagonal_matched,9,0.341768628092,0.88864552964,1.63160710748,0.301609711573,0.584609808413
random,diagonal_matched,10,0.336536704613,0.885871598639,1.60974127193,0.299684077461,0.580117836834
random,diagonal_matched,11,0.332622080315,0.883983236152,1.59132056594,0.297554702442,0.576733977077
random,diagonal_matched,12,0.324152688954,0.880225340136,1.57581228074,0.295410065417,0.569344086607
random,diagonal_matched,13,0.320734849601,0.879295432459,1.56346635514,0.293811807455,0.566334573906
random,diagonal_matched,14,0.320397184732,0.876303449951,1.55296705731,0.29376175748,0.566036381103
random,diagonal_matched,15,0.314471122669,0.874960519922,1.54323994941,0.291983988965,0.560777248708
random,diagonal_matched,16,0.311472908771,0.876943634597,1.53582590598,0.290856765637,0.558097579972
random,diagonal_tuned,3,0.528648526465,0.893737852284,2.17728674892,0.381793191632,0.727082200625
random,diagonal_tuned,4,0.466863275977,0.890530551506,1.96309713434,0.35569449163,0.683273939191
random,diagonal_tuned,5,0.414953587372,0.891213556851,1.83423133597,0.334462756974,0.644168912144
random,diagonal_tuned,6,0.377730440586,0.890040998542,1.74142913692,0.317469105076,0.614597787652
random,diagonal_tuned,7,0.361195028964,0.889033649174,1.69038900865,0.310035124452,0.600995032395
random,diagonal_tuned,8,0.351295377391,0.888167213314,1.65652656792,0.305911282917,0.592701760914
random,diagonal_tuned,9,0.341768628092,0.88864552964,1.63160710748,0.301609711573,0.584609808413
random,diagonal_tuned,10,0.336536704613,0.885871598639,1.60974127193,0.299684077461,0.580117836834
random,diagonal_tuned,11,0.332622080315,0.883983236152,1.59132056594,0.297554702442,0.576733977077
random,diagonal_tuned,12,0.324152688954,0.880225340136,1.57581228074,0.295410065417,0.569344086607
random,diagonal_tuned,13,0.320734849601,0.879295432459,1.56346635514,0.293811807455,0.566334573906
random,diagonal_tuned,14,0.320397184732,0.876303449951,1.55296705731,0.29376175748,0.566036381103
random,diagonal_tuned,15,0.314471122669,0.874960519922,1.54323994941,0.291983988965,0.560777248708
random,diagonal_tuned,16,0.311472908771,0.876943634597,1.53582590598,0.290856765637,0.558097579972
random,joint,3,0.499432717178,0.904603984451,2.20461756602,0.370699721235,0.706705537815
random,joint,4,0.439055381729,0.906314382896,2.00086620126,0.342657092724,0.662612542689
random,joint,5,0.390442283477,0.908685313411,1.87841689579,0.320833712643,0.624853809684
random,joint,6,0.353210601753,0.909200072886,1.78769739756,0.303365297459,0.594315237692
random,joint,7,0.335596881449,0.911327441691,1.73825848408,0.294911688264,0.579307242704
random,joint,8,0.325119471282,0.907577745384,1.70332711124,0.290438969313,0.570192486168
random,joint,9,0.316565048604,0.908992650632,1.68694370586,0.286478217,0.562641136609
random,joint,10,0.310569793025,0.907270408163,1.66813846986,0.284117445322,0.557287890614
random,joint,11,0.305992907261,0.911359936832,1.65226504643,0.281669511997,0.553166256438
random,joint,12,0.295603928247,0.911104834791,1.63325140731,0.27817806191,0.543694701323
random,joint,13,0.29081271229,0.909876093294,1.61813927338,0.275793669122,0.539270537198
random,joint,14,0.290115481156,0.909133260447,1.61147407183,0.27544504311,0.538623691603
random,joint,15,0.282824391219,0.908951044704,1.59857646919,0.272701234533,0.531812364673
random,joint,16,0.277737593107,0.906529397473,1.59031163293,0.270467528153,0.52700815279
space_filling,diagonal_matched,3,0.528648526465,0.893737852284,2.17728674892,0.381793191632,0.727082200625
space_filling,diagonal_matched,4,0.428068203813,0.883612730807,1.82625360733,0.334189999548,0.65426921356
space_filling,diagonal_matched,5,0.396464004875,0.889522594752,1.74773421372,0.32064400728,0.629653877043
space_filling,diagonal_matched,6,0.368174789432,0.897436831876,1.69900858887,0.308565322861,0.606774084344
space_filling,diagonal_matched,7,0.356950422723,0.886892614189,1.6470250617,0.304763696365,0.597453280787
space_filling,diagonal_matched,8,0.360962660956,0.880685131195,1.62384284172,0.307088031467,0.600801681885
space_filling,diagonal_matched,9,0.360962660956,0.880685131195,1.62384284172,0.307088031467,0.600801681885
space_filling,diagonal_matched,10,0.359032468487,0.878389212828,1.61716388898,0.305923841471,0.599193181276
space_filling,diagonal_matched,11,0.356100885679,0.879500728863,1.60633242152,0.304164395726,0.59674189201
space_filling,diagonal_matched,12,0.358078166627,0.879288143829,1.59437454839,0.305390974263,0.598396329055
space_filling,diagonal_matched,13,0.345850311912,0.885070456754,1.58162731416,0.298898965307,0.588090394337
space_filling,diagonal_matched,14,0.343756043602,0.883242225462,1.56860071661,0.297764439,0.586307123956
space_filling,diagonal_matched,15,0.341636774264,0.877623906706,1.55423844044,0.297998539394,0.584497026737
space_filling,diagonal_matched,16,0.311472908771,0.876943634597,1.53582590598,0.290856765637,0.558097579972
space_filling,diagonal_tuned,3,0.528648526465,0.893737852284,2.17728674892,0.381793191632,0.727082200625
space_filling,diagonal_tuned,4,0.428068203813,0.883612730807,1.82625360733,0.334189999548,0.65426921356
space_filling,diagonal_tuned,5,0.396464004875,0.889522594752,1.74773421372,0.32064400728,0.629653877043
space_filling,diagonal_tuned,6,0.368174789432,0.897436831876,1.69900858887,0.308565322861,0.606774084344
space_filling,diagonal_tuned,7,0.356950422723,0.886892614189,1.6470250617,0.304763696365,0.597453280787
space_filling,diagonal_tuned,8,0.360962660956,0.880685131195,1.62384284172,0.307088031467,0.600801681885
space_filling,diagonal_tuned,9,0.360962660956,0.880685131195,1.62384284172,0.307088031467,0.600801681885
space_filling,diagonal_tuned,10,0.359032468487,0.878389212828,1.61716388898,0.305923841471,0.599193181276
space_filling,diagonal_tuned,11,0.356100885679,0.879500728863,1.60633242152,0.304164395726,0.59674189201
space_filling,diagonal_tuned,12,0.358078166627,0.879288143829,1.59437454839,0.305390974263,0.598396329055
space_filling,diagonal_tuned,13,0.345850311912,0.885070456754,1.58162731416,0.298898965307,0.588090394337
space_filling,diagonal_tuned,14,0.343756043602,0.883242225462,1.56860071661,0.297764439,0.586307123956
space_filling,diagonal_tuned,15,0.341636774264,0.877623906706,1.55423844044,0.297998539394,0.584497026737
space_filling,diagonal_tuned,16,0.311472908771,0.876943634597,1.53582590598,0.290856765637,0.558097579972
space_filling,joint,3,0.499432717178,0.904603984451,2.20461756602,0.370699721235,0.706705537815
space_filling,joint,4,0.417472313387,0.911522108844,1.85080240754,0.324609957191,0.646120974266
space_filling,joint,5,0.385173627624,0.921045918367,1.79447652493,0.311651627148,0.620623579655
space_filling,joint,6,0.352946675776,0.923633381924,1.76355722659,0.298438564075,0.594093154123
space_filling,joint,7,0.338439314208,0.911352040816,1.72533713966,0.293933829644,0.581755373166
space_filling,joint,8,0.344338811566,0.910076530612,1.71353198789,0.29714523723,0.586803895323
space_filling,joint,9,0.332847147829,0.88885447036,1.64445810925,0.29182206919,0.576929066549
space_filling,joint,10,0.325199761777,0.911084791059,1.63948240061,0.287598100392,0.570262888304
space_filling,joint,11,0.320862640577,0.911011904762,1.63330979365,0.285058431546,0.566447385533
space_filling,joint,12,0.321627183363,0.905047376093,1.62439617071,0.285550054801,0.567121841726
space_filling,joint,13,0.312763386414,0.908497327502,1.61638567045,0.280557981392,0.559252524727
space_filling,joint,14,0.312542109455,0.908533770651,1.60892702504,0.279608957139,0.559054656948
space_filling,joint,15,0.308694174971,0.906735908649,1.60117446617,0.278882044094,0.555602533266
space_filling,joint,16,0.277737593107,0.906529397473,1.59031163293,0.270467528153,0.52700815279
