policy,budget,macro_rmse,macro_threshold_error,compound_count
decision_voi,2,25.872585177543456,0.13888888888888887,6
decision_voi,3,25.327758884414365,0.13888888888888887,6
decision_voi,4,24.57478783460319,0.13888888888888887,6
decision_voi,5,27.614556126455756,0.16666666666666666,5
integrated_variance,2,25.872585177543456,0.13888888888888887,6
integrated_variance,3,24.102458836947388,0.13888888888888887,6
integrated_variance,4,24.59161686334731,0.13888888888888887,6
integrated_variance,5,27.614556126455756,0.16666666666666666,5
random,2,25.872585177543456,0.13888888888888887,6
random,3,24.97650442608892,0.13888888888888887,6
random,4,24.55999259391613,0.13888888888888887,6
random,5,27.614556126455756,0.16666666666666666,5
space_filling,2,25.872585177543456,0.13888888888888887,6
space_filling,3,24.321663422175693,0.13888888888888887,6
space_filling,4,24.395861320280133,0.13888888888888887,6
space_filling,5,27.614556126455756,0.16666666666666666,5
