compound,policy,budget,squared_error,threshold_error,rmse
Clozapine,decision_voi,2,781.6084993652312,0.0,27.95726201481882
Clozapine,decision_voi,3,578.1442278016485,0.0,24.0446299160883
Clozapine,decision_voi,4,262.1639980588818,0.0,16.19147918069507
Clozapine,decision_voi,5,257.02897987259644,0.0,16.03212337379539
Clozapine,integrated_variance,2,781.6084993652312,0.0,27.95726201481882
Clozapine,integrated_variance,3,341.94404078864926,0.0,18.49172898321434
Clozapine,integrated_variance,4,267.26799695535726,0.0,16.348333155259507
Clozapine,integrated_variance,5,257.0289798725966,0.0,16.032123373795393
Clozapine,random,2,781.6084993652312,0.0,27.95726201481882
Clozapine,random,3,488.73544804321324,0.0,22.10736185172743
Clozapine,random,4,298.1445200131955,0.0,17.266861904040223
Clozapine,random,5,257.0289798725965,0.0,16.03212337379539
Clozapine,space_filling,2,781.6084993652312,0.0,27.95726201481882
Clozapine,space_filling,3,340.48286694970005,0.0,18.45217783758058
Clozapine,space_filling,4,297.5295930603957,0.0,17.249046149291726
Clozapine,space_filling,5,257.0289798725966,0.0,16.032123373795393
Levofloxacin,decision_voi,2,279.3589270384256,0.0,16.714033835026946
Levofloxacin,decision_voi,3,186.70631499208145,0.0,13.66405192437739
Levofloxacin,decision_voi,4,155.81846103439486,0.0,12.482726506432593
Levofloxacin,integrated_variance,2,279.3589270384256,0.0,16.714033835026946
Levofloxacin,integrated_variance,3,186.70631499208145,0.0,13.66405192437739
Levofloxacin,integrated_variance,4,155.81846103439486,0.0,12.482726506432593
Levofloxacin,random,2,279.3589270384256,0.0,16.714033835026946
Levofloxacin,random,3,191.55994297508246,0.0,13.840518161365292
Levofloxacin,random,4,155.81846103439483,0.0,12.482726506432591
Levofloxacin,space_filling,2,279.3589270384256,0.0,16.714033835026946
Levofloxacin,space_filling,3,186.70631499208145,0.0,13.66405192437739
Levofloxacin,space_filling,4,155.81846103439486,0.0,12.482726506432593
Olanzapine,decision_voi,2,260.14909045417227,0.0,16.129137932765417
Olanzapine,decision_voi,3,274.4511521711209,0.0,16.566567301982655
Olanzapine,decision_voi,4,349.8318803678369,0.0,18.703793208005614
Olanzapine,decision_voi,5,429.70420941986214,0.0,20.72930798217495
Olanzapine,integrated_variance,2,260.14909045417227,0.0,16.129137932765417
Olanzapine,integrated_variance,3,260.5427908165262,0.0,16.141337950012886
Olanzapine,integrated_variance,4,349.8318803678369,0.0,18.703793208005614
Olanzapine,integrated_variance,5,429.70420941986225,0.0,20.729307982174955
Olanzapine,random,2,260.14909045417227,0.0,16.129137932765417
Olanzapine,random,3,273.54427502782846,0.0,16.539173952402475
Olanzapine,random,4,327.91185672732814,0.0,18.108336663739387
Olanzapine,random,5,429.70420941986214,0.0,20.72930798217495
Olanzapine,space_filling,2,260.14909045417227,0.0,16.129137932765417
Olanzapine,space_filling,3,274.4511521711209,0.0,16.566567301982655
Olanzapine,space_filling,4,305.07659976809333,0.0,17.466442103877174
Olanzapine,space_filling,5,429.70420941986214,0.0,20.72930798217495
Pioglitazone,decision_voi,2,516.512741006443,0.16666666666666666,22.72691666298891
Pioglitazone,decision_voi,3,435.34761686511183,0.16666666666666666,20.864985426908685
Pioglitazone,decision_voi,4,443.4733960110948,0.16666666666666666,21.058808038706626
Pioglitazone,decision_voi,5,549.2219546825733,0.16666666666666666,23.435484946605506
Pioglitazone,integrated_variance,2,516.512741006443,0.16666666666666666,22.72691666298891
Pioglitazone,integrated_variance,3,511.9526384001726,0.16666666666666666,22.626370420378354
Pioglitazone,integrated_variance,4,454.2617372491854,0.16666666666666666,21.313416836565306
Pioglitazone,integrated_variance,5,549.2219546825733,0.16666666666666666,23.435484946605506
Pioglitazone,random,2,516.512741006443,0.16666666666666666,22.72691666298891
Pioglitazone,random,3,438.94974292904743,0.16666666666666666,20.9511274858669
Pioglitazone,random,4,455.8951657806022,0.16666666666666666,21.351701706903885
Pioglitazone,random,5,549.2219546825733,0.16666666666666666,23.435484946605506
Pioglitazone,space_filling,2,516.512741006443,0.16666666666666666,22.72691666298891
Pioglitazone,space_filling,3,490.4558936197389,0.16666666666666666,22.146238814293927
Pioglitazone,space_filling,4,406.62855945223674,0.16666666666666666,20.16503308830007
Pioglitazone,space_filling,5,549.2219546825733,0.16666666666666666,23.435484946605506
Troglitazone,decision_voi,2,2751.6660593829183,0.3333333333333333,52.45632525618735
Troglitazone,decision_voi,3,3131.205440491678,0.3333333333333333,55.95717505817889
Troglitazone,decision_voi,4,3133.9268505242144,0.3333333333333333,55.98148667661671
Troglitazone,decision_voi,5,3107.26429471765,0.3333333333333333,55.742840748545014
Troglitazone,integrated_variance,2,2751.6660593829183,0.3333333333333333,52.45632525618735
Troglitazone,integrated_variance,3,2783.8991570710728,0.3333333333333333,52.76266821409881
Troglitazone,integrated_variance,4,3122.820662890284,0.3333333333333333,55.882203454143465
Troglitazone,integrated_variance,5,3107.26429471765,0.3333333333333333,55.742840748545014
Troglitazone,random,2,2751.6660593829183,0.3333333333333333,52.45632525618735
Troglitazone,random,3,3101.000073927498,0.3333333333333333,55.68662383308489
Troglitazone,random,4,3137.710691426442,0.3333333333333333,56.01527194816108
Troglitazone,random,5,3107.26429471765,0.3333333333333333,55.742840748545014
Troglitazone,space_filling,2,2751.6660593829183,0.3333333333333333,52.45632525618735
Troglitazone,space_filling,3,2782.7917015315875,0.3333333333333333,52.752172481629486
Troglitazone,space_filling,4,3133.9268505242144,0.3333333333333333,55.98148667661671
Troglitazone,space_filling,5,3107.26429471765,0.3333333333333333,55.742840748545014
Trovafloxacin,decision_voi,2,370.6331648622813,0.3333333333333333,19.251835363473305
Trovafloxacin,decision_voi,3,435.5211578926701,0.3333333333333333,20.869143678950273
Trovafloxacin,decision_voi,4,530.4008624611389,0.3333333333333333,23.030433397162522
Trovafloxacin,decision_voi,5,489.87073284409286,0.3333333333333333,22.133023581157925
Trovafloxacin,integrated_variance,2,370.6331648622813,0.3333333333333333,19.251835363473305
Trovafloxacin,integrated_variance,3,438.0061108416996,0.3333333333333333,20.928595529602543
Trovafloxacin,integrated_variance,4,520.7171674140276,0.3333333333333333,22.819228019677343
Trovafloxacin,integrated_variance,5,489.8707328440928,0.3333333333333333,22.133023581157925
Trovafloxacin,random,2,370.6331648622813,0.3333333333333333,19.251835363473305
Trovafloxacin,random,3,429.90793175984527,0.3333333333333333,20.734221272086522
Trovafloxacin,random,4,489.9607410541328,0.3333333333333333,22.135056834219622
Trovafloxacin,random,5,489.8707328440928,0.3333333333333333,22.133023581157925
Trovafloxacin,space_filling,2,370.6331648622813,0.3333333333333333,19.251835363473305
Trovafloxacin,space_filling,3,499.46761764915755,0.3333333333333333,22.34877217319013
Trovafloxacin,space_filling,4,530.4008624611389,0.3333333333333333,23.030433397162522
Trovafloxacin,space_filling,5,489.8707328440928,0.3333333333333333,22.133023581157925
