context,generation,source_row,observed,mean,observation_sd,lower90,upper90,covered90,width90,probability_observed_below_05,observed_below_05,brier,training_prevalence_probability,training_prevalence_brier,standardized_residual
FAC,1,9,0.728592468,0.8909364093591869,0.11083578314956827,0.7086277694496127,1.073245049268761,True,0.3646172798191484,0.00021001520974259127,False,4.4106388323224606e-08,0.0,0.0,-1.4647249899440018
FAC,1,10,0.803823901,0.9447540711350797,0.1458296517795395,0.704885639488434,1.1846225027817254,True,0.47973686329329146,0.001144895846646988,False,1.3107864996695233e-06,0.0,0.0,-0.9664027062763156
FAC,1,11,0.751246581,0.8878863448249882,0.13780320956201011,0.6612202357713621,1.1145524538786142,True,0.4533322181072521,0.0024404972693351412,False,5.956026921632281e-06,0.0,0.0,-0.9915571941994692
FAC,1,12,0.953063854,0.8865575367616794,0.13700882148795926,0.6611980798128628,1.111916993710496,True,0.4507189138976332,0.0023906809871545747,False,5.715355582342372e-06,0.0,0.0,0.4854163149207546
FAC,1,13,0.901662108,0.9468529255593682,0.14847968258850672,0.7026255811250596,1.1910802699936767,True,0.4884546888686171,0.0013082940663632974,False,1.711633364081412e-06,0.0,0.0,-0.3043569111378624
FAC,1,14,0.813307385,0.898895767184739,0.12615226164520452,0.6913937620694932,1.1063977722999847,True,0.4150040102304915,0.0007833984334069744,False,6.137131054645017e-07,0.0,0.0,-0.6784530143855132
FAC,1,15,1.058773406,0.8732912166596163,0.13631726951885167,0.6490692614754118,1.0975131718438207,True,0.4484439103684089,0.003086946262064227,False,9.529237224872302e-06,0.0,0.0,1.3606653800730135
FAC,2,16,0.697711971,0.8270608608048498,0.12442801609647837,0.6223949872341812,1.0317267343755183,True,0.40933174714133713,0.004287933314489426,False,1.8386372109508272e-05,0.0,0.0,-1.0395479560210605
FAC,2,17,0.872035206,0.925172151634818,0.10973774414912357,0.7446696251576594,1.1056746781119766,True,0.3610050529543172,5.343539209871044e-05,False,2.8553411287429262e-09,0.0,0.0,-0.4842175866364614
FAC,2,18,0.946297076,0.9207466358942231,0.10854756921041901,0.7422017729816994,1.0992914988067468,True,0.3570897258250474,5.3061187765009554e-05,False,2.8154896470335997e-09,0.0,0.0,0.23538472848016959
FAC,2,19,0.822459499,0.8294178048603043,0.15398798990947432,0.5761301011507387,1.0827055085698698,True,0.5065754074191311,0.016207976869660825,False,0.0002626985142074603,0.0,0.0,-0.045187328339014156
FAC,2,20,0.883385756,0.8985097799164486,0.13216794006135144,0.68111286433983,1.1159066954930674,True,0.43479383115323744,0.0012841451401813067,False,1.6490287410512677e-06,0.0,0.0,-0.11443035209165066
FAC,2,21,0.925447086,0.8887103820354099,0.10713153282503646,0.712494691707278,1.0649260723635416,True,0.35243138065626367,0.00014262082354708376,False,2.03406993092484e-08,0.0,0.0,0.34291214730015385
FAC,2,22,0.716743811,0.8652072001700937,0.11612519768413822,0.6741982475788822,1.056216152761305,True,0.38201790518242273,0.0008305941887340317,False,6.898867063587443e-07,0.0,0.0,-1.2784769553109028
FAC,3,23,0.808594572,0.8532221820745554,0.10281330687591432,0.684109341360833,1.0223350227882777,True,0.3382256814274447,0.000295655727203874,False,8.741230902845157e-08,0.0,0.0,-0.43406453338201245
FAC,3,24,0.682039414,0.8530519076973698,0.10382327789990757,0.6822778124817163,1.0238260029130233,False,0.341548190431307,0.000336303594424651,False,1.1310010762294013e-07,0.0,0.0,-1.6471498218562994
FAC,3,25,0.811987166,0.849412404563626,0.10520898951593168,0.6763590165704464,1.0224657925568055,True,0.3461067759863591,0.0004482738260068264,False,2.0094942308279848e-07,0.0,0.0,-0.3557228211754543
FAC,3,26,0.890097482,0.8533440115887372,0.10394247164439287,0.682373860110157,1.0243141630673174,True,0.3419403029571604,0.00033764590949324924,False,1.1400476019752346e-07,0.0,0.0,0.3535943472366478
FAC,3,27,0.766838488,0.8605554346621673,0.10315199113810929,0.6908855079113821,1.0302253614129524,True,0.33933985350157025,0.00023669339234135274,False,5.602376197805754e-08,0.0,0.0,-0.9085325995955866
FAC,3,28,0.785072586,0.8483362576354347,0.10449675245963674,0.676454395347551,1.0202181199233185,True,0.3437637245757674,0.00042885744825359087,False,1.8391871092258138e-07,0.0,0.0,-0.6054128013200335
FAC,3,29,0.643436534,0.8541382787132138,0.10314991204424995,0.684471771767504,1.0238047856589236,False,0.3393330138914197,0.00029820829281281105,False,8.892818590233125e-08,0.0,0.0,-2.0426749818538434
FAC,4,30,0.844314117,0.8524660608201028,0.10189751670589324,0.6848595608890661,1.0200725607511396,True,0.33521299986207354,0.00027106726039968857,False,7.347745966059258e-08,0.0,0.0,-0.08000139830327475
FAC,4,31,0.954202609,0.8620186162514469,0.1136193507317327,0.6751314151084851,1.0489058173944088,True,0.37377440228592373,0.0007206727671691143,False,5.193692373391884e-07,0.0,0.0,0.811340604878206
FAC,4,32,0.973059121,0.8583289401972991,0.10890816968956885,0.6791909422787654,1.0374669381158328,True,0.3582759958370674,0.0005005927335490117,False,2.5059308488207183e-07,0.0,0.0,1.053457983269089
FAC,4,33,0.742978119,0.8289789089177376,0.1026253231331159,0.6601752739451652,0.9977825438903101,True,0.3376072699451449,0.0006738336255402358,False,4.540517549086987e-07,0.0,0.0,-0.8380074945653083
FAC,4,34,0.976625289,0.8524074250490292,0.10189432092703314,0.6848061817064415,1.020008668391617,True,0.3352024866851755,0.0002715376024990017,False,7.373266957090586e-08,0.0,0.0,1.2190852524540952
FAC,4,35,0.914843257,0.8524267444714511,0.10189856886834443,0.6848185138871904,1.0200349750557118,True,0.33521646116852144,0.00027149182661837586,False,7.370781192058226e-08,0.0,0.0,0.6125357129322659
FAC,4,36,0.821202398,0.82346509887186,0.10231042364003433,0.6551794274726079,0.9917507702711121,True,0.3365713427985042,0.0007845124641968919,False,6.154598064802795e-07,0.0,0.0,-0.02211603462635541
OLA-IBET,1,12,0.529836108,0.5962607316513725,0.11556784197240207,0.4061685476241124,0.7863529156786326,True,0.3801843680545202,0.20244013033490083,False,0.040982006370011634,0.1,0.010000000000000002,-0.5747673619036242
OLA-IBET,1,13,0.519848377,0.6150776180164951,0.11380300108413044,0.4278883389253008,0.8022668971076894,True,0.3743785581823886,0.15596030887540696,False,0.024323617944512342,0.1,0.010000000000000002,-0.8367902437484541
OLA-IBET,1,14,0.551260584,0.6227001278188141,0.11105124011079404,0.44003709274511577,0.8053631628925124,True,0.36532607014739665,0.13460221705875686,False,0.018117756837132695,0.1,0.010000000000000002,-0.6433025308635909
OLA-IBET,1,15,0.554201075,0.6119072731163632,0.11247623300977706,0.4269003333043925,0.7969142129283339,True,0.3700138796239414,0.15988235620674696,False,0.02556236782622112,0.1,0.010000000000000002,-0.5130523717961553
OLA-IBET,1,16,0.404024028,0.44162142633859425,0.13107688535190415,0.22601913605801244,0.6572237166191761,True,0.4312045805611637,0.6719761794409995,True,0.10759962685412335,0.1,0.81,-0.2868346942914912
OLA-IBET,1,17,0.450729513,0.5345249344150368,0.11750545603450249,0.3412456588700986,0.727804209959975,True,0.38655855108987636,0.38444941231952723,True,0.3789025259937754,0.1,0.81,-0.7131194094547607
OLA-IBET,1,18,0.823137736,0.7262094782841703,0.11086664249823916,0.5438500792630094,0.9085688773053311,True,0.36471879804232166,0.020656516251700056,False,0.00042669166365674857,0.1,0.010000000000000002,0.8742779210380539
OLA-IBET,1,19,0.473479907,0.42795562198960524,0.13221022332734575,0.21048915662955647,0.645422087349654,True,0.43493293072009753,0.7070967264178353,True,0.08579232767514844,0.1,0.81,0.34433256267693413
OLA-IBET,1,20,0.701922084,0.5648743071463812,0.11461142818134579,0.37635528381220645,0.753393330480556,True,0.37703804666834956,0.28568431966839014,False,0.08161553050439092,0.1,0.010000000000000002,1.1957601351653409
OLA-IBET,1,21,0.841561915,0.6931391810144255,0.10768723710367317,0.5160094384880656,0.8702689235407854,True,0.35425948505271987,0.03644493188325427,False,0.0013282330599750434,0.1,0.010000000000000002,1.3782759960930582
OLA-IBET,2,22,0.750076208,0.73740943383452,0.10352187954652496,0.567131094793585,0.9076877728754549,True,0.34055667808186985,0.010914617299781323,False,0.00011912887080068574,0.2,0.04000000000000001,0.12235842530068525
OLA-IBET,2,23,0.805860084,0.7494498288089265,0.10341086164836341,0.5793540979604391,0.9195455596574139,True,0.3401914616969748,0.007927838600835804,False,6.28506248809022e-05,0.2,0.04000000000000001,0.5454964236048042
OLA-IBET,2,24,0.800681011,0.7330572769244572,0.10330527983262294,0.5631352127085306,0.9029793411403838,True,0.3398441284318532,0.012035144117931384,False,0.0001448446939393784,0.2,0.04000000000000001,0.6546009476486387
OLA-IBET,2,25,0.846414481,0.7915979310582373,0.10490985475341295,0.6190365759641339,0.9641592861523407,True,0.34512271018820684,0.0027220536043691527,False,7.409575825059096e-06,0.2,0.04000000000000001,0.5225109697330838
OLA-IBET,2,26,0.811598347,0.7428640074433487,0.10388382654805228,0.5719903185641873,0.9137376963225101,True,0.34174737775832287,0.009697714327589552,False,9.404566317953569e-05,0.2,0.04000000000000001,0.6616462046174022
OLA-IBET,2,27,0.85013741,0.8099777242508557,0.10645765600095845,0.6348704626609271,0.9850849858407843,True,0.35021452317985724,0.00179707005030499,False,3.2294607657031793e-06,0.2,0.04000000000000001,0.3772362388740058
OLA-IBET,2,28,0.932495937,0.8482757200137931,0.1064144472446577,0.6732395305033818,1.0233119095242045,True,0.35007237902082267,0.0005323944399378458,False,2.834438396767324e-07,0.2,0.04000000000000001,0.7914359296776307
OLA-IBET,2,29,0.4212163,0.5503884307291066,0.10749966458938026,0.37356721753319777,0.7272096439250154,True,0.35364242639181764,0.3196309447023573,True,0.4629020514066068,0.2,0.6400000000000001,-1.2016049652109084
OLA-IBET,2,30,0.364284021,0.44230559842615724,0.10818817691856941,0.2643518832283808,0.6202593136239336,True,0.3559074303955528,0.7030795090455736,True,0.08816177794861761,0.2,0.6400000000000001,-0.721165469724868
OLA-IBET,2,31,0.473876218,0.4861105609891369,0.10937113429280339,0.30621105406382276,0.666010067914451,True,0.3597990138506283,0.5505272858428822,True,0.2020257207717661,0.2,0.6400000000000001,-0.11186080375086602
OLA-IBET,3,32,0.504445512,0.6498061286024872,0.10492852961518093,0.4772140560942719,0.8223982011107025,True,0.3451841450164306,0.076689570193021,False,0.005881290176390295,0.23333333333333334,0.05444444444444445,-1.3853297776647453
OLA-IBET,3,33,0.403296705,0.6500628520736276,0.10172243327819762,0.4827443387536551,0.8173813653936001,False,0.334637026639945,0.07007685624633471,True,0.8647570532887,0.23333333333333334,0.5877777777777777,-2.4258773519382326
OLA-IBET,3,34,0.861039735,0.839710125062012,0.10336875667716997,0.6696836507281049,1.0097365993959193,True,0.34005294866781444,0.000507400663481582,False,2.5745543330154964e-07,0.23333333333333334,0.05444444444444445,0.20634484368039996
OLA-IBET,3,35,0.82137854,0.7693356689962048,0.10509468742873962,0.5964702912057112,0.9422010467866984,True,0.3457307555809872,0.00519173375510086,False,2.6954099383853675e-05,0.23333333333333334,0.05444444444444445,0.495199826718961
OLA-IBET,3,36,0.634366699,0.6871661777227442,0.10371953207317772,0.5165627292064683,0.8577696262390202,True,0.3412068970325519,0.03557324654571961,False,0.0012654558698025522,0.23333333333333334,0.05444444444444445,-0.5090601323335359
OLA-IBET,3,37,0.477831454,0.5468798403468036,0.10301487903536811,0.37743544293551123,0.716324237758096,True,0.3388887948225847,0.32452643936840664,True,0.45626453111232285,0.23333333333333334,0.5877777777777777,-0.6702758571710521
OLA-IBET,3,38,0.726654974,0.7983472003037343,0.10258184221376615,0.6296150850790574,0.9670793155284112,True,0.3374642304493538,0.001816520315711408,False,3.2997460573922737e-06,0.23333333333333334,0.05444444444444445,-0.6988783273587323
OLA-IBET,3,39,0.72943122,0.8182488316953705,0.10301891502743248,0.6487977956678928,0.9876998677228483,True,0.3389020720549556,0.0010033896329282904,False,1.0067907554679695e-06,0.23333333333333334,0.05444444444444445,-0.8621485837986125
OLA-IBET,3,40,0.617207641,0.7465806244764709,0.10221154012853603,0.5784576019797525,0.9147036469731893,True,0.3362460449934368,0.007922771453417516,False,6.27703075030875e-05,0.23333333333333334,0.05444444444444445,-1.265737541120875
OLA-IBET,3,41,0.570460873,0.7482885931663573,0.10197263819502307,0.5805585293814635,0.9160186569512512,False,0.3354601275697877,0.007448878084291881,False,5.548578471464388e-05,0.23333333333333334,0.05444444444444445,-1.7438768214102793
OLA-IBET,4,42,0.568569385,0.6207749516109212,0.10139061674388909,0.4540022279208886,0.7875476753009538,True,0.3335454473800652,0.11679054184813603,False,0.013640030665181213,0.225,0.050625,-0.5148954438534641
OLA-IBET,4,43,0.553577656,0.6444736714274222,0.10133953569266638,0.4777849685897617,0.8111623742650826,True,0.3333774056753209,0.07698617647624822,False,0.005926871368432035,0.225,0.050625,-0.8969452524736609
OLA-IBET,4,44,0.521147649,0.6574213012964684,0.10125676291023504,0.49086874757020293,0.8239738550227338,True,0.33310510745253086,0.060011812355598736,False,0.003601417622203593,0.225,0.050625,-1.3458227221551227
OLA-IBET,4,45,0.542983636,0.6101093236884356,0.10160265095572708,0.4429878347560235,0.7772308126208478,True,0.3342429778648243,0.13924339391014517,False,0.019388722747615855,0.225,0.050625,-0.6606686642229971
OLA-IBET,4,46,0.528492926,0.6005368982243307,0.10153630770453813,0.4335245342292604,0.7675492622194009,True,0.3340247279901405,0.16104866337472729,False,0.025936671974786225,0.225,0.050625,-0.709539019618208
OLA-IBET,4,47,0.48682165,0.6016662686840243,0.10148895551017624,0.43473179211759433,0.7686007452504542,True,0.33386895313285986,0.15823287183824403,True,0.7085718980536903,0.225,0.6006250000000001,-1.131597207860799
OLA-IBET,4,48,0.538166535,0.6258402873001465,0.10136462309295291,0.459110319361134,0.792570255239159,True,0.333459935878025,0.10721763740056983,False,0.011495621769760071,0.225,0.050625,-0.8649344280572951
OLA-IBET,4,49,0.406799335,0.6189970136568654,0.10137519762047303,0.45224965216790813,0.7857443751458227,False,0.3334947229779146,0.12023202602046806,True,0.7739916880400503,0.225,0.6006250000000001,-2.0931912700312356
OLA-IBET,4,50,0.550704396,0.5866613213599102,0.1018048792601184,0.4192071964675478,0.7541154462522727,True,0.3349082497847249,0.19731547060868565,False,0.03893339494152709,0.225,0.050625,-0.3531945189781901
OLA-IBET,4,51,0.47516592,0.6159485367637663,0.10145616855320418,0.44906798994242847,0.7828290835851041,True,0.3337610936426756,0.12655175850910017,True,0.7629118305635453,0.225,0.6006250000000001,-1.38762008038909
