control_variance,budget,method,actions,cost,true_expected_mse,assumed_variance_reduction
0.0,1.0,joint_design_joint_estimator,8,1.0,0.7447762397627589,0.25522376023724097
0.0,1.0,diagonal_design_joint_estimator,8,1.0,0.7447762397627589,0.25522376023724097
0.0,1.0,diagonal_design_diagonal_estimator,8,1.0,0.7447762397627589,0.25522376023724097
0.0,2.0,joint_design_joint_estimator,"7,10",2.0,0.5247944707876439,0.4752055292123562
0.0,2.0,diagonal_design_joint_estimator,"7,10",2.0,0.5247944707876439,0.4752055292123562
0.0,2.0,diagonal_design_diagonal_estimator,"7,10",2.0,0.5247944707876439,0.4752055292123562
0.0,3.0,joint_design_joint_estimator,"6,8,10",3.0,0.37621791885364925,0.6237820811463506
0.0,3.0,diagonal_design_joint_estimator,"6,8,10",3.0,0.37621791885364925,0.6237820811463506
0.0,3.0,diagonal_design_diagonal_estimator,"6,8,10",3.0,0.37621791885364925,0.6237820811463506
0.0,4.0,joint_design_joint_estimator,"6,8,9,11",4.0,0.2637167290480242,0.7362832709519758
0.0,4.0,diagonal_design_joint_estimator,"6,8,9,11",4.0,0.2637167290480242,0.7362832709519758
0.0,4.0,diagonal_design_diagonal_estimator,"6,8,9,11",4.0,0.2637167290480242,0.7362832709519758
0.0,5.0,joint_design_joint_estimator,"6,7,9,10,11",5.0,0.17515474401880068,0.8248452559811994
0.0,5.0,diagonal_design_joint_estimator,"6,7,9,10,11",5.0,0.17515474401880068,0.8248452559811994
0.0,5.0,diagonal_design_diagonal_estimator,"6,7,9,10,11",5.0,0.17515474401880068,0.8248452559811994
0.0,6.0,joint_design_joint_estimator,"6,7,8,9,10,11",6.0,0.08676891481998644,0.9132310851800134
0.0,6.0,diagonal_design_joint_estimator,"6,7,8,9,10,11",6.0,0.08676891481998644,0.9132310851800134
0.0,6.0,diagonal_design_diagonal_estimator,"6,7,8,9,10,11",6.0,0.08676891481998644,0.9132310851800134
0.1,1.0,joint_design_joint_estimator,9,1.0,0.7660448864491958,0.23395511355080423
0.1,1.0,diagonal_design_joint_estimator,9,1.0,0.7660448864491958,0.23395511355080423
0.1,1.0,diagonal_design_diagonal_estimator,9,1.0,0.7660448864491958,0.23395511355080423
0.1,2.0,joint_design_joint_estimator,"7,10",2.0,0.5636942641269472,0.4363057358730527
0.1,2.0,diagonal_design_joint_estimator,"7,10",2.0,0.5636942641269472,0.4363057358730527
0.1,2.0,diagonal_design_diagonal_estimator,"7,10",2.0,0.5636942641269472,0.4363057358730527
0.1,3.0,joint_design_joint_estimator,"6,8,10",3.0,0.42918478589195025,0.5708152141080497
0.1,3.0,diagonal_design_joint_estimator,"6,8,10",3.0,0.42918478589195025,0.574641963981235
0.1,3.0,diagonal_design_diagonal_estimator,"6,8,10",3.0,0.43169069616520334,0.574641963981235
0.1,4.0,joint_design_joint_estimator,"6,7,9,11",4.0,0.3269077789994101,0.6730922210005899
0.1,4.0,diagonal_design_joint_estimator,"6,8,9,11",4.0,0.3272449206913715,0.6796447561089884
0.1,4.0,diagonal_design_diagonal_estimator,"6,8,9,11",4.0,0.3321569913699108,0.6796447561089884
0.1,5.0,joint_design_joint_estimator,"6,7,8,10,11",5.0,0.24408275765194862,0.7559172423480514
0.1,5.0,diagonal_design_joint_estimator,"6,7,8,10,11",5.0,0.24408275765194862,0.7628358143896566
0.1,5.0,diagonal_design_diagonal_estimator,"6,7,8,10,11",5.0,0.2519539269746794,0.7628358143896566
0.1,6.0,joint_design_joint_estimator,"6,7,8,9,10,11",6.0,0.16181942362106624,0.8381805763789336
0.1,6.0,diagonal_design_joint_estimator,"6,7,8,9,10,11",6.0,0.16181942362106624,0.8454579675057367
0.1,6.0,diagonal_design_diagonal_estimator,"6,7,8,9,10,11",6.0,0.17282235759511666,0.8454579675057367
1.0,1.0,joint_design_joint_estimator,8,1.0,0.8663113636852547,0.13368863631474526
1.0,1.0,diagonal_design_joint_estimator,8,1.0,0.8663113636852547,0.13368863631474526
1.0,1.0,diagonal_design_diagonal_estimator,8,1.0,0.8663113636852547,0.13368863631474526
1.0,2.0,joint_design_joint_estimator,"7,10",2.0,0.7481067979177385,0.25189320208226157
1.0,2.0,diagonal_design_joint_estimator,"7,10",2.0,0.7481067979177385,0.25189320208226157
1.0,2.0,diagonal_design_diagonal_estimator,"7,10",2.0,0.7481067979177385,0.25189320208226157
1.0,3.0,joint_design_joint_estimator,"7,10,12,13",3.0,0.5441594376649171,0.45584056233508286
1.0,3.0,diagonal_design_joint_estimator,"6,8,10",3.0,0.6416291859915099,0.3405744191953425
1.0,3.0,diagonal_design_diagonal_estimator,"6,8,10",3.0,0.6975636981770156,0.3405744191953425
1.0,4.0,joint_design_joint_estimator,"6,8,10,12,13",4.0,0.4030548886031946,0.5969451113968052
1.0,4.0,diagonal_design_joint_estimator,"6,8,9,11",4.0,0.5509212895410226,0.4128424143107694
1.0,4.0,diagonal_design_diagonal_estimator,"6,8,9,11",4.0,0.6555098065085478,0.4128424143107694
1.0,5.0,joint_design_joint_estimator,"6,7,9,11,12,13",5.0,0.29588495704087453,0.7041150429591254
1.0,5.0,diagonal_design_joint_estimator,"6,7,8,10,11",5.0,0.5000647996175077,0.4765864035660815
1.0,5.0,diagonal_design_diagonal_estimator,"6,7,8,10,11",5.0,0.6639625532377652,0.4765864035660815
1.0,6.0,joint_design_joint_estimator,"6,7,8,10,11,12,13",6.0,0.21031617313538395,0.789683826864616
1.0,6.0,diagonal_design_joint_estimator,"6,7,8,9,10,11",6.0,0.41613843579218596,0.5379143038782709
1.0,6.0,diagonal_design_diagonal_estimator,"6,7,8,9,10,11",6.0,0.6391343598346021,0.5379143038782709
4.0,1.0,joint_design_joint_estimator,8,1.0,0.944951737988046,0.055048262011953945
4.0,1.0,diagonal_design_joint_estimator,8,1.0,0.944951737988046,0.055048262011953945
4.0,1.0,diagonal_design_diagonal_estimator,8,1.0,0.944951737988046,0.055048262011953945
4.0,2.0,joint_design_joint_estimator,"9,13",1.5,0.7557418148535103,0.24425818514648978
4.0,2.0,diagonal_design_joint_estimator,"7,9",2.0,0.8949384753044768,0.10506152469552324
4.0,2.0,diagonal_design_diagonal_estimator,"7,9",2.0,0.8949384753044768,0.10506152469552324
4.0,3.0,joint_design_joint_estimator,"7,10,12,13",3.0,0.5448459792631938,0.45515402073680633
4.0,3.0,diagonal_design_joint_estimator,"7,9,10",3.0,0.811151042179422,0.14957679715405175
4.0,3.0,diagonal_design_diagonal_estimator,"7,9,10",3.0,0.9020784836630485,0.14957679715405175
4.0,4.0,joint_design_joint_estimator,"7,9,11,12,13",4.0,0.4039887509839584,0.5960112490160416
4.0,4.0,diagonal_design_joint_estimator,"7,8,9,10",4.0,0.7314569598063413,0.18846510837759733
4.0,4.0,diagonal_design_diagonal_estimator,"7,8,9,10",4.0,0.9057292434778662,0.18846510837759733
4.0,5.0,joint_design_joint_estimator,"6,7,9,11,12,13",5.0,0.2969982485803831,0.7030017514196172
4.0,5.0,diagonal_design_joint_estimator,"6,7,8,9,10",5.0,0.6425456005847358,0.22371490781176565
4.0,5.0,diagonal_design_diagonal_estimator,"6,7,8,9,10",5.0,0.9329806982403559,0.22371490781176565
4.0,6.0,joint_design_joint_estimator,"6,7,9,10,11,12,13",6.0,0.21153098712577814,0.7884690128742221
4.0,6.0,diagonal_design_joint_estimator,"6,7,8,9,10,11",6.0,0.5541935862991333,0.25895015619043393
4.0,6.0,diagonal_design_diagonal_estimator,"6,7,8,9,10,11",6.0,0.9599700671070263,0.25895015619043393
