model,compound,mse,mae,n,rmse
constant_train_mean,Clozapine,1579.6062011538113,33.43059791461314,12,39.74425997743336
constant_train_mean,Levofloxacin,715.6194124178578,18.870637252662753,10,26.75106376236014
constant_train_mean,Olanzapine,274.97236670787805,13.881363125847015,12,16.58229075573933
constant_train_mean,Pioglitazone,969.5251503607599,25.71610526067419,10,31.13719882007307
constant_train_mean,Troglitazone,2083.320482031672,34.51678793731419,12,45.64340567959047
constant_train_mean,Trovafloxacin,1685.7230867543822,36.959939783579635,12,41.0575582171466
hill_decreasing,Clozapine,569.1910700004814,19.883023423579967,12,23.857725583141438
hill_decreasing,Levofloxacin,715.6204030781739,18.870681665039363,10,26.75108227863265
hill_decreasing,Olanzapine,355.15654970644965,15.387991146682966,12,18.845597621366366
hill_decreasing,Pioglitazone,345.7570436584007,16.984943253074483,10,18.594543383971565
hill_decreasing,Troglitazone,3075.871266505235,40.29660671698044,12,55.46053792116729
hill_decreasing,Trovafloxacin,1037.5302648841284,25.356685013826915,12,32.210716615501255
matern_gp_fixed,Clozapine,376.3090491542348,15.811890149053033,12,19.398686789425586
matern_gp_fixed,Levofloxacin,595.5461320226303,21.0826799390465,10,24.403813882723952
matern_gp_fixed,Olanzapine,646.9047128422368,21.219080452460254,12,25.434321552623274
matern_gp_fixed,Pioglitazone,573.4729402082146,21.022687864975556,10,23.94729504992609
matern_gp_fixed,Troglitazone,3474.641394803281,43.23040545421205,12,58.94608888470278
matern_gp_fixed,Trovafloxacin,496.49448326081375,19.243857234763567,12,22.28215616274183
