compound,dose,response,source_row,exclusion,donor_id,chip_id,dose_unit,endpoint
Clozapine,1.0,135.709948005764,2,,,,source_reported_concentration_coordinate,normalized_albumin_day3
Clozapine,1.0,113.769799561393,3,,,,source_reported_concentration_coordinate,normalized_albumin_day3
Clozapine,3.0,134.233207172339,4,,,,source_reported_concentration_coordinate,normalized_albumin_day3
Clozapine,3.0,158.282985283381,5,,,,source_reported_concentration_coordinate,normalized_albumin_day3
Clozapine,10.0,125.161799672409,6,,,,source_reported_concentration_coordinate,normalized_albumin_day3
Clozapine,10.0,151.110244505707,7,,,,source_reported_concentration_coordinate,normalized_albumin_day3
Clozapine,30.0,140.140170283521,8,,,,source_reported_concentration_coordinate,normalized_albumin_day3
Clozapine,30.0,119.465799728161,9,,,,source_reported_concentration_coordinate,normalized_albumin_day3
Clozapine,100.0,100.057206839291,10,,,,source_reported_concentration_coordinate,normalized_albumin_day3
Clozapine,100.0,74.7416510617572,11,,,,source_reported_concentration_coordinate,normalized_albumin_day3
Clozapine,300.0,69.6785397282349,12,,,,source_reported_concentration_coordinate,normalized_albumin_day3
Clozapine,300.0,43.730095117456,13,,,,source_reported_concentration_coordinate,normalized_albumin_day3
Olanzapine,1.0,151.743133338953,14,,,,source_reported_concentration_coordinate,normalized_albumin_day3
Olanzapine,1.0,129.802984894581,15,,,,source_reported_concentration_coordinate,normalized_albumin_day3
Olanzapine,3.0,105.331280894708,16,,,,source_reported_concentration_coordinate,normalized_albumin_day3
Olanzapine,3.0,127.904318172325,17,,,,source_reported_concentration_coordinate,normalized_albumin_day3
Olanzapine,10.0,155.118540894634,18,,,,source_reported_concentration_coordinate,normalized_albumin_day3
Olanzapine,10.0,112.925947783732,19,,,,source_reported_concentration_coordinate,normalized_albumin_day3
Olanzapine,30.0,113.769799561393,20,,,,source_reported_concentration_coordinate,normalized_albumin_day3
Olanzapine,30.0,112.293058727967,21,,,,source_reported_concentration_coordinate,normalized_albumin_day3
Olanzapine,100.0,122.208318228077,22,,,,source_reported_concentration_coordinate,normalized_albumin_day3
Olanzapine,100.0,141.194985005597,23,,,,source_reported_concentration_coordinate,normalized_albumin_day3
Olanzapine,300.0,132.334540450083,24,,,,source_reported_concentration_coordinate,normalized_albumin_day3
Olanzapine,300.0,118.20002183915,25,,,,source_reported_concentration_coordinate,normalized_albumin_day3
Troglitazone,0.98,86.9413297363926,26,,,,source_reported_concentration_coordinate,normalized_albumin_day3
Troglitazone,0.98,104.619181352019,27,,,,source_reported_concentration_coordinate,normalized_albumin_day3
Troglitazone,2.95,93.4542223314824,28,,,,source_reported_concentration_coordinate,normalized_albumin_day3
Troglitazone,2.95,107.596503757495,29,,,,source_reported_concentration_coordinate,normalized_albumin_day3
Troglitazone,9.82,106.666090561414,30,,,,source_reported_concentration_coordinate,normalized_albumin_day3
Troglitazone,9.82,72.6129657156675,31,,,,source_reported_concentration_coordinate,normalized_albumin_day3
Troglitazone,29.47,65.5418248914015,32,,,,source_reported_concentration_coordinate,normalized_albumin_day3
Troglitazone,29.47,85.4526685336544,33,,,,source_reported_concentration_coordinate,normalized_albumin_day3
Troglitazone,98.2,96.2454621422464,34,,,,source_reported_concentration_coordinate,normalized_albumin_day3
Troglitazone,98.2,126.576933981147,35,,,,source_reported_concentration_coordinate,normalized_albumin_day3
Troglitazone,294.72,0.0,36,,,,source_reported_concentration_coordinate,normalized_albumin_day3
Troglitazone,294.72,0.0,37,,,,source_reported_concentration_coordinate,normalized_albumin_day3
Pioglitazone,1.0,105.363511953388,38,,,,source_reported_concentration_coordinate,normalized_albumin_day3
Pioglitazone,1.0,,39,missing_response,,,source_reported_concentration_coordinate,normalized_albumin_day3
Pioglitazone,3.0,126.390851386435,40,,,,source_reported_concentration_coordinate,normalized_albumin_day3
Pioglitazone,3.0,,41,missing_response,,,source_reported_concentration_coordinate,normalized_albumin_day3
Pioglitazone,10.0,99.4088671424351,42,,,,source_reported_concentration_coordinate,normalized_albumin_day3
Pioglitazone,10.0,96.6176273316712,43,,,,source_reported_concentration_coordinate,normalized_albumin_day3
Pioglitazone,30.0,119.691875974113,44,,,,source_reported_concentration_coordinate,normalized_albumin_day3
Pioglitazone,30.0,108.526916953577,45,,,,source_reported_concentration_coordinate,normalized_albumin_day3
Pioglitazone,100.0,84.8944205269977,46,,,,source_reported_concentration_coordinate,normalized_albumin_day3
Pioglitazone,100.0,78.0093625199635,47,,,,source_reported_concentration_coordinate,normalized_albumin_day3
Pioglitazone,300.0,60.1454280871055,48,,,,source_reported_concentration_coordinate,normalized_albumin_day3
Pioglitazone,300.0,38.3737580526897,49,,,,source_reported_concentration_coordinate,normalized_albumin_day3
Trovafloxacin,1.0,125.68987893106,50,,,,source_reported_concentration_coordinate,normalized_albumin_day3
Trovafloxacin,1.0,103.881661404813,51,,,,source_reported_concentration_coordinate,normalized_albumin_day3
Trovafloxacin,3.0,113.930545863958,52,,,,source_reported_concentration_coordinate,normalized_albumin_day3
Trovafloxacin,3.0,100.46076463394,53,,,,source_reported_concentration_coordinate,normalized_albumin_day3
Trovafloxacin,10.0,86.1357590999432,54,,,,source_reported_concentration_coordinate,normalized_albumin_day3
Trovafloxacin,10.0,105.16449786078,55,,,,source_reported_concentration_coordinate,normalized_albumin_day3
Trovafloxacin,30.0,111.151067321069,56,,,,source_reported_concentration_coordinate,normalized_albumin_day3
Trovafloxacin,30.0,102.385019095371,57,,,,source_reported_concentration_coordinate,normalized_albumin_day3
Trovafloxacin,100.0,56.4167176519772,58,,,,source_reported_concentration_coordinate,normalized_albumin_day3
Trovafloxacin,100.0,33.7532758217525,59,,,,source_reported_concentration_coordinate,normalized_albumin_day3
Trovafloxacin,300.0,23.4905852866127,60,,,,source_reported_concentration_coordinate,normalized_albumin_day3
Trovafloxacin,300.0,33.5394699682774,61,,,,source_reported_concentration_coordinate,normalized_albumin_day3
Levofloxacin,1.0,141.194985005597,62,,,,source_reported_concentration_coordinate,normalized_albumin_day3
Levofloxacin,1.0,69.0456508949894,63,,,,source_reported_concentration_coordinate,normalized_albumin_day3
Levofloxacin,3.0,136.34283683901,64,,,,source_reported_concentration_coordinate,normalized_albumin_day3
Levofloxacin,3.0,110.183429061296,65,,,,source_reported_concentration_coordinate,normalized_albumin_day3
Levofloxacin,10.0,168.198244560971,66,,,,source_reported_concentration_coordinate,normalized_albumin_day3
Levofloxacin,10.0,120.309651505821,67,,,,source_reported_concentration_coordinate,normalized_albumin_day3
Levofloxacin,15.0,141.616910894428,68,,,,source_reported_concentration_coordinate,normalized_albumin_day3
Levofloxacin,15.0,122.419281172492,69,,,,source_reported_concentration_coordinate,normalized_albumin_day3
Levofloxacin,45.0,137.18668883919,70,,,,source_reported_concentration_coordinate,normalized_albumin_day3
Levofloxacin,45.0,138.452466505681,71,,,,source_reported_concentration_coordinate,normalized_albumin_day3
