orientation,full_pool_size,budget,method,mse,coverage90,width90,patients
p1_to_p2,15,3,exact_diagonal,0.0909225410879,0.999,1.89028176307,50
p1_to_p2,15,3,exact_joint,0.0909139656117,0.999,1.89322314278,50
p1_to_p2,15,3,greedy_joint,0.0909139656117,0.999,1.89322314278,50
p1_to_p2,15,3,random_diagonal,0.0909225410879,0.999,1.89028176307,50
p1_to_p2,15,3,random_joint,0.0909139656117,0.999,1.89322314278,50
p1_to_p2,15,3,random_linear,0.0640599938232,,,50
p1_to_p2,15,3,random_pchip,0.0776114692592,,,50
p1_to_p2,15,4,exact_diagonal,0.0660641147895,0.995,1.53304636765,50
p1_to_p2,15,4,exact_joint,0.0645590136706,0.995,1.52695447227,50
p1_to_p2,15,4,greedy_joint,0.0645590136706,0.995,1.52695447227,50
p1_to_p2,15,4,random_diagonal,0.0836287744475,0.99845,1.80472419326,50
p1_to_p2,15,4,random_joint,0.0761949531097,0.99865,1.78267182744,50
p1_to_p2,15,4,random_linear,0.0594535654037,,,50
p1_to_p2,15,4,random_pchip,0.0664127834626,,,50
p1_to_p2,15,5,exact_diagonal,0.0518566733591,0.992,1.42834230003,50
p1_to_p2,15,5,exact_joint,0.0541850677209,0.996,1.44385131064,50
p1_to_p2,15,5,greedy_joint,0.0541850677209,0.996,1.44385131064,50
p1_to_p2,15,5,random_diagonal,0.0785648058501,0.99795,1.75212151684,50
p1_to_p2,15,5,random_joint,0.0663858263042,0.9981,1.7042136576,50
p1_to_p2,15,5,random_linear,0.0553957016176,,,50
p1_to_p2,15,5,random_pchip,0.0605611133532,,,50
p1_to_p2,15,6,exact_diagonal,0.0519489092289,0.992,1.38419359226,50
p1_to_p2,15,6,exact_joint,0.0448375857814,0.996,1.39358737381,50
p1_to_p2,15,6,greedy_joint,0.0448375857814,0.996,1.39358737381,50
p1_to_p2,15,6,random_diagonal,0.0734580868755,0.9974,1.69298862245,50
p1_to_p2,15,6,random_joint,0.0583953202859,0.9971,1.6253747152,50
p1_to_p2,15,6,random_linear,0.0511858742799,,,50
p1_to_p2,15,6,random_pchip,0.0532327652583,,,50
p1_to_p2,15,7,exact_diagonal,0.0519489092289,0.992,1.38419359226,50
p1_to_p2,15,7,exact_joint,0.0443174431434,0.992,1.36053156459,50
p1_to_p2,15,7,greedy_joint,0.0443174431434,0.992,1.36053156459,50
p1_to_p2,15,7,random_diagonal,0.0684813746958,0.9965,1.62169788093,50
p1_to_p2,15,7,random_joint,0.0536081071273,0.99605,1.54508590545,50
p1_to_p2,15,7,random_linear,0.0488626807083,,,50
p1_to_p2,15,7,random_pchip,0.0502741867004,,,50
p1_to_p2,15,8,exact_diagonal,0.0519489092289,0.992,1.38419359226,50
p1_to_p2,15,8,exact_joint,0.0427898979524,0.992,1.33426817793,50
p1_to_p2,15,8,greedy_joint,0.0427898979524,0.992,1.33426817793,50
p1_to_p2,15,8,random_diagonal,0.0658223210313,0.996,1.59115826901,50
p1_to_p2,15,8,random_joint,0.050149361542,0.99575,1.50726258103,50
p1_to_p2,15,8,random_linear,0.0468110663469,,,50
p1_to_p2,15,8,random_pchip,0.0477300336415,,,50
p1_to_p2,15,9,exact_diagonal,0.0519489092289,0.992,1.38419359226,50
p1_to_p2,15,9,exact_joint,0.0421630354523,0.996,1.31877512986,50
p1_to_p2,15,9,greedy_joint,0.0421630354523,0.996,1.31877512986,50
p1_to_p2,15,9,random_diagonal,0.0622932284371,0.99525,1.53504134834,50
p1_to_p2,15,9,random_joint,0.0472390746661,0.99555,1.44473033276,50
p1_to_p2,15,9,random_linear,0.0450382407601,,,50
p1_to_p2,15,9,random_pchip,0.0460562101372,,,50
p1_to_p2,15,10,exact_diagonal,0.0519489092289,0.992,1.38419359226,50
p1_to_p2,15,10,exact_joint,0.0419254028483,0.992,1.30855185437,50
p1_to_p2,15,10,greedy_joint,0.0419254028483,0.992,1.30855185437,50
p1_to_p2,15,10,random_diagonal,0.060988874192,0.99485,1.50868373512,50
p1_to_p2,15,10,random_joint,0.0455330462258,0.9948,1.411812214,50
p1_to_p2,15,10,random_linear,0.0441234188143,,,50
p1_to_p2,15,10,random_pchip,0.0444675546951,,,50
p1_to_p2,15,11,exact_diagonal,0.0519489092289,0.992,1.38419359226,50
p1_to_p2,15,11,exact_joint,0.0395119471975,0.992,1.30129963126,50
p1_to_p2,15,11,greedy_joint,0.0395119471975,0.992,1.30129963126,50
p1_to_p2,15,11,random_diagonal,0.0595350798715,0.99435,1.48529930621,50
p1_to_p2,15,11,random_joint,0.0440195271057,0.99435,1.38716191177,50
p1_to_p2,15,11,random_linear,0.0429333665832,,,50
p1_to_p2,15,11,random_pchip,0.0432488962116,,,50
p1_to_p2,15,12,exact_diagonal,0.0519489092289,0.992,1.38419359226,50
p1_to_p2,15,12,exact_joint,0.0394842092587,0.992,1.29588730176,50
p1_to_p2,15,12,greedy_joint,0.0394842092587,0.992,1.29588730176,50
p1_to_p2,15,12,random_diagonal,0.0574515055754,0.9939,1.46517220943,50
p1_to_p2,15,12,random_joint,0.0421786367209,0.9937,1.36663783047,50
p1_to_p2,15,12,random_linear,0.0413611532049,,,50
p1_to_p2,15,12,random_pchip,0.0417877434296,,,50
p1_to_p2,15,13,exact_diagonal,0.0519489092289,0.992,1.38419359226,50
p1_to_p2,15,13,exact_joint,0.0380020367023,0.992,1.2916933696,50
p1_to_p2,15,13,greedy_joint,0.0380020367023,0.992,1.2916933696,50
p1_to_p2,15,13,random_diagonal,0.0561206696145,0.9929,1.42224035043,50
p1_to_p2,15,13,random_joint,0.0406682269468,0.9929,1.32347170244,50
p1_to_p2,15,13,random_linear,0.0408892601863,,,50
p1_to_p2,15,13,random_pchip,0.040665157602,,,50
p1_to_p2,15,14,exact_diagonal,0.0519489092289,0.992,1.38419359226,50
p1_to_p2,15,14,exact_joint,0.038610562572,0.992,1.28834796955,50
p1_to_p2,15,14,greedy_joint,0.038610562572,0.992,1.28834796955,50
p1_to_p2,15,14,random_diagonal,0.053326723247,0.9923,1.39687805026,50
p1_to_p2,15,14,random_joint,0.0386676435221,0.9923,1.29903220575,50
p1_to_p2,15,14,random_linear,0.0389814484862,,,50
p1_to_p2,15,14,random_pchip,0.0389316949815,,,50
p1_to_p2,15,15,exact_diagonal,0.0519489092289,0.992,1.38419359226,50
p1_to_p2,15,15,exact_joint,0.0374222336743,0.992,1.28561720567,50
p1_to_p2,15,15,greedy_joint,0.0374222336743,0.992,1.28561720567,50
p1_to_p2,15,15,random_diagonal,0.0519489092289,0.992,1.38419359226,50
p1_to_p2,15,15,random_joint,0.0374222336743,0.992,1.28561720567,50
p1_to_p2,15,15,random_linear,0.0378507826724,,,50
p1_to_p2,15,15,random_pchip,0.0378507826724,,,50
p1_to_p2,18,3,exact_diagonal,0.219421809803,0.964271378434,1.9408303663,98
p1_to_p2,18,3,exact_joint,0.226223999213,0.964807036795,1.95062424544,98
p1_to_p2,18,3,greedy_joint,0.226223999213,0.964807036795,1.95062424544,98
p1_to_p2,18,3,random_diagonal,0.219421809803,0.964271378434,1.9408303663,98
p1_to_p2,18,3,random_joint,0.226223999213,0.964807036795,1.95062424544,98
p1_to_p2,18,3,random_linear,0.214042693774,,,98
p1_to_p2,18,3,random_pchip,0.198475174017,,,98
p1_to_p2,18,4,exact_diagonal,0.0990837600588,0.972522916855,1.52756922434,98
p1_to_p2,18,4,exact_joint,0.0987021856915,0.97460675874,1.52713213377,98
p1_to_p2,18,4,greedy_joint,0.0987021856915,0.97460675874,1.52713213377,98
p1_to_p2,18,4,random_diagonal,0.196420285188,0.965555301324,1.87594855113,98
p1_to_p2,18,4,random_joint,0.192817350032,0.966163909687,1.85209746443,98
p1_to_p2,18,4,random_linear,0.18722930901,,,98
p1_to_p2,18,4,random_pchip,0.177512332132,,,98
p1_to_p2,18,5,exact_diagonal,0.074302620691,0.9775075698,1.41925056495,98
p1_to_p2,18,5,exact_joint,0.0724037134867,0.983480811345,1.44409565058,98
p1_to_p2,18,5,greedy_joint,0.083849923814,0.978896783355,1.45358375071,98
p1_to_p2,18,5,random_diagonal,0.171370121325,0.96730276856,1.80746485534,98
p1_to_p2,18,5,random_joint,0.164435402159,0.967188370453,1.75995194881,98
p1_to_p2,18,5,random_linear,0.160972323532,,,98
p1_to_p2,18,5,random_pchip,0.158128837182,,,98
p1_to_p2,18,6,exact_diagonal,0.0694188954213,0.97938691809,1.37578900419,98
p1_to_p2,18,6,exact_joint,0.0642936326135,0.982668977674,1.38912859703,98
p1_to_p2,18,6,greedy_joint,0.0758973542693,0.978320905401,1.39802273357,98
p1_to_p2,18,6,random_diagonal,0.151496015731,0.968797732038,1.73916109227,98
p1_to_p2,18,6,random_joint,0.140933764287,0.969091687388,1.67633704983,98
p1_to_p2,18,6,random_linear,0.137672938371,,,98
p1_to_p2,18,6,random_pchip,0.138632185215,,,98
p1_to_p2,18,7,exact_diagonal,0.0664271999847,0.978340088964,1.35394449543,98
p1_to_p2,18,7,exact_joint,0.0605783085634,0.982703871165,1.35755026498,98
p1_to_p2,18,7,greedy_joint,0.0603946576783,0.98294927535,1.35806663867,98
p1_to_p2,18,7,random_diagonal,0.136058357377,0.970362727181,1.68692870286,98
p1_to_p2,18,7,random_joint,0.124357090633,0.970823550606,1.61472957051,98
p1_to_p2,18,7,random_linear,0.120807466795,,,98
p1_to_p2,18,7,random_pchip,0.123575678544,,,98
p1_to_p2,18,8,exact_diagonal,0.0598561955573,0.980605820975,1.33679010307,98
p1_to_p2,18,8,exact_joint,0.0583350407535,0.983050063059,1.33025886439,98
p1_to_p2,18,8,greedy_joint,0.0579904012478,0.983225079124,1.33065905787,98
p1_to_p2,18,8,random_diagonal,0.117852839036,0.972031799527,1.61696221774,98
p1_to_p2,18,8,random_joint,0.105613720105,0.972821446051,1.53824585676,98
p1_to_p2,18,8,random_linear,0.100374547603,,,98
p1_to_p2,18,8,random_pchip,0.10512409127,,,98
p1_to_p2,18,9,exact_diagonal,0.059284502442,0.980706689984,1.32881131005,98
p1_to_p2,18,9,exact_joint,0.0540665692561,0.983613879465,1.30914739094,98
p1_to_p2,18,9,greedy_joint,0.0538781226746,0.984942506261,1.30940229443,98
p1_to_p2,18,9,random_diagonal,0.105674441675,0.973711141182,1.56796440638,98
p1_to_p2,18,9,random_joint,0.0925094622465,0.974834490814,1.4820886703,98
p1_to_p2,18,9,random_linear,0.0864065590715,,,98
p1_to_p2,18,9,random_pchip,0.0890095214762,,,98
p1_to_p2,18,10,exact_diagonal,0.059284502442,0.980706689984,1.32881131005,98
p1_to_p2,18,10,exact_joint,0.0482231236154,0.984800970586,1.29222713424,98
p1_to_p2,18,10,greedy_joint,0.0482231236154,0.984800970586,1.29222713424,98
p1_to_p2,18,10,random_diagonal,0.102804909043,0.974140735228,1.55309266395,98
p1_to_p2,18,10,random_joint,0.0890113317507,0.975307870093,1.46601335181,98
p1_to_p2,18,10,random_linear,0.0825880980163,,,98
p1_to_p2,18,10,random_pchip,0.0852917857259,,,98
p1_to_p2,18,11,exact_diagonal,0.059284502442,0.980706689984,1.32881131005,98
p1_to_p2,18,11,exact_joint,0.0473870625008,0.985067148589,1.27989095717,98
p1_to_p2,18,11,greedy_joint,0.0473870625008,0.985067148589,1.27989095717,98
p1_to_p2,18,11,random_diagonal,0.0975516850056,0.974796348073,1.52499375257,98
p1_to_p2,18,11,random_joint,0.0829179735771,0.976600705872,1.4354955799,98
p1_to_p2,18,11,random_linear,0.0758383727905,,,98
p1_to_p2,18,11,random_pchip,0.07741722995,,,98
p1_to_p2,18,12,exact_diagonal,0.059284502442,0.980706689984,1.32881131005,98
p1_to_p2,18,12,exact_joint,0.0468631566097,0.983842412043,1.27144754562,98
p1_to_p2,18,12,greedy_joint,0.0468631566097,0.983842412043,1.27144754562,98
p1_to_p2,18,12,random_diagonal,0.0874240871875,0.975901409401,1.48461721485,98
p1_to_p2,18,12,random_joint,0.0723480120075,0.978015307472,1.39224777466,98
p1_to_p2,18,12,random_linear,0.0644131526477,,,98
p1_to_p2,18,12,random_pchip,0.0673590966083,,,98
p1_to_p2,18,13,exact_diagonal,0.059284502442,0.980706689984,1.32881131005,98
p1_to_p2,18,13,exact_joint,0.0454426875271,0.984633899025,1.26391417999,98
p1_to_p2,18,13,greedy_joint,0.0454426875271,0.984633899025,1.26391417999,98
p1_to_p2,18,13,random_diagonal,0.0745431070704,0.977696032825,1.42190054551,98
p1_to_p2,18,13,random_joint,0.0588379514265,0.980918959643,1.33147127191,98
p1_to_p2,18,13,random_linear,0.0492449251169,,,98
p1_to_p2,18,13,random_pchip,0.0502454871425,,,98
p1_to_p2,18,14,exact_diagonal,0.059284502442,0.980706689984,1.32881131005,98
p1_to_p2,18,14,exact_joint,0.0443546567598,0.98436095231,1.25801214368,98
p1_to_p2,18,14,greedy_joint,0.0443546567598,0.98436095231,1.25801214368,98
p1_to_p2,18,14,random_diagonal,0.0711583767061,0.977993780355,1.40193307315,98
p1_to_p2,18,14,random_joint,0.055196707342,0.98144706772,1.31112661031,98
p1_to_p2,18,14,random_linear,0.0452448097055,,,98
p1_to_p2,18,14,random_pchip,0.0455872612829,,,98
p1_to_p2,18,15,exact_diagonal,0.059284502442,0.980706689984,1.32881131005,98
p1_to_p2,18,15,exact_joint,0.044214016491,0.984184195388,1.25348466074,98
p1_to_p2,18,15,greedy_joint,0.044214016491,0.984184195388,1.25348466074,98
p1_to_p2,18,15,random_diagonal,0.066598466379,0.978814270453,1.37793395569,98
p1_to_p2,18,15,random_joint,0.0504588144346,0.982543411818,1.28691324394,98
p1_to_p2,18,15,random_linear,0.0401052743492,,,98
p1_to_p2,18,15,random_pchip,0.0398041086875,,,98
p1_to_p2,18,16,exact_diagonal,0.059284502442,0.980706689984,1.32881131005,98
p1_to_p2,18,16,exact_joint,0.0436342510024,0.984120957667,1.24989522339,98
p1_to_p2,18,16,greedy_joint,0.0436342510024,0.984120957667,1.24989522339,98
p1_to_p2,18,16,random_diagonal,0.0640384842661,0.979581412529,1.36118337574,98
p1_to_p2,18,16,random_joint,0.0478836821565,0.983171915567,1.27235621558,98
p1_to_p2,18,16,random_linear,0.0371676570282,,,98
p1_to_p2,18,16,random_pchip,0.037078176131,,,98
p1_to_p2,18,17,exact_diagonal,0.059284502442,0.980706689984,1.32881131005,98
p1_to_p2,18,17,exact_joint,0.0436404516658,0.984204220138,1.24697620209,98
p1_to_p2,18,17,greedy_joint,0.0436404516658,0.984204220138,1.24697620209,98
p1_to_p2,18,17,random_diagonal,0.0615741770473,0.980224615255,1.34430019401,98
p1_to_p2,18,17,random_joint,0.04546717355,0.983690239278,1.25802867799,98
p1_to_p2,18,17,random_linear,0.0344607399958,,,98
p1_to_p2,18,17,random_pchip,0.0344740340789,,,98
p1_to_p2,18,18,exact_diagonal,0.059284502442,0.980706689984,1.32881131005,98
p1_to_p2,18,18,exact_joint,0.0432489785418,0.984376945479,1.24455382663,98
p1_to_p2,18,18,greedy_joint,0.0432489785418,0.984376945479,1.24455382663,98
p1_to_p2,18,18,random_diagonal,0.059284502442,0.980706689984,1.32881131005,98
p1_to_p2,18,18,random_joint,0.0432489785418,0.984376945479,1.24455382663,98
p1_to_p2,18,18,random_linear,0.0317962510357,,,98
p1_to_p2,18,18,random_pchip,0.0317962510357,,,98
p1_to_p2,19,3,exact_diagonal,0.184763612833,0.979797979798,1.99470573585,44
p1_to_p2,19,3,exact_joint,0.187085219117,0.980429292929,2.00137528974,44
p1_to_p2,19,3,greedy_joint,0.187085219117,0.980429292929,2.00137528974,44
p1_to_p2,19,3,random_diagonal,0.184763612833,0.979797979798,1.99470573585,44
p1_to_p2,19,3,random_joint,0.187085219117,0.980429292929,2.00137528974,44
p1_to_p2,19,3,random_linear,0.199984268375,,,44
p1_to_p2,19,3,random_pchip,0.208761113084,,,44
p1_to_p2,19,4,exact_diagonal,0.0830487820593,0.981060606061,1.56371386536,44
p1_to_p2,19,4,exact_joint,0.0766591801298,0.984848484848,1.55966500586,44
p1_to_p2,19,4,greedy_joint,0.0766591801298,0.984848484848,1.55966500586,44
p1_to_p2,19,4,random_diagonal,0.16056000329,0.979103535354,1.87466760574,44
p1_to_p2,19,4,random_joint,0.1597637454,0.975810185185,1.85674183178,44
p1_to_p2,19,4,random_linear,0.166748389667,,,44
p1_to_p2,19,4,random_pchip,0.173307284936,,,44
p1_to_p2,19,5,exact_diagonal,0.0699786560568,0.988005050505,1.44710538909,44
p1_to_p2,19,5,exact_joint,0.0623890866385,0.991792929293,1.46494196747,44
p1_to_p2,19,5,greedy_joint,0.0554951785402,0.99494949495,1.47734259054,44
p1_to_p2,19,5,random_diagonal,0.135373327716,0.979114057239,1.76087284965,44
p1_to_p2,19,5,random_joint,0.132030884872,0.977104377104,1.71930659616,44
p1_to_p2,19,5,random_linear,0.135421601323,,,44
p1_to_p2,19,5,random_pchip,0.131802124095,,,44
p1_to_p2,19,6,exact_diagonal,0.0634282688116,0.982323232323,1.38426476466,44
p1_to_p2,19,6,exact_joint,0.0592891913839,0.986742424242,1.41146851906,44
p1_to_p2,19,6,greedy_joint,0.0549324412881,0.996212121212,1.42466829538,44
p1_to_p2,19,6,random_diagonal,0.109390013987,0.979766414141,1.64631644056,44
p1_to_p2,19,6,random_joint,0.104853471439,0.977714646465,1.58743123005,44
p1_to_p2,19,6,random_linear,0.102699818449,,,44
p1_to_p2,19,6,random_pchip,0.0973231792318,,,44
p1_to_p2,19,7,exact_diagonal,0.0619293164664,0.97601010101,1.34587621031,44
p1_to_p2,19,7,exact_joint,0.0531846941751,0.989898989899,1.36963517859,44
p1_to_p2,19,7,greedy_joint,0.0531846941751,0.989898989899,1.36963517859,44
p1_to_p2,19,7,random_diagonal,0.102181882885,0.979061447811,1.59592345975,44
p1_to_p2,19,7,random_joint,0.0964101174456,0.976546717172,1.52836763218,44
p1_to_p2,19,7,random_linear,0.0921064446778,,,44
p1_to_p2,19,7,random_pchip,0.0892356655946,,,44
p1_to_p2,19,8,exact_diagonal,0.0596923374479,0.981060606061,1.31489870859,44
p1_to_p2,19,8,exact_joint,0.0536278078655,0.991161616162,1.34306057614,44
p1_to_p2,19,8,greedy_joint,0.0536278078655,0.991161616162,1.34306057614,44
p1_to_p2,19,8,random_diagonal,0.0885610647636,0.981428872054,1.5344257996,44
p1_to_p2,19,8,random_joint,0.0806321171785,0.980376683502,1.46686255567,44
p1_to_p2,19,8,random_linear,0.0741913829042,,,44
p1_to_p2,19,8,random_pchip,0.0730397562877,,,44
p1_to_p2,19,9,exact_diagonal,0.0545743775625,0.983585858586,1.28733803385,44
p1_to_p2,19,9,exact_joint,0.0495229125436,0.991161616162,1.31713138438,44
p1_to_p2,19,9,greedy_joint,0.0502236170961,0.992424242424,1.31942882852,44
p1_to_p2,19,9,random_diagonal,0.0828035867702,0.981807659933,1.50355953713,44
p1_to_p2,19,9,random_joint,0.0738928150886,0.981449915825,1.42791648445,44
p1_to_p2,19,9,random_linear,0.065711195442,,,44
p1_to_p2,19,9,random_pchip,0.0641569719448,,,44
p1_to_p2,19,10,exact_diagonal,0.052394217106,0.981060606061,1.27650539507,44
p1_to_p2,19,10,exact_joint,0.0492579289304,0.987373737374,1.29686949325,44
p1_to_p2,19,10,greedy_joint,0.0488469043186,0.986111111111,1.29728576135,44
p1_to_p2,19,10,random_diagonal,0.0776884100862,0.981134259259,1.46407093167,44
p1_to_p2,19,10,random_joint,0.0691598635788,0.981376262626,1.38994160872,44
p1_to_p2,19,10,random_linear,0.0597720581841,,,44
p1_to_p2,19,10,random_pchip,0.0603887322797,,,44
p1_to_p2,19,11,exact_diagonal,0.052394217106,0.981060606061,1.27650539507,44
p1_to_p2,19,11,exact_joint,0.0454250141885,0.991161616162,1.27877471719,44
p1_to_p2,19,11,greedy_joint,0.0454250141885,0.991161616162,1.27877471719,44
p1_to_p2,19,11,random_diagonal,0.0739641112067,0.98164983165,1.44521201312,44
p1_to_p2,19,11,random_joint,0.0639884087733,0.983385942761,1.36844185061,44
p1_to_p2,19,11,random_linear,0.0540672047155,,,44
p1_to_p2,19,11,random_pchip,0.0546069062651,,,44
p1_to_p2,19,12,exact_diagonal,0.052394217106,0.981060606061,1.27650539507,44
p1_to_p2,19,12,exact_joint,0.0454614667061,0.993055555556,1.26164971971,44
p1_to_p2,19,12,greedy_joint,0.0454614667061,0.993055555556,1.26164971971,44
p1_to_p2,19,12,random_diagonal,0.0684162008551,0.981786616162,1.40555340139,44
p1_to_p2,19,12,random_joint,0.0574031615016,0.984974747475,1.3323629895,44
p1_to_p2,19,12,random_linear,0.0468480650627,,,44
p1_to_p2,19,12,random_pchip,0.0472907845344,,,44
p1_to_p2,19,13,exact_diagonal,0.052394217106,0.981060606061,1.27650539507,44
p1_to_p2,19,13,exact_joint,0.0454017860197,0.991792929293,1.25032040974,44
p1_to_p2,19,13,greedy_joint,0.0454017860197,0.991792929293,1.25032040974,44
p1_to_p2,19,13,random_diagonal,0.0635405219739,0.981628787879,1.36894831075,44
p1_to_p2,19,13,random_joint,0.0523074757948,0.985343013468,1.29663917903,44
p1_to_p2,19,13,random_linear,0.0403311178546,,,44
p1_to_p2,19,13,random_pchip,0.0403762290741,,,44
p1_to_p2,19,14,exact_diagonal,0.052394217106,0.981060606061,1.27650539507,44
p1_to_p2,19,14,exact_joint,0.0442796577937,0.988636363636,1.24226918794,44
p1_to_p2,19,14,greedy_joint,0.0442796577937,0.988636363636,1.24226918794,44
p1_to_p2,19,14,random_diagonal,0.061672841677,0.980429292929,1.34678496661,44
p1_to_p2,19,14,random_joint,0.0499478775135,0.986426767677,1.27815246706,44
p1_to_p2,19,14,random_linear,0.0373045534993,,,44
p1_to_p2,19,14,random_pchip,0.0370601900156,,,44
p1_to_p2,19,15,exact_diagonal,0.052394217106,0.981060606061,1.27650539507,44
p1_to_p2,19,15,exact_joint,0.0413351872639,0.989898989899,1.23503118263,44
p1_to_p2,19,15,greedy_joint,0.0413351872639,0.989898989899,1.23503118263,44
p1_to_p2,19,15,random_diagonal,0.0605725526802,0.98023989899,1.33530379859,44
p1_to_p2,19,15,random_joint,0.0488688505665,0.986226851852,1.26694795231,44
p1_to_p2,19,15,random_linear,0.0360474154747,,,44
p1_to_p2,19,15,random_pchip,0.0359752036427,,,44
p1_to_p2,19,16,exact_diagonal,0.052394217106,0.981060606061,1.27650539507,44
p1_to_p2,19,16,exact_joint,0.0413234828512,0.989898989899,1.22881564599,44
p1_to_p2,19,16,greedy_joint,0.0413234828512,0.989898989899,1.22881564599,44
p1_to_p2,19,16,random_diagonal,0.0561384344167,0.980681818182,1.30840825465,44
p1_to_p2,19,16,random_joint,0.0445134318845,0.988194444444,1.24476416288,44
p1_to_p2,19,16,random_linear,0.0313722298164,,,44
p1_to_p2,19,16,random_pchip,0.0310687715857,,,44
p1_to_p2,19,17,exact_diagonal,0.052394217106,0.981060606061,1.27650539507,44
p1_to_p2,19,17,exact_joint,0.0410300767811,0.99053030303,1.22397877614,44
p1_to_p2,19,17,greedy_joint,0.0410300767811,0.99053030303,1.22397877614,44
p1_to_p2,19,17,random_diagonal,0.0553391790842,0.980618686869,1.30215814871,44
p1_to_p2,19,17,random_joint,0.0434924511895,0.988131313131,1.23781573433,44
p1_to_p2,19,17,random_linear,0.0304644960422,,,44
p1_to_p2,19,17,random_pchip,0.0303116529978,,,44
p1_to_p2,19,18,exact_diagonal,0.052394217106,0.981060606061,1.27650539507,44
p1_to_p2,19,18,exact_joint,0.0410425158596,0.989267676768,1.22010755563,44
p1_to_p2,19,18,greedy_joint,0.0410425158596,0.989267676768,1.22010755563,44
p1_to_p2,19,18,random_diagonal,0.0537494267723,0.980618686869,1.28796105873,44
p1_to_p2,19,18,random_joint,0.041864417849,0.989046717172,1.22661125915,44
p1_to_p2,19,18,random_linear,0.028906579063,,,44
p1_to_p2,19,18,random_pchip,0.0288361561402,,,44
p1_to_p2,19,19,exact_diagonal,0.052394217106,0.981060606061,1.27650539507,44
p1_to_p2,19,19,exact_joint,0.0403624223583,0.99053030303,1.21693899479,44
p1_to_p2,19,19,greedy_joint,0.0403624223583,0.99053030303,1.21693899479,44
p1_to_p2,19,19,random_diagonal,0.052394217106,0.981060606061,1.27650539507,44
p1_to_p2,19,19,random_joint,0.0403624223583,0.99053030303,1.21693899479,44
p1_to_p2,19,19,random_linear,0.0275126245199,,,44
p1_to_p2,19,19,random_pchip,0.0275126245199,,,44
p1_to_p2,21,3,exact_diagonal,0.0862406662052,0.99688697318,1.97503244425,58
p1_to_p2,21,3,exact_joint,0.106222943844,0.996527777778,1.98592184863,58
p1_to_p2,21,3,greedy_joint,0.106222943844,0.996527777778,1.98592184863,58
p1_to_p2,21,3,random_diagonal,0.0862406662052,0.99688697318,1.97503244425,58
p1_to_p2,21,3,random_joint,0.106222943844,0.996527777778,1.98592184863,58
p1_to_p2,21,3,random_linear,0.0615481248738,,,58
p1_to_p2,21,3,random_pchip,0.0523762294729,,,58
p1_to_p2,21,4,exact_diagonal,0.0383988098093,0.996168582375,1.55557022304,58
p1_to_p2,21,4,exact_joint,0.0493699577406,0.998323754789,1.55952563504,58
p1_to_p2,21,4,greedy_joint,0.0493699577406,0.998323754789,1.55952563504,58
p1_to_p2,21,4,random_diagonal,0.0749047890447,0.996707375479,1.8785517086,58
p1_to_p2,21,4,random_joint,0.0831542291747,0.996375119732,1.86247575155,58
p1_to_p2,21,4,random_linear,0.0562137867831,,,58
p1_to_p2,21,4,random_pchip,0.0485947741705,,,58
p1_to_p2,21,5,exact_diagonal,0.0359449926644,0.994013409962,1.43607715748,58
p1_to_p2,21,5,exact_joint,0.044748518621,0.995450191571,1.46091006752,58
p1_to_p2,21,5,greedy_joint,0.0450770852752,0.998323754789,1.47835134437,58
p1_to_p2,21,5,random_diagonal,0.0634253868784,0.996060823755,1.77720003057,58
p1_to_p2,21,5,random_joint,0.0677484250577,0.995432231801,1.73407923935,58
p1_to_p2,21,5,random_linear,0.0505856330293,,,58
p1_to_p2,21,5,random_pchip,0.0462296980627,,,58
p1_to_p2,21,6,exact_diagonal,0.0355046591912,0.995809386973,1.38341995595,58
p1_to_p2,21,6,exact_joint,0.0380329264031,0.994013409962,1.40367231306,58
p1_to_p2,21,6,greedy_joint,0.0381151903689,0.995450191571,1.41997387538,58
p1_to_p2,21,6,random_diagonal,0.0633508171123,0.995988984674,1.76916241172,58
p1_to_p2,21,6,random_joint,0.0637467138555,0.995189774904,1.7090101446,58
p1_to_p2,21,6,random_linear,0.0497496628601,,,58
p1_to_p2,21,6,random_pchip,0.044672380468,,,58
p1_to_p2,21,7,exact_diagonal,0.0364980265523,0.995809386973,1.33853778515,58
p1_to_p2,21,7,exact_joint,0.0371136280631,0.994731800766,1.36680466676,58
p1_to_p2,21,7,greedy_joint,0.0372639818455,0.993295019157,1.36783115414,58
p1_to_p2,21,7,random_diagonal,0.0541390037881,0.995504070881,1.68155501214,58
p1_to_p2,21,7,random_joint,0.0536100501496,0.994731800766,1.60688047186,58
p1_to_p2,21,7,random_linear,0.0440033101947,,,58
p1_to_p2,21,7,random_pchip,0.0423077918461,,,58
p1_to_p2,21,8,exact_diagonal,0.0337239274367,0.995809386973,1.30365283536,58
p1_to_p2,21,8,exact_joint,0.0355144567848,0.994013409962,1.33815595195,58
p1_to_p2,21,8,greedy_joint,0.0359243507711,0.993295019157,1.3389490695,58
p1_to_p2,21,8,random_diagonal,0.0484899576039,0.995414272031,1.61732709994,58
p1_to_p2,21,8,random_joint,0.0458040778161,0.994857519157,1.53277597426,58
p1_to_p2,21,8,random_linear,0.0391113848143,,,58
p1_to_p2,21,8,random_pchip,0.0387527320721,,,58
p1_to_p2,21,9,exact_diagonal,0.0341879796625,0.995809386973,1.2884688769,58
p1_to_p2,21,9,exact_joint,0.0359642986697,0.994731800766,1.31137505485,58
p1_to_p2,21,9,greedy_joint,0.0342782180563,0.993295019157,1.31181107766,58
p1_to_p2,21,9,random_diagonal,0.0444109276143,0.995198754789,1.55614516229,58
p1_to_p2,21,9,random_joint,0.0412263959259,0.994327705939,1.4666908527,58
p1_to_p2,21,9,random_linear,0.0370444353184,,,58
p1_to_p2,21,9,random_pchip,0.0385321582442,,,58
p1_to_p2,21,10,exact_diagonal,0.0341879796625,0.995809386973,1.2884688769,58
p1_to_p2,21,10,exact_joint,0.0326670356667,0.995809386973,1.28736148451,58
p1_to_p2,21,10,greedy_joint,0.0326670356667,0.995809386973,1.28736148451,58
p1_to_p2,21,10,random_diagonal,0.0438557388228,0.994785680077,1.53441365165,58
p1_to_p2,21,10,random_joint,0.0398545779776,0.993995450192,1.44352818695,58
p1_to_p2,21,10,random_linear,0.0362748325115,,,58
p1_to_p2,21,10,random_pchip,0.0380957881961,,,58
p1_to_p2,21,11,exact_diagonal,0.0341879796625,0.995809386973,1.2884688769,58
p1_to_p2,21,11,exact_joint,0.0299950451025,0.995450191571,1.26990838398,58
p1_to_p2,21,11,greedy_joint,0.0299950451025,0.995450191571,1.26990838398,58
p1_to_p2,21,11,random_diagonal,0.0415456373662,0.995102969349,1.49011416422,58
p1_to_p2,21,11,random_joint,0.0364560327943,0.994187021073,1.40077766602,58
p1_to_p2,21,11,random_linear,0.034543350143,,,58
p1_to_p2,21,11,random_pchip,0.0361405825783,,,58
p1_to_p2,21,12,exact_diagonal,0.0341879796625,0.995809386973,1.2884688769,58
p1_to_p2,21,12,exact_joint,0.030163166826,0.994552203065,1.25843538097,58
p1_to_p2,21,12,greedy_joint,0.030163166826,0.994552203065,1.25843538097,58
p1_to_p2,21,12,random_diagonal,0.038752386079,0.99525862069,1.4538865881,58
p1_to_p2,21,12,random_joint,0.0327729895042,0.994498323755,1.36315507652,58
p1_to_p2,21,12,random_linear,0.0313674369542,,,58
p1_to_p2,21,12,random_pchip,0.0325706703259,,,58
p1_to_p2,21,13,exact_diagonal,0.0341879796625,0.995809386973,1.2884688769,58
p1_to_p2,21,13,exact_joint,0.0302273619054,0.99527059387,1.24816734423,58
p1_to_p2,21,13,greedy_joint,0.0302273619054,0.99527059387,1.24816734423,58
p1_to_p2,21,13,random_diagonal,0.0382137052901,0.995007183908,1.41913070255,58
p1_to_p2,21,13,random_joint,0.0314875456647,0.994112188697,1.33013696478,58
p1_to_p2,21,13,random_linear,0.0307023190131,,,58
p1_to_p2,21,13,random_pchip,0.0323419341859,,,58
p1_to_p2,21,14,exact_diagonal,0.0341879796625,0.995809386973,1.2884688769,58
p1_to_p2,21,14,exact_joint,0.029731431454,0.99527059387,1.23970376447,58
p1_to_p2,21,14,greedy_joint,0.029731431454,0.99527059387,1.23970376447,58
p1_to_p2,21,14,random_diagonal,0.0371589432918,0.99528256705,1.39011420869,58
p1_to_p2,21,14,random_joint,0.0295924944644,0.994621048851,1.30293916055,58
p1_to_p2,21,14,random_linear,0.0293206777805,,,58
p1_to_p2,21,14,random_pchip,0.0308975909213,,,58
p1_to_p2,21,15,exact_diagonal,0.0341879796625,0.995809386973,1.2884688769,58
p1_to_p2,21,15,exact_joint,0.0286305832402,0.995450191571,1.23337731316,58
p1_to_p2,21,15,greedy_joint,0.0286305832402,0.995450191571,1.23337731316,58
p1_to_p2,21,15,random_diagonal,0.0362675711099,0.99526460728,1.36359848938,58
p1_to_p2,21,15,random_joint,0.0284329999911,0.99457315613,1.27896640727,58
p1_to_p2,21,15,random_linear,0.0282207938202,,,58
p1_to_p2,21,15,random_pchip,0.0297483719652,,,58
p1_to_p2,21,16,exact_diagonal,0.0341879796625,0.995809386973,1.2884688769,58
p1_to_p2,21,16,exact_joint,0.0262462982795,0.995450191571,1.22846903714,58
p1_to_p2,21,16,greedy_joint,0.0262462982795,0.995450191571,1.22846903714,58
p1_to_p2,21,16,random_diagonal,0.0358533263752,0.99530651341,1.35104055912,58
p1_to_p2,21,16,random_joint,0.0278149115861,0.994797653257,1.26699051816,58
p1_to_p2,21,16,random_linear,0.0276305429002,,,58
p1_to_p2,21,16,random_pchip,0.0289171920198,,,58
p1_to_p2,21,17,exact_diagonal,0.0341879796625,0.995809386973,1.2884688769,58
p1_to_p2,21,17,exact_joint,0.0255644198184,0.996527777778,1.22455002526,58
p1_to_p2,21,17,greedy_joint,0.0255644198184,0.996527777778,1.22455002526,58
p1_to_p2,21,17,random_diagonal,0.0358413225423,0.995432231801,1.34128335584,58
p1_to_p2,21,17,random_joint,0.0272824752302,0.995108955939,1.25768019353,58
p1_to_p2,21,17,random_linear,0.0274159977234,,,58
p1_to_p2,21,17,random_pchip,0.0284699603324,,,58
p1_to_p2,21,18,exact_diagonal,0.0341879796625,0.995809386973,1.2884688769,58
p1_to_p2,21,18,exact_joint,0.0256674199977,0.996527777778,1.22134851918,58
p1_to_p2,21,18,greedy_joint,0.0256674199977,0.996527777778,1.22134851918,58
p1_to_p2,21,18,random_diagonal,0.0353374897015,0.995545977011,1.32499069567,58
p1_to_p2,21,18,random_joint,0.0265878643577,0.995375359195,1.24465261627,58
p1_to_p2,21,18,random_linear,0.0268642155484,,,58
p1_to_p2,21,18,random_pchip,0.0277483020221,,,58
p1_to_p2,21,19,exact_diagonal,0.0341879796625,0.995809386973,1.2884688769,58
p1_to_p2,21,19,exact_joint,0.0252470935568,0.996527777778,1.21868396564,58
p1_to_p2,21,19,greedy_joint,0.0252470935568,0.996527777778,1.21868396564,58
p1_to_p2,21,19,random_diagonal,0.0348240759082,0.995635775862,1.30906313046,58
p1_to_p2,21,19,random_joint,0.0259522139027,0.995680675287,1.2317947061,58
p1_to_p2,21,19,random_linear,0.0260874576492,,,58
p1_to_p2,21,19,random_pchip,0.0267157199706,,,58
p1_to_p2,21,20,exact_diagonal,0.0341879796625,0.995809386973,1.2884688769,58
p1_to_p2,21,20,exact_joint,0.0251810065703,0.996408045977,1.21643171114,58
p1_to_p2,21,20,greedy_joint,0.0251810065703,0.996408045977,1.21643171114,58
p1_to_p2,21,20,random_diagonal,0.0343862544926,0.995749521073,1.29710931874,58
p1_to_p2,21,20,random_joint,0.0253817197144,0.99615960249,1.22205986473,58
p1_to_p2,21,20,random_linear,0.0254338518033,,,58
p1_to_p2,21,20,random_pchip,0.025654613986,,,58
p1_to_p2,21,21,exact_diagonal,0.0341879796625,0.995809386973,1.2884688769,58
p1_to_p2,21,21,exact_joint,0.0250672487461,0.996408045977,1.21450292007,58
p1_to_p2,21,21,greedy_joint,0.0250672487461,0.996408045977,1.21450292007,58
p1_to_p2,21,21,random_diagonal,0.0341879796625,0.995809386973,1.2884688769,58
p1_to_p2,21,21,random_joint,0.0250672487461,0.996408045977,1.21450292007,58
p1_to_p2,21,21,random_linear,0.0251654249825,,,58
p1_to_p2,21,21,random_pchip,0.0251654249825,,,58
p1_to_p2,22,3,exact_diagonal,0.257839296898,0.960751855238,1.98970564631,58
p1_to_p2,22,3,exact_joint,0.271594908904,0.961702453172,1.99671251706,58
p1_to_p2,22,3,greedy_joint,0.271594908904,0.961702453172,1.99671251706,58
p1_to_p2,22,3,random_diagonal,0.257839296898,0.960751855238,1.98970564631,58
p1_to_p2,22,3,random_joint,0.271594908904,0.961702453172,1.99671251706,58
p1_to_p2,22,3,random_linear,0.246665141867,,,58
p1_to_p2,22,3,random_pchip,0.173869876367,,,58
p1_to_p2,22,4,exact_diagonal,0.1025383289,0.971768087968,1.55511923967,58
p1_to_p2,22,4,exact_joint,0.099884901536,0.9755453844,1.55128114519,58
p1_to_p2,22,4,greedy_joint,0.099884901536,0.9755453844,1.55128114519,58
p1_to_p2,22,4,random_diagonal,0.212925359254,0.964326363491,1.87079816273,58
p1_to_p2,22,4,random_joint,0.217909061434,0.964560717327,1.85207750692,58
p1_to_p2,22,4,random_linear,0.205271233607,,,58
p1_to_p2,22,4,random_pchip,0.147857947089,,,58
p1_to_p2,22,5,exact_diagonal,0.0819142049061,0.977365247301,1.43953045236,58
p1_to_p2,22,5,exact_joint,0.0789166403773,0.982048091064,1.45738267979,58
p1_to_p2,22,5,greedy_joint,0.0673508498853,0.984345369403,1.46920425891,58
p1_to_p2,22,5,random_diagonal,0.161728306641,0.968207699601,1.71574392711,58
p1_to_p2,22,5,random_joint,0.160272875189,0.969229728439,1.68754263244,58
p1_to_p2,22,5,random_linear,0.153889609908,,,58
p1_to_p2,22,5,random_pchip,0.123436109076,,,58
p1_to_p2,22,6,exact_diagonal,0.0667309244086,0.977043543674,1.3740793119,58
p1_to_p2,22,6,exact_joint,0.0745844099303,0.980521510604,1.4038376194,58
p1_to_p2,22,6,greedy_joint,0.0602590846256,0.985035641375,1.41458096121,58
p1_to_p2,22,6,random_diagonal,0.14461887087,0.969628955382,1.66079759895,58
p1_to_p2,22,6,random_joint,0.141262668186,0.97053664942,1.61264599205,58
p1_to_p2,22,6,random_linear,0.134667551659,,,58
p1_to_p2,22,6,random_pchip,0.112773578381,,,58
p1_to_p2,22,7,exact_diagonal,0.0578970466324,0.979599031503,1.33582861791,58
p1_to_p2,22,7,exact_joint,0.0565415008269,0.983734011572,1.35935139762,58
p1_to_p2,22,7,greedy_joint,0.0565415008269,0.983734011572,1.35935139762,58
p1_to_p2,22,7,random_diagonal,0.116814143678,0.971844326285,1.58486003399,58
p1_to_p2,22,7,random_joint,0.109373071357,0.972810465164,1.51890685596,58
p1_to_p2,22,7,random_linear,0.103408666173,,,58
p1_to_p2,22,7,random_pchip,0.0919350143297,,,58
p1_to_p2,22,8,exact_diagonal,0.0589146678634,0.978824403034,1.30514689907,58
p1_to_p2,22,8,exact_joint,0.056125208223,0.98308667373,1.33265540134,58
p1_to_p2,22,8,greedy_joint,0.056125208223,0.98308667373,1.33265540134,58
p1_to_p2,22,8,random_diagonal,0.104238820132,0.973263057418,1.54444903922,58
p1_to_p2,22,8,random_joint,0.0952442272769,0.974668228018,1.47020841187,58
p1_to_p2,22,8,random_linear,0.0891014464641,,,58
p1_to_p2,22,8,random_pchip,0.0833992811822,,,58
p1_to_p2,22,9,exact_diagonal,0.0520071504964,0.980946921321,1.27751954883,58
p1_to_p2,22,9,exact_joint,0.0554547346703,0.982593233581,1.3073004431,58
p1_to_p2,22,9,greedy_joint,0.0496066508153,0.985205866133,1.31037182172,58
p1_to_p2,22,9,random_diagonal,0.0882731614876,0.974738419274,1.47453412448,58
p1_to_p2,22,9,random_joint,0.0771043809497,0.976663803383,1.3969743031,58
p1_to_p2,22,9,random_linear,0.0710202694523,,,58
p1_to_p2,22,9,random_pchip,0.0682403822703,,,58
p1_to_p2,22,10,exact_diagonal,0.0522248492513,0.98086710012,1.26734218137,58
p1_to_p2,22,10,exact_joint,0.0489581573165,0.983901817505,1.28715112497,58
p1_to_p2,22,10,greedy_joint,0.0489237899054,0.985118788459,1.28758693529,58
p1_to_p2,22,10,random_diagonal,0.0851329971806,0.975111840387,1.45398498651,58
p1_to_p2,22,10,random_joint,0.073491765142,0.977255266385,1.37799568835,58
p1_to_p2,22,10,random_linear,0.0668524443009,,,58
p1_to_p2,22,10,random_pchip,0.064032819551,,,58
p1_to_p2,22,11,exact_diagonal,0.0522248492513,0.98086710012,1.26734218137,58
p1_to_p2,22,11,exact_joint,0.0434408478484,0.986822547796,1.26903478072,58
p1_to_p2,22,11,greedy_joint,0.0434408478484,0.986822547796,1.26903478072,58
p1_to_p2,22,11,random_diagonal,0.0813148893192,0.975512473272,1.43302586146,58
p1_to_p2,22,11,random_joint,0.0687309435785,0.977975894602,1.35437738412,58
p1_to_p2,22,11,random_linear,0.061430747517,,,58
p1_to_p2,22,11,random_pchip,0.0597907773066,,,58
p1_to_p2,22,12,exact_diagonal,0.0522248492513,0.98086710012,1.26734218137,58
p1_to_p2,22,12,exact_joint,0.0412547505128,0.986485121812,1.25185939788,58
p1_to_p2,22,12,greedy_joint,0.0412547505128,0.986485121812,1.25185939788,58
p1_to_p2,22,12,random_diagonal,0.0781269495856,0.976196743537,1.41582374008,58
p1_to_p2,22,12,random_joint,0.0648465100519,0.978858281691,1.3365890692,58
p1_to_p2,22,12,random_linear,0.0571267786016,,,58
p1_to_p2,22,12,random_pchip,0.0557322619069,,,58
p1_to_p2,22,13,exact_diagonal,0.0522248492513,0.98086710012,1.26734218137,58
p1_to_p2,22,13,exact_joint,0.0417977466689,0.985854413387,1.24049390674,58
p1_to_p2,22,13,greedy_joint,0.0417977466689,0.985854413387,1.24049390674,58
p1_to_p2,22,13,random_diagonal,0.0746619496008,0.976629939844,1.39597115689,58
p1_to_p2,22,13,random_joint,0.0609300189551,0.979401247267,1.31552781707,58
p1_to_p2,22,13,random_linear,0.052747861737,,,58
p1_to_p2,22,13,random_pchip,0.0513571623688,,,58
p1_to_p2,22,14,exact_diagonal,0.0522248492513,0.98086710012,1.26734218137,58
p1_to_p2,22,14,exact_joint,0.0414336966667,0.98576400983,1.23241555566,58
p1_to_p2,22,14,greedy_joint,0.0414336966667,0.98576400983,1.23241555566,58
p1_to_p2,22,14,random_diagonal,0.0691695119834,0.97748260563,1.36521899307,58
p1_to_p2,22,14,random_joint,0.054935670689,0.980737617434,1.28913715749,58
p1_to_p2,22,14,random_linear,0.0454902901708,,,58
p1_to_p2,22,14,random_pchip,0.0437862672918,,,58
p1_to_p2,22,15,exact_diagonal,0.0522248492513,0.98086710012,1.26734218137,58
p1_to_p2,22,15,exact_joint,0.0412584082725,0.985556293297,1.2256425063,58
p1_to_p2,22,15,greedy_joint,0.0412584082725,0.985556293297,1.2256425063,58
p1_to_p2,22,15,random_diagonal,0.0629189216333,0.978734090183,1.33858261503,58
p1_to_p2,22,15,random_joint,0.048197756135,0.982294947197,1.26377213067,58
p1_to_p2,22,15,random_linear,0.0375770123415,,,58
p1_to_p2,22,15,random_pchip,0.0366560419946,,,58
p1_to_p2,22,16,exact_diagonal,0.0522248492513,0.98086710012,1.26734218137,58
p1_to_p2,22,16,exact_joint,0.0404081987899,0.98547284386,1.21942030211,58
p1_to_p2,22,16,greedy_joint,0.0404081987899,0.98547284386,1.21942030211,58
p1_to_p2,22,16,random_diagonal,0.0599109886885,0.979457076754,1.32714104751,58
p1_to_p2,22,16,random_joint,0.0452055141635,0.983139721569,1.25311783436,58
p1_to_p2,22,16,random_linear,0.0337298180597,,,58
p1_to_p2,22,16,random_pchip,0.0325793576167,,,58
p1_to_p2,22,17,exact_diagonal,0.0522248492513,0.98086710012,1.26734218137,58
p1_to_p2,22,17,exact_joint,0.0381359468685,0.985468610918,1.21457572603,58
p1_to_p2,22,17,greedy_joint,0.0381359468685,0.985468610918,1.21457572603,58
p1_to_p2,22,17,random_diagonal,0.0580284624372,0.979759868198,1.3149464214,58
p1_to_p2,22,17,random_joint,0.0432497038529,0.983512915917,1.24205983325,58
p1_to_p2,22,17,random_linear,0.0311800459617,,,58
p1_to_p2,22,17,random_pchip,0.0302047312993,,,58
p1_to_p2,22,18,exact_diagonal,0.0522248492513,0.98086710012,1.26734218137,58
p1_to_p2,22,18,exact_joint,0.0376405868676,0.985351600294,1.2106967461,58
p1_to_p2,22,18,greedy_joint,0.0376405868676,0.985351600294,1.2106967461,58
p1_to_p2,22,18,random_diagonal,0.0564095495151,0.980050217815,1.30101137692,58
p1_to_p2,22,18,random_joint,0.0413794110907,0.983953005873,1.23048018973,58
p1_to_p2,22,18,random_linear,0.0293231726912,,,58
p1_to_p2,22,18,random_pchip,0.0287876426093,,,58
p1_to_p2,22,19,exact_diagonal,0.0522248492513,0.98086710012,1.26734218137,58
p1_to_p2,22,19,exact_joint,0.0376958040149,0.985099437865,1.20752077882,58
p1_to_p2,22,19,greedy_joint,0.0376958040149,0.985099437865,1.20752077882,58
p1_to_p2,22,19,random_diagonal,0.0550637489687,0.980321247073,1.29057140184,58
p1_to_p2,22,19,random_joint,0.0400467760989,0.984279743677,1.22173634865,58
p1_to_p2,22,19,random_linear,0.0278145493145,,,58
p1_to_p2,22,19,random_pchip,0.0274292877609,,,58
p1_to_p2,22,20,exact_diagonal,0.0522248492513,0.98086710012,1.26734218137,58
p1_to_p2,22,20,exact_joint,0.0373498079169,0.985265127327,1.204872553,58
p1_to_p2,22,20,greedy_joint,0.0373498079169,0.985265127327,1.204872553,58
p1_to_p2,22,20,random_diagonal,0.0543549182598,0.980445438581,1.28334060504,58
p1_to_p2,22,20,random_joint,0.0391444701798,0.984444888903,1.21464186656,58
p1_to_p2,22,20,random_linear,0.0269245083745,,,58
p1_to_p2,22,20,random_pchip,0.026731651636,,,58
p1_to_p2,22,21,exact_diagonal,0.0522248492513,0.98086710012,1.26734218137,58
p1_to_p2,22,21,exact_joint,0.0372049043576,0.985149023763,1.20263059914,58
p1_to_p2,22,21,greedy_joint,0.0372049043576,0.985149023763,1.20263059914,58
p1_to_p2,22,21,random_diagonal,0.0527785224067,0.980817892164,1.27388985519,58
p1_to_p2,22,21,random_joint,0.0377078278705,0.984832505491,1.20678054358,58
p1_to_p2,22,21,random_linear,0.0251714644408,,,58
p1_to_p2,22,21,random_pchip,0.0250632177873,,,58
p1_to_p2,22,22,exact_diagonal,0.0522248492513,0.98086710012,1.26734218137,58
p1_to_p2,22,22,exact_joint,0.0370588170984,0.985009336662,1.20070807427,58
p1_to_p2,22,22,greedy_joint,0.0370588170984,0.985009336662,1.20070807427,58
p1_to_p2,22,22,random_diagonal,0.0522248492513,0.98086710012,1.26734218137,58
p1_to_p2,22,22,random_joint,0.0370588170984,0.985009336662,1.20070807427,58
p1_to_p2,22,22,random_linear,0.0244913736408,,,58
p1_to_p2,22,22,random_pchip,0.0244913736408,,,58
p2_to_p1,15,3,exact_diagonal,0.0673026142512,0.998,1.89028176307,50
p2_to_p1,15,3,exact_joint,0.0687632519078,0.998,1.89322314278,50
p2_to_p1,15,3,greedy_joint,0.0687632519078,0.998,1.89322314278,50
p2_to_p1,15,3,random_diagonal,0.0673026142512,0.998,1.89028176307,50
p2_to_p1,15,3,random_joint,0.0687632519078,0.998,1.89322314278,50
p2_to_p1,15,3,random_linear,0.0479377441574,,,50
p2_to_p1,15,3,random_pchip,0.0577140012915,,,50
p2_to_p1,15,4,exact_diagonal,0.0570845388487,0.994,1.53304636765,50
p2_to_p1,15,4,exact_joint,0.0579128906625,0.99,1.52695447227,50
p2_to_p1,15,4,greedy_joint,0.0579128906625,0.99,1.52695447227,50
p2_to_p1,15,4,random_diagonal,0.0619585665304,0.9976,1.80472419326,50
p2_to_p1,15,4,random_joint,0.0552973335577,0.9975,1.78267182744,50
p2_to_p1,15,4,random_linear,0.0446441350099,,,50
p2_to_p1,15,4,random_pchip,0.050310126099,,,50
p2_to_p1,15,5,exact_diagonal,0.0408722496246,0.993,1.42834230003,50
p2_to_p1,15,5,exact_joint,0.0454481817496,0.993,1.44385131064,50
p2_to_p1,15,5,greedy_joint,0.0454481817496,0.993,1.44385131064,50
p2_to_p1,15,5,random_diagonal,0.0582619155363,0.9974,1.75212151684,50
p2_to_p1,15,5,random_joint,0.0467166159332,0.9977,1.7042136576,50
p2_to_p1,15,5,random_linear,0.0421391575961,,,50
p2_to_p1,15,5,random_pchip,0.0472801458301,,,50
p2_to_p1,15,6,exact_diagonal,0.0386744092119,0.993,1.38419359226,50
p2_to_p1,15,6,exact_joint,0.0389617554602,0.995,1.39358737381,50
p2_to_p1,15,6,greedy_joint,0.0389617554602,0.995,1.39358737381,50
p2_to_p1,15,6,random_diagonal,0.0550091103118,0.997,1.69298862245,50
p2_to_p1,15,6,random_joint,0.041390424166,0.9973,1.6253747152,50
p2_to_p1,15,6,random_linear,0.040576074163,,,50
p2_to_p1,15,6,random_pchip,0.0443818657336,,,50
p2_to_p1,15,7,exact_diagonal,0.0386744092119,0.993,1.38419359226,50
p2_to_p1,15,7,exact_joint,0.0361350589139,0.991,1.36053156459,50
p2_to_p1,15,7,greedy_joint,0.0361350589139,0.991,1.36053156459,50
p2_to_p1,15,7,random_diagonal,0.0520114143143,0.99635,1.62169788093,50
p2_to_p1,15,7,random_joint,0.039487126807,0.99695,1.54508590545,50
p2_to_p1,15,7,random_linear,0.0409912044749,,,50
p2_to_p1,15,7,random_pchip,0.0448051866092,,,50
p2_to_p1,15,8,exact_diagonal,0.0386744092119,0.993,1.38419359226,50
p2_to_p1,15,8,exact_joint,0.0353686720714,0.995,1.33426817793,50
p2_to_p1,15,8,greedy_joint,0.0353686720714,0.995,1.33426817793,50
p2_to_p1,15,8,random_diagonal,0.0497693896012,0.99605,1.59115826901,50
p2_to_p1,15,8,random_joint,0.0368559593307,0.9962,1.50726258103,50
p2_to_p1,15,8,random_linear,0.0399697116387,,,50
p2_to_p1,15,8,random_pchip,0.0432475014476,,,50
p2_to_p1,15,9,exact_diagonal,0.0386744092119,0.993,1.38419359226,50
p2_to_p1,15,9,exact_joint,0.0320488947966,0.995,1.31877512986,50
p2_to_p1,15,9,greedy_joint,0.0320488947966,0.995,1.31877512986,50
p2_to_p1,15,9,random_diagonal,0.0481185144187,0.99545,1.53504134834,50
p2_to_p1,15,9,random_joint,0.0362905235274,0.9955,1.44473033276,50
p2_to_p1,15,9,random_linear,0.0404819908096,,,50
p2_to_p1,15,9,random_pchip,0.0437625523654,,,50
p2_to_p1,15,10,exact_diagonal,0.0386744092119,0.993,1.38419359226,50
p2_to_p1,15,10,exact_joint,0.0317768216618,0.995,1.30855185437,50
p2_to_p1,15,10,greedy_joint,0.0317768216618,0.995,1.30855185437,50
p2_to_p1,15,10,random_diagonal,0.0478200092693,0.995,1.50868373512,50
p2_to_p1,15,10,random_joint,0.0357618038701,0.9952,1.411812214,50
p2_to_p1,15,10,random_linear,0.0406254445823,,,50
p2_to_p1,15,10,random_pchip,0.0437028795051,,,50
p2_to_p1,15,11,exact_diagonal,0.0386744092119,0.993,1.38419359226,50
p2_to_p1,15,11,exact_joint,0.0309552198718,0.995,1.30129963126,50
p2_to_p1,15,11,greedy_joint,0.0309552198718,0.995,1.30129963126,50
p2_to_p1,15,11,random_diagonal,0.0462208969049,0.99465,1.48529930621,50
p2_to_p1,15,11,random_joint,0.0341898083681,0.99525,1.38716191177,50
p2_to_p1,15,11,random_linear,0.0397422781605,,,50
p2_to_p1,15,11,random_pchip,0.0422391956761,,,50
p2_to_p1,15,12,exact_diagonal,0.0386744092119,0.993,1.38419359226,50
p2_to_p1,15,12,exact_joint,0.0308453845117,0.995,1.29588730176,50
p2_to_p1,15,12,greedy_joint,0.0308453845116,0.995,1.29588730176,50
p2_to_p1,15,12,random_diagonal,0.0436282734369,0.9945,1.46517220943,50
p2_to_p1,15,12,random_joint,0.0324616438593,0.99595,1.36663783047,50
p2_to_p1,15,12,random_linear,0.0387700461932,,,50
p2_to_p1,15,12,random_pchip,0.040527498636,,,50
p2_to_p1,15,13,exact_diagonal,0.0386744092119,0.993,1.38419359226,50
p2_to_p1,15,13,exact_joint,0.0302430962628,0.995,1.2916933696,50
p2_to_p1,15,13,greedy_joint,0.0302430962628,0.995,1.2916933696,50
p2_to_p1,15,13,random_diagonal,0.043749764127,0.9933,1.42224035043,50
p2_to_p1,15,13,random_joint,0.0324492590946,0.9949,1.32347170244,50
p2_to_p1,15,13,random_linear,0.0401101867597,,,50
p2_to_p1,15,13,random_pchip,0.0415447360729,,,50
p2_to_p1,15,14,exact_diagonal,0.0386744092119,0.993,1.38419359226,50
p2_to_p1,15,14,exact_joint,0.0301913009382,0.995,1.28834796955,50
p2_to_p1,15,14,greedy_joint,0.0301913009382,0.995,1.28834796955,50
p2_to_p1,15,14,random_diagonal,0.0403465261979,0.9931,1.39687805026,50
p2_to_p1,15,14,random_joint,0.030304157216,0.99555,1.29903220575,50
p2_to_p1,15,14,random_linear,0.0386550148393,,,50
p2_to_p1,15,14,random_pchip,0.0391754966928,,,50
p2_to_p1,15,15,exact_diagonal,0.0386744092119,0.993,1.38419359226,50
p2_to_p1,15,15,exact_joint,0.0290994118613,0.996,1.28561720567,50
p2_to_p1,15,15,greedy_joint,0.0290994118613,0.996,1.28561720567,50
p2_to_p1,15,15,random_diagonal,0.0386744092119,0.993,1.38419359226,50
p2_to_p1,15,15,random_joint,0.0290994118613,0.996,1.28561720567,50
p2_to_p1,15,15,random_linear,0.0378507826724,,,50
p2_to_p1,15,15,random_pchip,0.0378507826724,,,50
p2_to_p1,18,3,exact_diagonal,0.219131101428,0.966131698068,1.9408303663,98
p2_to_p1,18,3,exact_joint,0.224879449727,0.967711132172,1.95062424544,98
p2_to_p1,18,3,greedy_joint,0.224879449727,0.967711132172,1.95062424544,98
p2_to_p1,18,3,random_diagonal,0.219131101428,0.966131698068,1.9408303663,98
p2_to_p1,18,3,random_joint,0.224879449727,0.967711132172,1.95062424544,98
p2_to_p1,18,3,random_linear,0.215980252405,,,98
p2_to_p1,18,3,random_pchip,0.201039947543,,,98
p2_to_p1,18,4,exact_diagonal,0.102345095543,0.97288322535,1.52756922434,98
p2_to_p1,18,4,exact_joint,0.100589925611,0.974945740215,1.52713213377,98
p2_to_p1,18,4,greedy_joint,0.100589925611,0.974945740215,1.52713213377,98
p2_to_p1,18,4,random_diagonal,0.195944786837,0.967543930552,1.87594855113,98
p2_to_p1,18,4,random_joint,0.189753131567,0.969153664843,1.85209746443,98
p2_to_p1,18,4,random_linear,0.185506947377,,,98
p2_to_p1,18,4,random_pchip,0.173717463617,,,98
p2_to_p1,18,5,exact_diagonal,0.075118858654,0.977712238274,1.41925056495,98
p2_to_p1,18,5,exact_joint,0.0713520330629,0.985016893421,1.44409565058,98
p2_to_p1,18,5,greedy_joint,0.0838421812645,0.979593362049,1.45358375071,98
p2_to_p1,18,5,random_diagonal,0.170534182885,0.969430640888,1.80746485534,98
p2_to_p1,18,5,random_joint,0.160821904933,0.970059933622,1.75995194881,98
p2_to_p1,18,5,random_linear,0.158395407139,,,98
p2_to_p1,18,5,random_pchip,0.15302838515,,,98
p2_to_p1,18,6,exact_diagonal,0.0707512092161,0.978777796424,1.37578900419,98
p2_to_p1,18,6,exact_joint,0.062878307471,0.984529569746,1.38912859703,98
p2_to_p1,18,6,greedy_joint,0.0754560024326,0.978872492429,1.39802273357,98
p2_to_p1,18,6,random_diagonal,0.150837971611,0.970846853603,1.73916109227,98
p2_to_p1,18,6,random_joint,0.137676478435,0.971482835951,1.67633704983,98
p2_to_p1,18,6,random_linear,0.135444243255,,,98
p2_to_p1,18,6,random_pchip,0.134642643065,,,98
p2_to_p1,18,7,exact_diagonal,0.0683243197643,0.978547052993,1.35394449543,98
p2_to_p1,18,7,exact_joint,0.0577479307343,0.98425491615,1.35755026498,98
p2_to_p1,18,7,greedy_joint,0.0582932580294,0.983482861112,1.35806663867,98
p2_to_p1,18,7,random_diagonal,0.135265985288,0.972389370002,1.68692870286,98
p2_to_p1,18,7,random_joint,0.121137506548,0.973219301221,1.61472957051,98
p2_to_p1,18,7,random_linear,0.118541081224,,,98
p2_to_p1,18,7,random_pchip,0.119922875035,,,98
p2_to_p1,18,8,exact_diagonal,0.061529659295,0.980763224433,1.33679010307,98
p2_to_p1,18,8,exact_joint,0.0547061486295,0.985001443928,1.33025886439,98
p2_to_p1,18,8,greedy_joint,0.0551054134274,0.984351317699,1.33065905787,98
p2_to_p1,18,8,random_diagonal,0.11743735144,0.973762452869,1.61696221774,98
p2_to_p1,18,8,random_joint,0.102486813176,0.975184826241,1.53824585676,98
p2_to_p1,18,8,random_linear,0.0982374869456,,,98
p2_to_p1,18,8,random_pchip,0.101989712486,,,98
p2_to_p1,18,9,exact_diagonal,0.0609541408058,0.980864302231,1.32881131005,98
p2_to_p1,18,9,exact_joint,0.0528251348679,0.983898491112,1.30914739094,98
p2_to_p1,18,9,greedy_joint,0.0516612707063,0.986197457149,1.30940229443,98
p2_to_p1,18,9,random_diagonal,0.105613444303,0.975221403046,1.56796440638,98
p2_to_p1,18,9,random_joint,0.0895635473425,0.977431664906,1.4820886703,98
p2_to_p1,18,9,random_linear,0.0845555750513,,,98
p2_to_p1,18,9,random_pchip,0.0868058600737,,,98
p2_to_p1,18,10,exact_diagonal,0.0609541408058,0.980864302231,1.32881131005,98
p2_to_p1,18,10,exact_joint,0.0463092016319,0.985466783201,1.29222713424,98
p2_to_p1,18,10,greedy_joint,0.0463092016319,0.985466783201,1.29222713424,98
p2_to_p1,18,10,random_diagonal,0.102721744055,0.975527807155,1.55309266395,98
p2_to_p1,18,10,random_joint,0.0861699523654,0.977739256951,1.46601335181,98
p2_to_p1,18,10,random_linear,0.0808139522986,,,98
p2_to_p1,18,10,random_pchip,0.0830958147472,,,98
p2_to_p1,18,11,exact_diagonal,0.0609541408058,0.980864302231,1.32881131005,98
p2_to_p1,18,11,exact_joint,0.0446848871713,0.985371178055,1.27989095717,98
p2_to_p1,18,11,greedy_joint,0.0446848871713,0.985371178055,1.27989095717,98
p2_to_p1,18,11,random_diagonal,0.0977075866552,0.975917543166,1.52499375257,98
p2_to_p1,18,11,random_joint,0.0804461236199,0.978659215269,1.4354955799,98
p2_to_p1,18,11,random_linear,0.0743826186357,,,98
p2_to_p1,18,11,random_pchip,0.0756803195234,,,98
p2_to_p1,18,12,exact_diagonal,0.0609541408058,0.980864302231,1.32881131005,98
p2_to_p1,18,12,exact_joint,0.0443115621287,0.985098892057,1.27144754562,98
p2_to_p1,18,12,greedy_joint,0.0443115621287,0.985098892057,1.27144754562,98
p2_to_p1,18,12,random_diagonal,0.0877130189642,0.976828073918,1.48461721485,98
p2_to_p1,18,12,random_joint,0.0702267658705,0.979992156794,1.39224777466,98
p2_to_p1,18,12,random_linear,0.0633447283955,,,98
p2_to_p1,18,12,random_pchip,0.066009935786,,,98
p2_to_p1,18,13,exact_diagonal,0.0609541408058,0.980864302231,1.32881131005,98
p2_to_p1,18,13,exact_joint,0.0437031945387,0.985886848609,1.26391417999,98
p2_to_p1,18,13,greedy_joint,0.0437031945387,0.985886848609,1.26391417999,98
p2_to_p1,18,13,random_diagonal,0.0756073630202,0.97824624569,1.42190054551,98
p2_to_p1,18,13,random_joint,0.0576029313019,0.982417191748,1.33147127191,98
p2_to_p1,18,13,random_linear,0.0489559151394,,,98
p2_to_p1,18,13,random_pchip,0.0499255235804,,,98
p2_to_p1,18,14,exact_diagonal,0.0609541408058,0.980864302231,1.32881131005,98
p2_to_p1,18,14,exact_joint,0.0432637382836,0.985741732838,1.25801214368,98
p2_to_p1,18,14,greedy_joint,0.0432637382836,0.985741732838,1.25801214368,98
p2_to_p1,18,14,random_diagonal,0.0723507785717,0.978537844263,1.40193307315,98
p2_to_p1,18,14,random_joint,0.0540986525226,0.982913116463,1.31112661031,98
p2_to_p1,18,14,random_linear,0.0450517946704,,,98
p2_to_p1,18,14,random_pchip,0.0453283599871,,,98
p2_to_p1,18,15,exact_diagonal,0.0609541408058,0.980864302231,1.32881131005,98
p2_to_p1,18,15,exact_joint,0.043160285195,0.985540409161,1.25348466074,98
p2_to_p1,18,15,greedy_joint,0.043160285195,0.985540409161,1.25348466074,98
p2_to_p1,18,15,random_diagonal,0.0679636720065,0.979278658872,1.37793395569,98
p2_to_p1,18,15,random_joint,0.0495127484508,0.983901355346,1.28691324394,98
p2_to_p1,18,15,random_linear,0.0401068688875,,,98
p2_to_p1,18,15,random_pchip,0.0398129079141,,,98
p2_to_p1,18,16,exact_diagonal,0.0609541408058,0.980864302231,1.32881131005,98
p2_to_p1,18,16,exact_joint,0.0429308649699,0.985355080565,1.24989522339,98
p2_to_p1,18,16,greedy_joint,0.0429308649699,0.985355080565,1.24989522339,98
p2_to_p1,18,16,random_diagonal,0.065548638221,0.979828787536,1.36118337574,98
p2_to_p1,18,16,random_joint,0.0470745254528,0.984522746163,1.27235621558,98
p2_to_p1,18,16,random_linear,0.0372143461863,,,98
p2_to_p1,18,16,random_pchip,0.037161895951,,,98
p2_to_p1,18,17,exact_diagonal,0.0609541408058,0.980864302231,1.32881131005,98
p2_to_p1,18,17,exact_joint,0.0428495418402,0.985229088619,1.24697620209,98
p2_to_p1,18,17,greedy_joint,0.0428495418402,0.985229088619,1.24697620209,98
p2_to_p1,18,17,random_diagonal,0.0631768427861,0.980394007972,1.34430019401,98
p2_to_p1,18,17,random_joint,0.0447367801688,0.984984009046,1.25802867799,98
p2_to_p1,18,17,random_linear,0.0345271240845,,,98
p2_to_p1,18,17,random_pchip,0.0345857352038,,,98
p2_to_p1,18,18,exact_diagonal,0.0609541408058,0.980864302231,1.32881131005,98
p2_to_p1,18,18,exact_joint,0.0424629087013,0.98545932809,1.24455382663,98
p2_to_p1,18,18,greedy_joint,0.0424629087013,0.98545932809,1.24455382663,98
p2_to_p1,18,18,random_diagonal,0.0609541408058,0.980864302231,1.32881131005,98
p2_to_p1,18,18,random_joint,0.0424629087013,0.98545932809,1.24455382663,98
p2_to_p1,18,18,random_linear,0.0317962510357,,,98
p2_to_p1,18,18,random_pchip,0.0317962510357,,,98
p2_to_p1,19,3,exact_diagonal,0.183907924758,0.974747474748,1.99470573585,44
p2_to_p1,19,3,exact_joint,0.190701049047,0.970328282828,2.00137528974,44
p2_to_p1,19,3,greedy_joint,0.190701049047,0.970328282828,2.00137528974,44
p2_to_p1,19,3,random_diagonal,0.183907924758,0.974747474748,1.99470573585,44
p2_to_p1,19,3,random_joint,0.190701049047,0.970328282828,2.00137528974,44
p2_to_p1,19,3,random_linear,0.197463368768,,,44
p2_to_p1,19,3,random_pchip,0.207265022439,,,44
p2_to_p1,19,4,exact_diagonal,0.0862554380524,0.982954545455,1.56371386536,44
p2_to_p1,19,4,exact_joint,0.084645866274,0.984217171717,1.55966500586,44
p2_to_p1,19,4,greedy_joint,0.084645866274,0.984217171717,1.55966500586,44
p2_to_p1,19,4,random_diagonal,0.15938734008,0.976188973064,1.87466760574,44
p2_to_p1,19,4,random_joint,0.162676181581,0.972169612795,1.85674183178,44
p2_to_p1,19,4,random_linear,0.166648594946,,,44
p2_to_p1,19,4,random_pchip,0.178227922429,,,44
p2_to_p1,19,5,exact_diagonal,0.0710997459888,0.98547979798,1.44710538909,44
p2_to_p1,19,5,exact_joint,0.0677512110428,0.988005050505,1.46494196747,44
p2_to_p1,19,5,greedy_joint,0.0562770284489,0.992424242424,1.47734259054,44
p2_to_p1,19,5,random_diagonal,0.134311925809,0.978177609428,1.76087284965,44
p2_to_p1,19,5,random_joint,0.134673422364,0.97398989899,1.71930659616,44
p2_to_p1,19,5,random_linear,0.136742738437,,,44
p2_to_p1,19,5,random_pchip,0.136607577219,,,44
p2_to_p1,19,6,exact_diagonal,0.0616680727709,0.984848484848,1.38426476466,44
p2_to_p1,19,6,exact_joint,0.0634374092747,0.98547979798,1.41146851906,44
p2_to_p1,19,6,greedy_joint,0.0552349034656,0.992424242424,1.42466829538,44
p2_to_p1,19,6,random_diagonal,0.109358036944,0.979945286195,1.64631644056,44
p2_to_p1,19,6,random_joint,0.108824303729,0.974316077441,1.58743123005,44
p2_to_p1,19,6,random_linear,0.106407589746,,,44
p2_to_p1,19,6,random_pchip,0.0978667977304,,,44
p2_to_p1,19,7,exact_diagonal,0.0606573483489,0.987373737374,1.34587621031,44
p2_to_p1,19,7,exact_joint,0.051656154613,0.988636363636,1.36963517859,44
p2_to_p1,19,7,greedy_joint,0.051656154613,0.988636363636,1.36963517859,44
p2_to_p1,19,7,random_diagonal,0.101432801722,0.979787457912,1.59592345975,44
p2_to_p1,19,7,random_joint,0.0989909466308,0.974842171717,1.52836763218,44
p2_to_p1,19,7,random_linear,0.0951196582285,,,44
p2_to_p1,19,7,random_pchip,0.0904905323386,,,44
p2_to_p1,19,8,exact_diagonal,0.0557457543158,0.983585858586,1.31489870859,44
p2_to_p1,19,8,exact_joint,0.0512078807862,0.987373737374,1.34306057614,44
p2_to_p1,19,8,greedy_joint,0.0512078807862,0.987373737374,1.34306057614,44
p2_to_p1,19,8,random_diagonal,0.0876162177838,0.981123737374,1.5344257996,44
p2_to_p1,19,8,random_joint,0.0823411534871,0.977662037037,1.46686255567,44
p2_to_p1,19,8,random_linear,0.0763761113448,,,44
p2_to_p1,19,8,random_pchip,0.0732589867969,,,44
p2_to_p1,19,9,exact_diagonal,0.0520295845141,0.986111111111,1.28733803385,44
p2_to_p1,19,9,exact_joint,0.0484574796037,0.986111111111,1.31713138438,44
p2_to_p1,19,9,greedy_joint,0.0477720775306,0.984848484848,1.31942882852,44
p2_to_p1,19,9,random_diagonal,0.0818032917565,0.981123737374,1.50355953713,44
p2_to_p1,19,9,random_joint,0.0758863871066,0.977588383838,1.42791648445,44
p2_to_p1,19,9,random_linear,0.0684158243516,,,44
p2_to_p1,19,9,random_pchip,0.066552425912,,,44
p2_to_p1,19,10,exact_diagonal,0.0504554992076,0.986111111111,1.27650539507,44
p2_to_p1,19,10,exact_joint,0.0482516199775,0.986111111111,1.29686949325,44
p2_to_p1,19,10,greedy_joint,0.044329642604,0.986111111111,1.29728576135,44
p2_to_p1,19,10,random_diagonal,0.0767570155779,0.981407828283,1.46407093167,44
p2_to_p1,19,10,random_joint,0.0713160227507,0.978061868687,1.38994160872,44
p2_to_p1,19,10,random_linear,0.0625556720306,,,44
p2_to_p1,19,10,random_pchip,0.0638677784267,,,44
p2_to_p1,19,11,exact_diagonal,0.0504554992076,0.986111111111,1.27650539507,44
p2_to_p1,19,11,exact_joint,0.0424845294236,0.988636363636,1.27877471719,44
p2_to_p1,19,11,greedy_joint,0.0424845294236,0.988636363636,1.27877471719,44
p2_to_p1,19,11,random_diagonal,0.0724089811967,0.982133838384,1.44521201312,44
p2_to_p1,19,11,random_joint,0.0648861829423,0.979545454545,1.36844185061,44
p2_to_p1,19,11,random_linear,0.0555810949492,,,44
p2_to_p1,19,11,random_pchip,0.0567304602092,,,44
p2_to_p1,19,12,exact_diagonal,0.0504554992076,0.986111111111,1.27650539507,44
p2_to_p1,19,12,exact_joint,0.0414050893657,0.988636363636,1.26164971971,44
p2_to_p1,19,12,greedy_joint,0.0414050893657,0.988636363636,1.26164971971,44
p2_to_p1,19,12,random_diagonal,0.0666504536748,0.982859848485,1.40555340139,44
p2_to_p1,19,12,random_joint,0.0576819533319,0.981113215488,1.3323629895,44
p2_to_p1,19,12,random_linear,0.0479203441577,,,44
p2_to_p1,19,12,random_pchip,0.0482209027809,,,44
p2_to_p1,19,13,exact_diagonal,0.0504554992076,0.986111111111,1.27650539507,44
p2_to_p1,19,13,exact_joint,0.041621182497,0.988636363636,1.25032040974,44
p2_to_p1,19,13,greedy_joint,0.041621182497,0.988636363636,1.25032040974,44
p2_to_p1,19,13,random_diagonal,0.0623190739548,0.983143939394,1.36894831075,44
p2_to_p1,19,13,random_joint,0.0533137306909,0.981207912458,1.29663917903,44
p2_to_p1,19,13,random_linear,0.0421767638858,,,44
p2_to_p1,19,13,random_pchip,0.0421338371006,,,44
p2_to_p1,19,14,exact_diagonal,0.0504554992076,0.986111111111,1.27650539507,44
p2_to_p1,19,14,exact_joint,0.0416599447177,0.988636363636,1.24226918794,44
p2_to_p1,19,14,greedy_joint,0.0416599447177,0.988636363636,1.24226918794,44
p2_to_p1,19,14,random_diagonal,0.0598987856531,0.983522727273,1.34678496661,44
p2_to_p1,19,14,random_joint,0.0498368270416,0.982786195286,1.27815246706,44
p2_to_p1,19,14,random_linear,0.0379828938708,,,44
p2_to_p1,19,14,random_pchip,0.037878452244,,,44
p2_to_p1,19,15,exact_diagonal,0.0504554992076,0.986111111111,1.27650539507,44
p2_to_p1,19,15,exact_joint,0.0402225998019,0.987373737374,1.23503118263,44
p2_to_p1,19,15,greedy_joint,0.0402225998019,0.987373737374,1.23503118263,44
p2_to_p1,19,15,random_diagonal,0.0588477377901,0.98345959596,1.33530379859,44
p2_to_p1,19,15,random_joint,0.0485029961265,0.983207070707,1.26694795231,44
p2_to_p1,19,15,random_linear,0.0365139482446,,,44
p2_to_p1,19,15,random_pchip,0.0366257429438,,,44
p2_to_p1,19,16,exact_diagonal,0.0504554992076,0.986111111111,1.27650539507,44
p2_to_p1,19,16,exact_joint,0.0399437283231,0.987373737374,1.22881564599,44
p2_to_p1,19,16,greedy_joint,0.0399437283231,0.987373737374,1.22881564599,44
p2_to_p1,19,16,random_diagonal,0.0546322827936,0.984090909091,1.30840825465,44
p2_to_p1,19,16,random_joint,0.0444599368976,0.985101010101,1.24476416288,44
p2_to_p1,19,16,random_linear,0.0324414612796,,,44
p2_to_p1,19,16,random_pchip,0.0319972453028,,,44
p2_to_p1,19,17,exact_diagonal,0.0504554992076,0.986111111111,1.27650539507,44
p2_to_p1,19,17,exact_joint,0.0403897573705,0.987373737374,1.22397877614,44
p2_to_p1,19,17,greedy_joint,0.0403897573705,0.987373737374,1.22397877614,44
p2_to_p1,19,17,random_diagonal,0.0537749489475,0.984343434343,1.30215814871,44
p2_to_p1,19,17,random_joint,0.0433545530912,0.985732323232,1.23781573433,44
p2_to_p1,19,17,random_linear,0.0312519594572,,,44
p2_to_p1,19,17,random_pchip,0.0310218632433,,,44
p2_to_p1,19,18,exact_diagonal,0.0504554992076,0.986111111111,1.27650539507,44
p2_to_p1,19,18,exact_joint,0.0398131027106,0.987373737374,1.22010755563,44
p2_to_p1,19,18,greedy_joint,0.0398131027106,0.987373737374,1.22010755563,44
p2_to_p1,19,18,random_diagonal,0.0520692448869,0.985227272727,1.28796105873,44
p2_to_p1,19,18,random_joint,0.0413994087131,0.986742424242,1.22661125915,44
p2_to_p1,19,18,random_linear,0.02925071143,,,44
p2_to_p1,19,18,random_pchip,0.0291583109421,,,44
p2_to_p1,19,19,exact_diagonal,0.0504554992076,0.986111111111,1.27650539507,44
p2_to_p1,19,19,exact_joint,0.0395621331117,0.987373737374,1.21693899479,44
p2_to_p1,19,19,greedy_joint,0.0395621331117,0.987373737374,1.21693899479,44
p2_to_p1,19,19,random_diagonal,0.0504554992076,0.986111111111,1.27650539507,44
p2_to_p1,19,19,random_joint,0.0395621331117,0.987373737374,1.21693899479,44
p2_to_p1,19,19,random_linear,0.0275126245199,,,44
p2_to_p1,19,19,random_pchip,0.0275126245199,,,44
p2_to_p1,21,3,exact_diagonal,0.100782936333,0.996527777778,1.97503244425,58
p2_to_p1,21,3,exact_joint,0.119475697583,0.996288314176,1.98592184863,58
p2_to_p1,21,3,greedy_joint,0.119475697583,0.996288314176,1.98592184863,58
p2_to_p1,21,3,random_diagonal,0.100782936333,0.996527777778,1.97503244425,58
p2_to_p1,21,3,random_joint,0.119475697583,0.996288314176,1.98592184863,58
p2_to_p1,21,3,random_linear,0.069787924071,,,58
p2_to_p1,21,3,random_pchip,0.0599421189125,,,58
p2_to_p1,21,4,exact_diagonal,0.0496018970974,0.99688697318,1.55557022304,58
p2_to_p1,21,4,exact_joint,0.0612944558071,0.997365900383,1.55952563504,58
p2_to_p1,21,4,greedy_joint,0.0612944558071,0.997365900383,1.55952563504,58
p2_to_p1,21,4,random_diagonal,0.088619881208,0.996455938697,1.8785517086,58
p2_to_p1,21,4,random_joint,0.0937888768867,0.996120689655,1.86247575155,58
p2_to_p1,21,4,random_linear,0.0614470633802,,,58
p2_to_p1,21,4,random_pchip,0.0535760438949,,,58
p2_to_p1,21,5,exact_diagonal,0.0440868023348,0.996168582375,1.43607715748,58
p2_to_p1,21,5,exact_joint,0.0540920803902,0.996168582375,1.46091006752,58
p2_to_p1,21,5,greedy_joint,0.0554127146211,0.997365900383,1.47835134437,58
p2_to_p1,21,5,random_diagonal,0.0758343246427,0.996192528736,1.77720003057,58
p2_to_p1,21,5,random_joint,0.0739909375504,0.995761494253,1.73407923935,58
p2_to_p1,21,5,random_linear,0.0521818847501,,,58
p2_to_p1,21,5,random_pchip,0.0475370032544,,,58
p2_to_p1,21,6,exact_diagonal,0.0443512751919,0.994731800766,1.38341995595,58
p2_to_p1,21,6,exact_joint,0.0421727517507,0.996168582375,1.40367231306,58
p2_to_p1,21,6,greedy_joint,0.0430225233335,0.99688697318,1.41997387538,58
p2_to_p1,21,6,random_diagonal,0.0756888960813,0.996084770115,1.76916241172,58
p2_to_p1,21,6,random_joint,0.0693844292921,0.995689655172,1.7090101446,58
p2_to_p1,21,6,random_linear,0.0512305332566,,,58
p2_to_p1,21,6,random_pchip,0.0458608667626,,,58
p2_to_p1,21,7,exact_diagonal,0.0442809760442,0.994731800766,1.33853778515,58
p2_to_p1,21,7,exact_joint,0.0407670186507,0.996168582375,1.36680466676,58
p2_to_p1,21,7,greedy_joint,0.0417003179927,0.995929118774,1.36783115414,58
p2_to_p1,21,7,random_diagonal,0.0656380772124,0.996084770115,1.68155501214,58
p2_to_p1,21,7,random_joint,0.0583888352002,0.995510057471,1.60688047186,58
p2_to_p1,21,7,random_linear,0.0447788230812,,,58
p2_to_p1,21,7,random_pchip,0.0429771756301,,,58
p2_to_p1,21,8,exact_diagonal,0.041004405779,0.994013409962,1.30365283536,58
p2_to_p1,21,8,exact_joint,0.0362134104561,0.996168582375,1.33815595195,58
p2_to_p1,21,8,greedy_joint,0.0370008034861,0.996168582375,1.3389490695,58
p2_to_p1,21,8,random_diagonal,0.0593694315296,0.996168582375,1.61732709994,58
p2_to_p1,21,8,random_joint,0.0505030776281,0.995396312261,1.53277597426,58
p2_to_p1,21,8,random_linear,0.0400340457924,,,58
p2_to_p1,21,8,random_pchip,0.0395963593226,,,58
p2_to_p1,21,9,exact_diagonal,0.0418495024039,0.994013409962,1.2884688769,58
p2_to_p1,21,9,exact_joint,0.0363851707916,0.995450191571,1.31137505485,58
p2_to_p1,21,9,greedy_joint,0.0355417736272,0.996168582375,1.31181107766,58
p2_to_p1,21,9,random_diagonal,0.0545854655345,0.995797413793,1.55614516229,58
p2_to_p1,21,9,random_joint,0.0455645148379,0.994683908046,1.4666908527,58
p2_to_p1,21,9,random_linear,0.0377347745421,,,58
p2_to_p1,21,9,random_pchip,0.0391239292197,,,58
p2_to_p1,21,10,exact_diagonal,0.0418495024039,0.994013409962,1.2884688769,58
p2_to_p1,21,10,exact_joint,0.0334915089808,0.99688697318,1.28736148451,58
p2_to_p1,21,10,greedy_joint,0.0334915089808,0.99688697318,1.28736148451,58
p2_to_p1,21,10,random_diagonal,0.0537030240772,0.995539990421,1.53441365165,58
p2_to_p1,21,10,random_joint,0.044327874543,0.994312739464,1.44352818695,58
p2_to_p1,21,10,random_linear,0.0373082791358,,,58
p2_to_p1,21,10,random_pchip,0.039120447498,,,58
p2_to_p1,21,11,exact_diagonal,0.0418495024039,0.994013409962,1.2884688769,58
p2_to_p1,21,11,exact_joint,0.0314790475147,0.99688697318,1.26990838398,58
p2_to_p1,21,11,greedy_joint,0.0314790475147,0.99688697318,1.26990838398,58
p2_to_p1,21,11,random_diagonal,0.0511413385636,0.995468151341,1.49011416422,58
p2_to_p1,21,11,random_joint,0.0406966323224,0.994707854406,1.40077766602,58
p2_to_p1,21,11,random_linear,0.035315631257,,,58
p2_to_p1,21,11,random_pchip,0.0369124854198,,,58
p2_to_p1,21,12,exact_diagonal,0.0418495024039,0.994013409962,1.2884688769,58
p2_to_p1,21,12,exact_joint,0.0304968753682,0.996168582375,1.25843538097,58
p2_to_p1,21,12,greedy_joint,0.0304968753682,0.996168582375,1.25843538097,58
p2_to_p1,21,12,random_diagonal,0.047983969171,0.995569923372,1.4538865881,58
p2_to_p1,21,12,random_joint,0.0372994203433,0.995079022989,1.36315507652,58
p2_to_p1,21,12,random_linear,0.0322506276092,,,58
p2_to_p1,21,12,random_pchip,0.0335102157602,,,58
p2_to_p1,21,13,exact_diagonal,0.0418495024039,0.994013409962,1.2884688769,58
p2_to_p1,21,13,exact_joint,0.0305528004262,0.996168582375,1.24816734423,58
p2_to_p1,21,13,greedy_joint,0.0305528004262,0.996168582375,1.24816734423,58
p2_to_p1,21,13,random_diagonal,0.0468832373938,0.99537835249,1.41913070255,58
p2_to_p1,21,13,random_joint,0.0354915723518,0.994905411877,1.33013696478,58
p2_to_p1,21,13,random_linear,0.0312840906633,,,58
p2_to_p1,21,13,random_pchip,0.033017803445,,,58
p2_to_p1,21,14,exact_diagonal,0.0418495024039,0.994013409962,1.2884688769,58
p2_to_p1,21,14,exact_joint,0.0295916430505,0.99688697318,1.23970376447,58
p2_to_p1,21,14,greedy_joint,0.0295916430505,0.99688697318,1.23970376447,58
p2_to_p1,21,14,random_diagonal,0.0454943395569,0.995426245211,1.39011420869,58
p2_to_p1,21,14,random_joint,0.0335251169616,0.995126915709,1.30293916055,58
p2_to_p1,21,14,random_linear,0.0298259152471,,,58
p2_to_p1,21,14,random_pchip,0.0314820123245,,,58
p2_to_p1,21,15,exact_diagonal,0.0418495024039,0.994013409962,1.2884688769,58
p2_to_p1,21,15,exact_joint,0.0292196700286,0.99688697318,1.23337731316,58
p2_to_p1,21,15,greedy_joint,0.0292196700286,0.99688697318,1.23337731316,58
p2_to_p1,21,15,random_diagonal,0.0443285448641,0.995186781609,1.36359848938,58
p2_to_p1,21,15,random_joint,0.0322869534155,0.995210727969,1.27896640727,58
p2_to_p1,21,15,random_linear,0.0286187582171,,,58
p2_to_p1,21,15,random_pchip,0.0302724084945,,,58
p2_to_p1,21,16,exact_diagonal,0.0418495024039,0.994013409962,1.2884688769,58
p2_to_p1,21,16,exact_joint,0.0284906501929,0.996168582375,1.22846903714,58
p2_to_p1,21,16,greedy_joint,0.0284906501929,0.996168582375,1.22846903714,58
p2_to_p1,21,16,random_diagonal,0.0438488209456,0.995126915709,1.35104055912,58
p2_to_p1,21,16,random_joint,0.031510524776,0.99525862069,1.26699051816,58
p2_to_p1,21,16,random_linear,0.0279753312365,,,58
p2_to_p1,21,16,random_pchip,0.0293929400115,,,58
p2_to_p1,21,17,exact_diagonal,0.0418495024039,0.994013409962,1.2884688769,58
p2_to_p1,21,17,exact_joint,0.028354465146,0.996168582375,1.22455002526,58
p2_to_p1,21,17,greedy_joint,0.028354465146,0.996168582375,1.22455002526,58
p2_to_p1,21,17,random_diagonal,0.0437328034685,0.994887452107,1.34128335584,58
p2_to_p1,21,17,random_joint,0.0309485386142,0.99529454023,1.25768019353,58
p2_to_p1,21,17,random_linear,0.0276377309843,,,58
p2_to_p1,21,17,random_pchip,0.0287818136554,,,58
p2_to_p1,21,18,exact_diagonal,0.0418495024039,0.994013409962,1.2884688769,58
p2_to_p1,21,18,exact_joint,0.0284076859176,0.996168582375,1.22134851918,58
p2_to_p1,21,18,greedy_joint,0.0284076859176,0.996168582375,1.22134851918,58
p2_to_p1,21,18,random_diagonal,0.0432549390397,0.994767720307,1.32499069567,58
p2_to_p1,21,18,random_joint,0.0302617205685,0.99528256705,1.24465261627,58
p2_to_p1,21,18,random_linear,0.0270340188106,,,58
p2_to_p1,21,18,random_pchip,0.0280501382939,,,58
p2_to_p1,21,19,exact_diagonal,0.0418495024039,0.994013409962,1.2884688769,58
p2_to_p1,21,19,exact_joint,0.0282637597997,0.995450191571,1.21868396564,58
p2_to_p1,21,19,greedy_joint,0.0282637597997,0.995450191571,1.21868396564,58
p2_to_p1,21,19,random_diagonal,0.0426131923409,0.994588122605,1.30906313046,58
p2_to_p1,21,19,random_joint,0.0294832453178,0.99523467433,1.2317947061,58
p2_to_p1,21,19,random_linear,0.0262031471109,,,58
p2_to_p1,21,19,random_pchip,0.0268980237917,,,58
p2_to_p1,21,20,exact_diagonal,0.0418495024039,0.994013409962,1.2884688769,58
p2_to_p1,21,20,exact_joint,0.0281653031154,0.995450191571,1.21643171114,58
p2_to_p1,21,20,greedy_joint,0.0281653031154,0.995450191571,1.21643171114,58
p2_to_p1,21,20,random_diagonal,0.0421160872476,0.994324712644,1.29710931874,58
p2_to_p1,21,20,random_joint,0.0287982767271,0.995402298851,1.22205986473,58
p2_to_p1,21,20,random_linear,0.0254561558353,,,58
p2_to_p1,21,20,random_pchip,0.025695125191,,,58
p2_to_p1,21,21,exact_diagonal,0.0418495024039,0.994013409962,1.2884688769,58
p2_to_p1,21,21,exact_joint,0.0283793483441,0.995450191571,1.21450292007,58
p2_to_p1,21,21,greedy_joint,0.0283793483441,0.995450191571,1.21450292007,58
p2_to_p1,21,21,random_diagonal,0.0418495024039,0.994013409962,1.2884688769,58
p2_to_p1,21,21,random_joint,0.0283793483441,0.995450191571,1.21450292007,58
p2_to_p1,21,21,random_linear,0.0251654249825,,,58
p2_to_p1,21,21,random_pchip,0.0251654249825,,,58
p2_to_p1,22,3,exact_diagonal,0.263878646076,0.960948384709,1.98970564631,58
p2_to_p1,22,3,exact_joint,0.276294981191,0.962215243914,1.99671251706,58
p2_to_p1,22,3,greedy_joint,0.276294981191,0.962215243914,1.99671251706,58
p2_to_p1,22,3,random_diagonal,0.263878646076,0.960948384709,1.98970564631,58
p2_to_p1,22,3,random_joint,0.276294981191,0.962215243914,1.99671251706,58
p2_to_p1,22,3,random_linear,0.254181725277,,,58
p2_to_p1,22,3,random_pchip,0.182909338998,,,58
p2_to_p1,22,4,exact_diagonal,0.107146760167,0.971925009192,1.55511923967,58
p2_to_p1,22,4,exact_joint,0.103265834527,0.975163814873,1.55128114519,58
p2_to_p1,22,4,greedy_joint,0.103265834527,0.975163814873,1.55128114519,58
p2_to_p1,22,4,random_diagonal,0.219222153425,0.964390190216,1.87079816273,58
p2_to_p1,22,4,random_joint,0.221324677924,0.965152845505,1.85207750692,58
p2_to_p1,22,4,random_linear,0.209374479384,,,58
p2_to_p1,22,4,random_pchip,0.150999100859,,,58
p2_to_p1,22,5,exact_diagonal,0.085917838737,0.97795846395,1.43953045236,58
p2_to_p1,22,5,exact_joint,0.0818336571779,0.982225269941,1.45738267979,58
p2_to_p1,22,5,greedy_joint,0.0726375748748,0.984000989299,1.46920425891,58
p2_to_p1,22,5,random_diagonal,0.167461092612,0.968215636368,1.71574392711,58
p2_to_p1,22,5,random_joint,0.1631981865,0.969635002443,1.68754263244,58
p2_to_p1,22,5,random_linear,0.156978443252,,,58
p2_to_p1,22,5,random_pchip,0.125846704519,,,58
p2_to_p1,22,6,exact_diagonal,0.0710312799418,0.976252285789,1.3740793119,58
p2_to_p1,22,6,exact_joint,0.0734834854304,0.981372936743,1.4038376194,58
p2_to_p1,22,6,greedy_joint,0.063878394616,0.985880113394,1.41458096121,58
p2_to_p1,22,6,random_diagonal,0.15066179863,0.969379060601,1.66079759895,58
p2_to_p1,22,6,random_joint,0.142103352429,0.971071330523,1.61264599205,58
p2_to_p1,22,6,random_linear,0.135922511952,,,58
p2_to_p1,22,6,random_pchip,0.114436027888,,,58
p2_to_p1,22,7,exact_diagonal,0.0632331365016,0.977957556891,1.33582861791,58
p2_to_p1,22,7,exact_joint,0.0569813566729,0.984036666957,1.35935139762,58
p2_to_p1,22,7,greedy_joint,0.0569813566729,0.984036666957,1.35935139762,58
p2_to_p1,22,7,random_diagonal,0.12225060277,0.971375376732,1.58486003399,58
p2_to_p1,22,7,random_joint,0.109847873181,0.973373370922,1.51890685596,58
p2_to_p1,22,7,random_linear,0.103430433987,,,58
p2_to_p1,22,7,random_pchip,0.0922678117533,,,58
p2_to_p1,22,8,exact_diagonal,0.0633826041928,0.97672698005,1.30514689907,58
p2_to_p1,22,8,exact_joint,0.0540340370286,0.983414424417,1.33265540134,58
p2_to_p1,22,8,greedy_joint,0.0540340370286,0.983414424417,1.33265540134,58
p2_to_p1,22,8,random_diagonal,0.109657791827,0.972464013942,1.54444903922,58
p2_to_p1,22,8,random_joint,0.0952111144601,0.975054725899,1.47020841187,58
p2_to_p1,22,8,random_linear,0.0886298093221,,,58
p2_to_p1,22,8,random_pchip,0.0834002476506,,,58
p2_to_p1,22,9,exact_diagonal,0.0575121033232,0.979136733716,1.27751954883,58
p2_to_p1,22,9,exact_joint,0.053154953998,0.982844791304,1.3073004431,58
p2_to_p1,22,9,greedy_joint,0.0474994271025,0.98470305304,1.31037182172,58
p2_to_p1,22,9,random_diagonal,0.0932008734202,0.973977200163,1.47453412448,58
p2_to_p1,22,9,random_joint,0.0767015247639,0.977329448702,1.3969743031,58
p2_to_p1,22,9,random_linear,0.0701124690609,,,58
p2_to_p1,22,9,random_pchip,0.0678037345251,,,58
p2_to_p1,22,10,exact_diagonal,0.0580454046684,0.978948065424,1.26734218137,58
p2_to_p1,22,10,exact_joint,0.0467075937487,0.984028805778,1.28715112497,58
p2_to_p1,22,10,greedy_joint,0.0466774985255,0.984731776578,1.28758693529,58
p2_to_p1,22,10,random_diagonal,0.0902614543803,0.974135391269,1.45398498651,58
p2_to_p1,22,10,random_joint,0.0732517473222,0.977816403378,1.37799568835,58
p2_to_p1,22,10,random_linear,0.0660605407671,,,58
p2_to_p1,22,10,random_pchip,0.0636351079411,,,58
p2_to_p1,22,11,exact_diagonal,0.0580454046684,0.978948065424,1.26734218137,58
p2_to_p1,22,11,exact_joint,0.0419776075116,0.985869833391,1.26903478072,58
p2_to_p1,22,11,greedy_joint,0.0419776075116,0.985869833391,1.26903478072,58
p2_to_p1,22,11,random_diagonal,0.0866540787452,0.974403139997,1.43302586146,58
p2_to_p1,22,11,random_joint,0.0688591063234,0.97821319638,1.35437738412,58
p2_to_p1,22,11,random_linear,0.0608985498072,,,58
p2_to_p1,22,11,random_pchip,0.0593623160741,,,58
p2_to_p1,22,12,exact_diagonal,0.0580454046684,0.978948065424,1.26734218137,58
p2_to_p1,22,12,exact_joint,0.0404753142021,0.985311689694,1.25185939788,58
p2_to_p1,22,12,greedy_joint,0.0404753142021,0.985311689694,1.25185939788,58
p2_to_p1,22,12,random_diagonal,0.0836253030662,0.974893571733,1.41582374008,58
p2_to_p1,22,12,random_joint,0.0651851105486,0.9791812552,1.3365890692,58
p2_to_p1,22,12,random_linear,0.0567603681067,,,58
p2_to_p1,22,12,random_pchip,0.0554047427567,,,58
p2_to_p1,22,13,exact_diagonal,0.0580454046684,0.978948065424,1.26734218137,58
p2_to_p1,22,13,exact_joint,0.0396932031709,0.985205261427,1.24049390674,58
p2_to_p1,22,13,greedy_joint,0.0396932031709,0.985205261427,1.24049390674,58
p2_to_p1,22,13,random_diagonal,0.0799948133456,0.975291710205,1.39597115689,58
p2_to_p1,22,13,random_joint,0.0610923012062,0.979712958125,1.31552781707,58
p2_to_p1,22,13,random_linear,0.0522126717477,,,58
p2_to_p1,22,13,random_pchip,0.0507703957468,,,58
p2_to_p1,22,14,exact_diagonal,0.0580454046684,0.978948065424,1.26734218137,58
p2_to_p1,22,14,exact_joint,0.0390589827964,0.985090367274,1.23241555566,58
p2_to_p1,22,14,greedy_joint,0.0390589827964,0.985090367274,1.23241555566,58
p2_to_p1,22,14,random_diagonal,0.0744873776883,0.975887481738,1.36521899307,58
p2_to_p1,22,14,random_joint,0.0551049688016,0.980860584412,1.28913715749,58
p2_to_p1,22,14,random_linear,0.0449998746923,,,58
p2_to_p1,22,14,random_pchip,0.0434096736672,,,58
p2_to_p1,22,15,exact_diagonal,0.0580454046684,0.978948065424,1.26734218137,58
p2_to_p1,22,15,exact_joint,0.0389113659057,0.985139348466,1.2256425063,58
p2_to_p1,22,15,greedy_joint,0.0389113659057,0.985139348466,1.2256425063,58
p2_to_p1,22,15,random_diagonal,0.0685297544565,0.976884158273,1.33858261503,58
p2_to_p1,22,15,random_joint,0.0486756620866,0.982257440303,1.26377213067,58
p2_to_p1,22,15,random_linear,0.0373665020342,,,58
p2_to_p1,22,15,random_pchip,0.0365188255125,,,58
p2_to_p1,22,16,exact_diagonal,0.0580454046684,0.978948065424,1.26734218137,58
p2_to_p1,22,16,exact_joint,0.0384798331357,0.985030803727,1.21942030211,58
p2_to_p1,22,16,greedy_joint,0.0384798331357,0.985030803727,1.21942030211,58
p2_to_p1,22,16,random_diagonal,0.0657055846247,0.977275690332,1.32714104751,58
p2_to_p1,22,16,random_joint,0.0458220494765,0.982929979271,1.25311783436,58
p2_to_p1,22,16,random_linear,0.0336490553708,,,58
p2_to_p1,22,16,random_pchip,0.032559572232,,,58
p2_to_p1,22,17,exact_diagonal,0.0580454046684,0.978948065424,1.26734218137,58
p2_to_p1,22,17,exact_joint,0.0378173595832,0.985117276694,1.21457572603,58
p2_to_p1,22,17,greedy_joint,0.0378173595832,0.985117276694,1.21457572603,58
p2_to_p1,22,17,random_diagonal,0.0639737970772,0.97749882687,1.3149464214,58
p2_to_p1,22,17,random_joint,0.0439431183477,0.983147068748,1.24205983325,58
p2_to_p1,22,17,random_linear,0.0311994598217,,,58
p2_to_p1,22,17,random_pchip,0.0302789741476,,,58
p2_to_p1,22,18,exact_diagonal,0.0580454046684,0.978948065424,1.26734218137,58
p2_to_p1,22,18,exact_joint,0.0375857901109,0.984853322497,1.2106967461,58
p2_to_p1,22,18,greedy_joint,0.0375857901109,0.984853322497,1.2106967461,58
p2_to_p1,22,18,random_diagonal,0.0623695238946,0.977814332259,1.30101137692,58
p2_to_p1,22,18,random_joint,0.0421444988756,0.983566553345,1.23048018973,58
p2_to_p1,22,18,random_linear,0.0293593071286,,,58
p2_to_p1,22,18,random_pchip,0.0289014368368,,,58
p2_to_p1,22,19,exact_diagonal,0.0580454046684,0.978948065424,1.26734218137,58
p2_to_p1,22,19,exact_joint,0.0375729481296,0.984554597701,1.20752077882,58
p2_to_p1,22,19,greedy_joint,0.0375729481296,0.984554597701,1.20752077882,58
p2_to_p1,22,19,random_diagonal,0.0610565387655,0.978157215716,1.29057140184,58
p2_to_p1,22,19,random_joint,0.040794182298,0.983898793974,1.22173634865,58
p2_to_p1,22,19,random_linear,0.0278878325099,,,58
p2_to_p1,22,19,random_pchip,0.0275487178698,,,58
p2_to_p1,22,20,exact_diagonal,0.0580454046684,0.978948065424,1.26734218137,58
p2_to_p1,22,20,exact_joint,0.0374820253018,0.984775920121,1.204872553,58
p2_to_p1,22,20,greedy_joint,0.0374820253018,0.984775920121,1.204872553,58
p2_to_p1,22,20,random_diagonal,0.060267261231,0.978365295072,1.28334060504,58
p2_to_p1,22,20,random_joint,0.0398496394866,0.984067824437,1.21464186656,58
p2_to_p1,22,20,random_linear,0.0269817751742,,,58
p2_to_p1,22,20,random_pchip,0.0268225570775,,,58
p2_to_p1,22,21,exact_diagonal,0.0580454046684,0.978948065424,1.26734218137,58
p2_to_p1,22,21,exact_joint,0.0374482624342,0.984662537734,1.20263059914,58
p2_to_p1,22,21,greedy_joint,0.0374482624342,0.984662537734,1.20263059914,58
p2_to_p1,22,21,random_diagonal,0.0587097466266,0.978801681204,1.27388985519,58
p2_to_p1,22,21,random_joint,0.038347068711,0.984441245549,1.20678054358,58
p2_to_p1,22,21,random_linear,0.0252163581726,,,58
p2_to_p1,22,21,random_pchip,0.0250875998503,,,58
p2_to_p1,22,22,exact_diagonal,0.0580454046684,0.978948065424,1.26734218137,58
p2_to_p1,22,22,exact_joint,0.0375977845826,0.984536758872,1.20070807427,58
p2_to_p1,22,22,greedy_joint,0.0375977845826,0.984536758872,1.20070807427,58
p2_to_p1,22,22,random_diagonal,0.0580454046684,0.978948065424,1.26734218137,58
p2_to_p1,22,22,random_joint,0.0375977845826,0.984536758872,1.20070807427,58
p2_to_p1,22,22,random_linear,0.0244913736408,,,58
p2_to_p1,22,22,random_pchip,0.0244913736408,,,58
