orientation,library_id,method,mse,coverage90,width90,patients
p1_to_p2,lib1,exact_diagonal,0.0640689481024,0.981280460924,1.34408807864,58
p1_to_p2,lib1,exact_joint,0.0575418415512,0.984636812007,1.321882337,58
p1_to_p2,lib1,greedy_joint,0.0561958963285,0.985089903765,1.3231306332,58
p1_to_p2,lib1,random_diagonal,0.0904909959043,0.977993978253,1.48011623414,58
p1_to_p2,lib1,random_joint,0.0812356024092,0.980020359367,1.41487574498,58
p1_to_p2,lib1,random_linear,0.0716201608144,,,58
p1_to_p2,lib1,random_pchip,0.0637046746038,,,58
p1_to_p2,lib2,exact_diagonal,0.0937747867735,0.968063687988,1.38076021117,52
p1_to_p2,lib2,exact_joint,0.0829144881236,0.975735753789,1.36360206629,52
p1_to_p2,lib2,greedy_joint,0.0854485135666,0.974907645769,1.36585290006,52
p1_to_p2,lib2,random_diagonal,0.144216009402,0.961444759397,1.5259374409,52
p1_to_p2,lib2,random_joint,0.127999769137,0.966189073959,1.46310170961,52
p1_to_p2,lib2,random_linear,0.120439106007,,,52
p1_to_p2,lib2,random_pchip,0.106864773821,,,52
p2_to_p1,lib1,exact_diagonal,0.0697497709482,0.979821614103,1.34408807864,58
p2_to_p1,lib1,exact_joint,0.0574588340983,0.984602763692,1.321882337,58
p2_to_p1,lib1,greedy_joint,0.0564359448616,0.984986785365,1.3231306332,58
p2_to_p1,lib1,random_diagonal,0.0963410537083,0.976978977248,1.48011623414,58
p2_to_p1,lib1,random_joint,0.0823553362548,0.980359402836,1.41487574498,58
p2_to_p1,lib1,random_linear,0.0722367788394,,,58
p2_to_p1,lib1,random_pchip,0.0643765198289,,,58
p2_to_p1,lib2,exact_diagonal,0.0906876158226,0.969343730904,1.38076021117,52
p2_to_p1,lib2,exact_joint,0.07982543404,0.976701677794,1.36360206629,52
p2_to_p1,lib2,greedy_joint,0.0826378776043,0.975531164827,1.36585290006,52
p2_to_p1,lib2,random_diagonal,0.139062452951,0.96267557796,1.5259374409,52
p2_to_p1,lib2,random_joint,0.122554823723,0.96747095662,1.46310170961,52
p2_to_p1,lib2,random_linear,0.11632196186,,,52
p2_to_p1,lib2,random_pchip,0.101875217819,,,52
