orientation,method,mse,coverage90,width90,patients
p1_to_p2,exact_diagonal,0.0787024604703,0.974924017144,1.36158803005,100
p1_to_p2,exact_joint,0.069764581142,0.980486283293,1.34169298391,100
p1_to_p2,greedy_joint,0.0702260766279,0.98036194275,1.34341054792,100
p1_to_p2,random_diagonal,0.11678665737,0.970023796336,1.50193793867,100
p1_to_p2,random_joint,0.103845300563,0.973443601476,1.43780749802,100
p1_to_p2,random_linear,0.0952164698148,,,100
p1_to_p2,random_pchip,0.0850820927158,,,100
p2_to_p1,exact_diagonal,0.0793831625606,0.974883692944,1.36158803005,100
p2_to_p1,exact_joint,0.0680127172518,0.980945179578,1.34169298391,100
p2_to_p1,greedy_joint,0.0688038244717,0.980640329083,1.34341054792,100
p2_to_p1,random_diagonal,0.116438618728,0.970175942777,1.50193793867,100
p2_to_p1,random_joint,0.101632182314,0.974198485247,1.43780749802,100
p2_to_p1,random_linear,0.093277307764,,,100
p2_to_p1,random_pchip,0.082847885849,,,100
