orientation,patient,method,mean_budget_mse
p1_to_p2,Pt1,exact_diagonal,0.0439755946317
p1_to_p2,Pt1,exact_joint,0.0430533575384
p1_to_p2,Pt1,greedy_joint,0.0427934651828
p1_to_p2,Pt1,random_diagonal,0.0704998790036
p1_to_p2,Pt1,random_joint,0.0680307137019
p1_to_p2,Pt1,random_linear,0.0564433388449
p1_to_p2,Pt1,random_pchip,0.0418504892834
p1_to_p2,Pt10,exact_diagonal,0.0694244297894
p1_to_p2,Pt10,exact_joint,0.0661278826205
p1_to_p2,Pt10,greedy_joint,0.0648066217998
p1_to_p2,Pt10,random_diagonal,0.0949231256124
p1_to_p2,Pt10,random_joint,0.090447288722
p1_to_p2,Pt10,random_linear,0.077931932928
p1_to_p2,Pt10,random_pchip,0.0675224085206
p1_to_p2,Pt100,exact_diagonal,0.076326351791
p1_to_p2,Pt100,exact_joint,0.0679962144246
p1_to_p2,Pt100,greedy_joint,0.0694987864638
p1_to_p2,Pt100,random_diagonal,0.129121912882
p1_to_p2,Pt100,random_joint,0.116653464615
p1_to_p2,Pt100,random_linear,0.107564820764
p1_to_p2,Pt100,random_pchip,0.0951456429288
p1_to_p2,Pt101,exact_diagonal,0.0875548987959
p1_to_p2,Pt101,exact_joint,0.0799927111495
p1_to_p2,Pt101,greedy_joint,0.0811793833439
p1_to_p2,Pt101,random_diagonal,0.1404493071
p1_to_p2,Pt101,random_joint,0.130179382028
p1_to_p2,Pt101,random_linear,0.113564638244
p1_to_p2,Pt101,random_pchip,0.0994490419187
p1_to_p2,Pt102,exact_diagonal,0.0900746392216
p1_to_p2,Pt102,exact_joint,0.0883802622979
p1_to_p2,Pt102,greedy_joint,0.0881412254559
p1_to_p2,Pt102,random_diagonal,0.151989239903
p1_to_p2,Pt102,random_joint,0.14083523095
p1_to_p2,Pt102,random_linear,0.136540201766
p1_to_p2,Pt102,random_pchip,0.110931920628
p1_to_p2,Pt103,exact_diagonal,0.0960036768399
p1_to_p2,Pt103,exact_joint,0.0870246549251
p1_to_p2,Pt103,greedy_joint,0.0889011229949
p1_to_p2,Pt103,random_diagonal,0.157723866118
p1_to_p2,Pt103,random_joint,0.150203569886
p1_to_p2,Pt103,random_linear,0.137908997672
p1_to_p2,Pt103,random_pchip,0.114605092258
p1_to_p2,Pt104,exact_diagonal,0.0868095065101
p1_to_p2,Pt104,exact_joint,0.0761817813713
p1_to_p2,Pt104,greedy_joint,0.0799855300425
p1_to_p2,Pt104,random_diagonal,0.146396407633
p1_to_p2,Pt104,random_joint,0.132234771285
p1_to_p2,Pt104,random_linear,0.116858297418
p1_to_p2,Pt104,random_pchip,0.096223668598
p1_to_p2,Pt105,exact_diagonal,0.0556851983174
p1_to_p2,Pt105,exact_joint,0.0467111861831
p1_to_p2,Pt105,greedy_joint,0.0493056143477
p1_to_p2,Pt105,random_diagonal,0.0903614746852
p1_to_p2,Pt105,random_joint,0.0773022027454
p1_to_p2,Pt105,random_linear,0.0663860765342
p1_to_p2,Pt105,random_pchip,0.0546464506282
p1_to_p2,Pt106,exact_diagonal,0.105420552097
p1_to_p2,Pt106,exact_joint,0.0920502678917
p1_to_p2,Pt106,greedy_joint,0.0953750427106
p1_to_p2,Pt106,random_diagonal,0.173359980302
p1_to_p2,Pt106,random_joint,0.160718811476
p1_to_p2,Pt106,random_linear,0.146783913197
p1_to_p2,Pt106,random_pchip,0.120043794237
p1_to_p2,Pt109,exact_diagonal,0.103999270768
p1_to_p2,Pt109,exact_joint,0.0905433403245
p1_to_p2,Pt109,greedy_joint,0.090814074721
p1_to_p2,Pt109,random_diagonal,0.157654063491
p1_to_p2,Pt109,random_joint,0.135636786096
p1_to_p2,Pt109,random_linear,0.133518211287
p1_to_p2,Pt109,random_pchip,0.129649524548
p1_to_p2,Pt11,exact_diagonal,0.0364146664466
p1_to_p2,Pt11,exact_joint,0.0333322295461
p1_to_p2,Pt11,greedy_joint,0.0334672693807
p1_to_p2,Pt11,random_diagonal,0.050261764517
p1_to_p2,Pt11,random_joint,0.048834824656
p1_to_p2,Pt11,random_linear,0.0396929270864
p1_to_p2,Pt11,random_pchip,0.0353405488981
p1_to_p2,Pt111,exact_diagonal,0.0801163895628
p1_to_p2,Pt111,exact_joint,0.0684227365775
p1_to_p2,Pt111,greedy_joint,0.072899664251
p1_to_p2,Pt111,random_diagonal,0.129102301827
p1_to_p2,Pt111,random_joint,0.112237454718
p1_to_p2,Pt111,random_linear,0.100789994667
p1_to_p2,Pt111,random_pchip,0.0878139114339
p1_to_p2,Pt112,exact_diagonal,0.080718280172
p1_to_p2,Pt112,exact_joint,0.0693697858415
p1_to_p2,Pt112,greedy_joint,0.0729135126982
p1_to_p2,Pt112,random_diagonal,0.118706701131
p1_to_p2,Pt112,random_joint,0.101536754365
p1_to_p2,Pt112,random_linear,0.0891568878894
p1_to_p2,Pt112,random_pchip,0.0909970183895
p1_to_p2,Pt114,exact_diagonal,0.100805527075
p1_to_p2,Pt114,exact_joint,0.0870186067585
p1_to_p2,Pt114,greedy_joint,0.0889193223326
p1_to_p2,Pt114,random_diagonal,0.168267323192
p1_to_p2,Pt114,random_joint,0.149811771968
p1_to_p2,Pt114,random_linear,0.135832163355
p1_to_p2,Pt114,random_pchip,0.10746965205
p1_to_p2,Pt116,exact_diagonal,0.0858706451514
p1_to_p2,Pt116,exact_joint,0.0735994381338
p1_to_p2,Pt116,greedy_joint,0.0769240811889
p1_to_p2,Pt116,random_diagonal,0.130361006928
p1_to_p2,Pt116,random_joint,0.108939737608
p1_to_p2,Pt116,random_linear,0.0982466535677
p1_to_p2,Pt116,random_pchip,0.084449152981
p1_to_p2,Pt117,exact_diagonal,0.0646744124428
p1_to_p2,Pt117,exact_joint,0.0558503589934
p1_to_p2,Pt117,greedy_joint,0.059497150566
p1_to_p2,Pt117,random_diagonal,0.100814463809
p1_to_p2,Pt117,random_joint,0.0909569281877
p1_to_p2,Pt117,random_linear,0.0850158612657
p1_to_p2,Pt117,random_pchip,0.0845368748928
p1_to_p2,Pt119,exact_diagonal,0.0931481584756
p1_to_p2,Pt119,exact_joint,0.0834405438379
p1_to_p2,Pt119,greedy_joint,0.0879692702179
p1_to_p2,Pt119,random_diagonal,0.141339938434
p1_to_p2,Pt119,random_joint,0.129711009483
p1_to_p2,Pt119,random_linear,0.120484490147
p1_to_p2,Pt119,random_pchip,0.122560061718
p1_to_p2,Pt12,exact_diagonal,0.0499741967142
p1_to_p2,Pt12,exact_joint,0.0523743233442
p1_to_p2,Pt12,greedy_joint,0.0514331571993
p1_to_p2,Pt12,random_diagonal,0.0736032819865
p1_to_p2,Pt12,random_joint,0.0743859200092
p1_to_p2,Pt12,random_linear,0.0638923025275
p1_to_p2,Pt12,random_pchip,0.0578928698553
p1_to_p2,Pt120,exact_diagonal,0.135576593347
p1_to_p2,Pt120,exact_joint,0.139086344034
p1_to_p2,Pt120,greedy_joint,0.140331233838
p1_to_p2,Pt120,random_diagonal,0.185119218012
p1_to_p2,Pt120,random_joint,0.172577023061
p1_to_p2,Pt120,random_linear,0.151965111773
p1_to_p2,Pt120,random_pchip,0.134938438723
p1_to_p2,Pt121,exact_diagonal,0.0954784298592
p1_to_p2,Pt121,exact_joint,0.0864693799077
p1_to_p2,Pt121,greedy_joint,0.0882823635729
p1_to_p2,Pt121,random_diagonal,0.158593582333
p1_to_p2,Pt121,random_joint,0.146815569668
p1_to_p2,Pt121,random_linear,0.139952198757
p1_to_p2,Pt121,random_pchip,0.123171068528
p1_to_p2,Pt122,exact_diagonal,0.0523601511898
p1_to_p2,Pt122,exact_joint,0.0490643144552
p1_to_p2,Pt122,greedy_joint,0.0523040993529
p1_to_p2,Pt122,random_diagonal,0.0816089246467
p1_to_p2,Pt122,random_joint,0.076600405922
p1_to_p2,Pt122,random_linear,0.0792546964004
p1_to_p2,Pt122,random_pchip,0.0768938701078
p1_to_p2,Pt123,exact_diagonal,0.0748880428395
p1_to_p2,Pt123,exact_joint,0.0675320999842
p1_to_p2,Pt123,greedy_joint,0.0702533960623
p1_to_p2,Pt123,random_diagonal,0.117802691767
p1_to_p2,Pt123,random_joint,0.113255650757
p1_to_p2,Pt123,random_linear,0.0997109726238
p1_to_p2,Pt123,random_pchip,0.0730442657872
p1_to_p2,Pt124,exact_diagonal,0.0862115202008
p1_to_p2,Pt124,exact_joint,0.0790250701312
p1_to_p2,Pt124,greedy_joint,0.0821521531766
p1_to_p2,Pt124,random_diagonal,0.13907429519
p1_to_p2,Pt124,random_joint,0.127724814956
p1_to_p2,Pt124,random_linear,0.118764287499
p1_to_p2,Pt124,random_pchip,0.108925202346
p1_to_p2,Pt125,exact_diagonal,0.151776967149
p1_to_p2,Pt125,exact_joint,0.141806554086
p1_to_p2,Pt125,greedy_joint,0.14794834638
p1_to_p2,Pt125,random_diagonal,0.215444844158
p1_to_p2,Pt125,random_joint,0.201153588896
p1_to_p2,Pt125,random_linear,0.189677867618
p1_to_p2,Pt125,random_pchip,0.188880897863
p1_to_p2,Pt126,exact_diagonal,0.0881244298575
p1_to_p2,Pt126,exact_joint,0.0824512867769
p1_to_p2,Pt126,greedy_joint,0.0844024396044
p1_to_p2,Pt126,random_diagonal,0.120465421828
p1_to_p2,Pt126,random_joint,0.110735264255
p1_to_p2,Pt126,random_linear,0.113394945083
p1_to_p2,Pt126,random_pchip,0.118032140645
p1_to_p2,Pt127,exact_diagonal,0.0635589504403
p1_to_p2,Pt127,exact_joint,0.0583319749512
p1_to_p2,Pt127,greedy_joint,0.0595298528833
p1_to_p2,Pt127,random_diagonal,0.0971221415038
p1_to_p2,Pt127,random_joint,0.0911963975178
p1_to_p2,Pt127,random_linear,0.0846445944986
p1_to_p2,Pt127,random_pchip,0.0747601608951
p1_to_p2,Pt128,exact_diagonal,0.106480289125
p1_to_p2,Pt128,exact_joint,0.104051239739
p1_to_p2,Pt128,greedy_joint,0.10630943401
p1_to_p2,Pt128,random_diagonal,0.146750099315
p1_to_p2,Pt128,random_joint,0.137455478975
p1_to_p2,Pt128,random_linear,0.124582793449
p1_to_p2,Pt128,random_pchip,0.100681756379
p1_to_p2,Pt129,exact_diagonal,0.0689667702813
p1_to_p2,Pt129,exact_joint,0.0640028850243
p1_to_p2,Pt129,greedy_joint,0.0664309080464
p1_to_p2,Pt129,random_diagonal,0.109067800916
p1_to_p2,Pt129,random_joint,0.0991001682752
p1_to_p2,Pt129,random_linear,0.08999785242
p1_to_p2,Pt129,random_pchip,0.0750929452425
p1_to_p2,Pt13,exact_diagonal,0.0448077467723
p1_to_p2,Pt13,exact_joint,0.0494245142341
p1_to_p2,Pt13,greedy_joint,0.048732977765
p1_to_p2,Pt13,random_diagonal,0.0628416737512
p1_to_p2,Pt13,random_joint,0.0629413787494
p1_to_p2,Pt13,random_linear,0.0598448594664
p1_to_p2,Pt13,random_pchip,0.0591707918373
p1_to_p2,Pt134,exact_diagonal,0.0836368626682
p1_to_p2,Pt134,exact_joint,0.0774181873673
p1_to_p2,Pt134,greedy_joint,0.0797590612745
p1_to_p2,Pt134,random_diagonal,0.133589787636
p1_to_p2,Pt134,random_joint,0.122407885924
p1_to_p2,Pt134,random_linear,0.11046682565
p1_to_p2,Pt134,random_pchip,0.102042999665
p1_to_p2,Pt137,exact_diagonal,0.100455222834
p1_to_p2,Pt137,exact_joint,0.0865742739823
p1_to_p2,Pt137,greedy_joint,0.0879928095996
p1_to_p2,Pt137,random_diagonal,0.145745525868
p1_to_p2,Pt137,random_joint,0.124678242819
p1_to_p2,Pt137,random_linear,0.109949577169
p1_to_p2,Pt137,random_pchip,0.107699214996
p1_to_p2,Pt142,exact_diagonal,0.148151781591
p1_to_p2,Pt142,exact_joint,0.104510459816
p1_to_p2,Pt142,greedy_joint,0.104510459816
p1_to_p2,Pt142,random_diagonal,0.189480317983
p1_to_p2,Pt142,random_joint,0.130789484219
p1_to_p2,Pt142,random_linear,0.176252122483
p1_to_p2,Pt142,random_pchip,0.192538840301
p1_to_p2,Pt143,exact_diagonal,0.076626666586
p1_to_p2,Pt143,exact_joint,0.0648852485058
p1_to_p2,Pt143,greedy_joint,0.0666778304408
p1_to_p2,Pt143,random_diagonal,0.124115017007
p1_to_p2,Pt143,random_joint,0.101691035997
p1_to_p2,Pt143,random_linear,0.0896563973337
p1_to_p2,Pt143,random_pchip,0.0730768162634
p1_to_p2,Pt144,exact_diagonal,0.0618557075102
p1_to_p2,Pt144,exact_joint,0.0581305930622
p1_to_p2,Pt144,greedy_joint,0.0594062690996
p1_to_p2,Pt144,random_diagonal,0.10368108799
p1_to_p2,Pt144,random_joint,0.0945344759785
p1_to_p2,Pt144,random_linear,0.0819153721896
p1_to_p2,Pt144,random_pchip,0.0659735529345
p1_to_p2,Pt148,exact_diagonal,0.186660725075
p1_to_p2,Pt148,exact_joint,0.136977522772
p1_to_p2,Pt148,greedy_joint,0.137688941921
p1_to_p2,Pt148,random_diagonal,0.24227789801
p1_to_p2,Pt148,random_joint,0.16952481285
p1_to_p2,Pt148,random_linear,0.16721031924
p1_to_p2,Pt148,random_pchip,0.1681701786
p1_to_p2,Pt149,exact_diagonal,0.107895943593
p1_to_p2,Pt149,exact_joint,0.0972498961372
p1_to_p2,Pt149,greedy_joint,0.0972498961372
p1_to_p2,Pt149,random_diagonal,0.19241192368
p1_to_p2,Pt149,random_joint,0.168178958294
p1_to_p2,Pt149,random_linear,0.174152714045
p1_to_p2,Pt149,random_pchip,0.189904963988
p1_to_p2,Pt15,exact_diagonal,0.0720900931626
p1_to_p2,Pt15,exact_joint,0.0684328516013
p1_to_p2,Pt15,greedy_joint,0.0699608997534
p1_to_p2,Pt15,random_diagonal,0.112208598886
p1_to_p2,Pt15,random_joint,0.101948614014
p1_to_p2,Pt15,random_linear,0.0874608281336
p1_to_p2,Pt15,random_pchip,0.0611617355302
p1_to_p2,Pt151,exact_diagonal,0.0663650390815
p1_to_p2,Pt151,exact_joint,0.0580116074087
p1_to_p2,Pt151,greedy_joint,0.0605153873895
p1_to_p2,Pt151,random_diagonal,0.115242353091
p1_to_p2,Pt151,random_joint,0.105526140132
p1_to_p2,Pt151,random_linear,0.0960920238331
p1_to_p2,Pt151,random_pchip,0.0641161356857
p1_to_p2,Pt17,exact_diagonal,0.0786251739999
p1_to_p2,Pt17,exact_joint,0.0634425876412
p1_to_p2,Pt17,greedy_joint,0.0613067882817
p1_to_p2,Pt17,random_diagonal,0.120827204827
p1_to_p2,Pt17,random_joint,0.0954759911282
p1_to_p2,Pt17,random_linear,0.086689489855
p1_to_p2,Pt17,random_pchip,0.0826913030294
p1_to_p2,Pt18,exact_diagonal,0.065873625808
p1_to_p2,Pt18,exact_joint,0.0592634208619
p1_to_p2,Pt18,greedy_joint,0.0588689215855
p1_to_p2,Pt18,random_diagonal,0.0962972038965
p1_to_p2,Pt18,random_joint,0.0872357283301
p1_to_p2,Pt18,random_linear,0.0730655826002
p1_to_p2,Pt18,random_pchip,0.079591998461
p1_to_p2,Pt20,exact_diagonal,0.0676475191453
p1_to_p2,Pt20,exact_joint,0.06457297163
p1_to_p2,Pt20,greedy_joint,0.0646686200304
p1_to_p2,Pt20,random_diagonal,0.0976630587162
p1_to_p2,Pt20,random_joint,0.0921346475112
p1_to_p2,Pt20,random_linear,0.077868708672
p1_to_p2,Pt20,random_pchip,0.0780411422777
p1_to_p2,Pt21,exact_diagonal,0.0768558536041
p1_to_p2,Pt21,exact_joint,0.0520737833563
p1_to_p2,Pt21,greedy_joint,0.0540894544654
p1_to_p2,Pt21,random_diagonal,0.108327398559
p1_to_p2,Pt21,random_joint,0.0693464286733
p1_to_p2,Pt21,random_linear,0.0580870047875
p1_to_p2,Pt21,random_pchip,0.0484580092275
p1_to_p2,Pt22,exact_diagonal,0.0982018025582
p1_to_p2,Pt22,exact_joint,0.0703150536521
p1_to_p2,Pt22,greedy_joint,0.0687287325495
p1_to_p2,Pt22,random_diagonal,0.121460618195
p1_to_p2,Pt22,random_joint,0.101238945794
p1_to_p2,Pt22,random_linear,0.106246386009
p1_to_p2,Pt22,random_pchip,0.104291686964
p1_to_p2,Pt23,exact_diagonal,0.0623387974942
p1_to_p2,Pt23,exact_joint,0.0565918229202
p1_to_p2,Pt23,greedy_joint,0.0565853732713
p1_to_p2,Pt23,random_diagonal,0.0924451763472
p1_to_p2,Pt23,random_joint,0.0790260532625
p1_to_p2,Pt23,random_linear,0.072317388911
p1_to_p2,Pt23,random_pchip,0.0630490221055
p1_to_p2,Pt24,exact_diagonal,0.0627411968111
p1_to_p2,Pt24,exact_joint,0.0553214506317
p1_to_p2,Pt24,greedy_joint,0.0537508768879
p1_to_p2,Pt24,random_diagonal,0.0967800283182
p1_to_p2,Pt24,random_joint,0.08137788995
p1_to_p2,Pt24,random_linear,0.0705066794128
p1_to_p2,Pt24,random_pchip,0.0601718661728
p1_to_p2,Pt25,exact_diagonal,0.0462302029802
p1_to_p2,Pt25,exact_joint,0.0432493445681
p1_to_p2,Pt25,greedy_joint,0.0426515153582
p1_to_p2,Pt25,random_diagonal,0.0709508945918
p1_to_p2,Pt25,random_joint,0.0589422190758
p1_to_p2,Pt25,random_linear,0.0469624986061
p1_to_p2,Pt25,random_pchip,0.0421727933717
p1_to_p2,Pt26,exact_diagonal,0.0624389443843
p1_to_p2,Pt26,exact_joint,0.0584792356675
p1_to_p2,Pt26,greedy_joint,0.0567067342738
p1_to_p2,Pt26,random_diagonal,0.0957734766933
p1_to_p2,Pt26,random_joint,0.0840960126549
p1_to_p2,Pt26,random_linear,0.075382890254
p1_to_p2,Pt26,random_pchip,0.0676647558794
p1_to_p2,Pt28,exact_diagonal,0.0506510291615
p1_to_p2,Pt28,exact_joint,0.0609464485763
p1_to_p2,Pt28,greedy_joint,0.0578685118725
p1_to_p2,Pt28,random_diagonal,0.0730658026391
p1_to_p2,Pt28,random_joint,0.0746504919561
p1_to_p2,Pt28,random_linear,0.064101648794
p1_to_p2,Pt28,random_pchip,0.0551826349441
p1_to_p2,Pt29,exact_diagonal,0.0617445759405
p1_to_p2,Pt29,exact_joint,0.0606975801943
p1_to_p2,Pt29,greedy_joint,0.0597742974753
p1_to_p2,Pt29,random_diagonal,0.0966505656501
p1_to_p2,Pt29,random_joint,0.0809510009253
p1_to_p2,Pt29,random_linear,0.0678743882635
p1_to_p2,Pt29,random_pchip,0.0516751699773
p1_to_p2,Pt3,exact_diagonal,0.0402915841705
p1_to_p2,Pt3,exact_joint,0.0433218390244
p1_to_p2,Pt3,greedy_joint,0.0421121151421
p1_to_p2,Pt3,random_diagonal,0.0629763087531
p1_to_p2,Pt3,random_joint,0.0663923310376
p1_to_p2,Pt3,random_linear,0.052677806678
p1_to_p2,Pt3,random_pchip,0.0404448347663
p1_to_p2,Pt31,exact_diagonal,0.0611944880673
p1_to_p2,Pt31,exact_joint,0.0570577485035
p1_to_p2,Pt31,greedy_joint,0.0549652741618
p1_to_p2,Pt31,random_diagonal,0.0910516692666
p1_to_p2,Pt31,random_joint,0.0871959359168
p1_to_p2,Pt31,random_linear,0.080296171444
p1_to_p2,Pt31,random_pchip,0.0775102832153
p1_to_p2,Pt32,exact_diagonal,0.0995878708553
p1_to_p2,Pt32,exact_joint,0.0953972840158
p1_to_p2,Pt32,greedy_joint,0.0947374668239
p1_to_p2,Pt32,random_diagonal,0.133064337481
p1_to_p2,Pt32,random_joint,0.124458697736
p1_to_p2,Pt32,random_linear,0.116564425398
p1_to_p2,Pt32,random_pchip,0.1078103632
p1_to_p2,Pt33,exact_diagonal,0.0481258459585
p1_to_p2,Pt33,exact_joint,0.0368565089122
p1_to_p2,Pt33,greedy_joint,0.0364816570382
p1_to_p2,Pt33,random_diagonal,0.0602062616184
p1_to_p2,Pt33,random_joint,0.0531185004288
p1_to_p2,Pt33,random_linear,0.0497003648615
p1_to_p2,Pt33,random_pchip,0.0418843639836
p1_to_p2,Pt35,exact_diagonal,0.0886666984934
p1_to_p2,Pt35,exact_joint,0.0708573751212
p1_to_p2,Pt35,greedy_joint,0.0674599548614
p1_to_p2,Pt35,random_diagonal,0.112245541394
p1_to_p2,Pt35,random_joint,0.10293243339
p1_to_p2,Pt35,random_linear,0.0896762213248
p1_to_p2,Pt35,random_pchip,0.0839444883291
p1_to_p2,Pt37,exact_diagonal,0.0500195469827
p1_to_p2,Pt37,exact_joint,0.0451090788927
p1_to_p2,Pt37,greedy_joint,0.0439200989989
p1_to_p2,Pt37,random_diagonal,0.0687964100958
p1_to_p2,Pt37,random_joint,0.0661860763301
p1_to_p2,Pt37,random_linear,0.0578055596119
p1_to_p2,Pt37,random_pchip,0.0445604471345
p1_to_p2,Pt38,exact_diagonal,0.0809923097827
p1_to_p2,Pt38,exact_joint,0.0721038056732
p1_to_p2,Pt38,greedy_joint,0.0707308507594
p1_to_p2,Pt38,random_diagonal,0.127115565533
p1_to_p2,Pt38,random_joint,0.109366905296
p1_to_p2,Pt38,random_linear,0.093071826015
p1_to_p2,Pt38,random_pchip,0.0805291352475
p1_to_p2,Pt39,exact_diagonal,0.0552644297281
p1_to_p2,Pt39,exact_joint,0.0533254474188
p1_to_p2,Pt39,greedy_joint,0.052585172805
p1_to_p2,Pt39,random_diagonal,0.0817972994582
p1_to_p2,Pt39,random_joint,0.080011657615
p1_to_p2,Pt39,random_linear,0.0677565481862
p1_to_p2,Pt39,random_pchip,0.0479979502928
p1_to_p2,Pt40,exact_diagonal,0.0482913934839
p1_to_p2,Pt40,exact_joint,0.0488681553748
p1_to_p2,Pt40,greedy_joint,0.0504333593692
p1_to_p2,Pt40,random_diagonal,0.0734359014691
p1_to_p2,Pt40,random_joint,0.0724012176298
p1_to_p2,Pt40,random_linear,0.0703668649826
p1_to_p2,Pt40,random_pchip,0.0663039963511
p1_to_p2,Pt42,exact_diagonal,0.0598679514375
p1_to_p2,Pt42,exact_joint,0.0482143739294
p1_to_p2,Pt42,greedy_joint,0.0473671008337
p1_to_p2,Pt42,random_diagonal,0.0883918148175
p1_to_p2,Pt42,random_joint,0.0688646096853
p1_to_p2,Pt42,random_linear,0.0531168277876
p1_to_p2,Pt42,random_pchip,0.0383094049981
p1_to_p2,Pt43,exact_diagonal,0.092093607288
p1_to_p2,Pt43,exact_joint,0.0989625887137
p1_to_p2,Pt43,greedy_joint,0.0962432587051
p1_to_p2,Pt43,random_diagonal,0.133515860957
p1_to_p2,Pt43,random_joint,0.123600295494
p1_to_p2,Pt43,random_linear,0.114661733224
p1_to_p2,Pt43,random_pchip,0.10059265147
p1_to_p2,Pt44,exact_diagonal,0.0580508594302
p1_to_p2,Pt44,exact_joint,0.0559522536002
p1_to_p2,Pt44,greedy_joint,0.0551809489713
p1_to_p2,Pt44,random_diagonal,0.0779449110084
p1_to_p2,Pt44,random_joint,0.0750744774859
p1_to_p2,Pt44,random_linear,0.0650980748009
p1_to_p2,Pt44,random_pchip,0.0611686213987
p1_to_p2,Pt45,exact_diagonal,0.0707805468935
p1_to_p2,Pt45,exact_joint,0.0498524513045
p1_to_p2,Pt45,greedy_joint,0.04754603539
p1_to_p2,Pt45,random_diagonal,0.0837391861782
p1_to_p2,Pt45,random_joint,0.0678847127811
p1_to_p2,Pt45,random_linear,0.06538152548
p1_to_p2,Pt45,random_pchip,0.0690183942114
p1_to_p2,Pt46,exact_diagonal,0.0735983725134
p1_to_p2,Pt46,exact_joint,0.064221804575
p1_to_p2,Pt46,greedy_joint,0.0621003630474
p1_to_p2,Pt46,random_diagonal,0.11947315353
p1_to_p2,Pt46,random_joint,0.102013625395
p1_to_p2,Pt46,random_linear,0.0837620805607
p1_to_p2,Pt46,random_pchip,0.0724799165216
p1_to_p2,Pt49,exact_diagonal,0.0824058245675
p1_to_p2,Pt49,exact_joint,0.0695965276436
p1_to_p2,Pt49,greedy_joint,0.0667465696193
p1_to_p2,Pt49,random_diagonal,0.115488560799
p1_to_p2,Pt49,random_joint,0.105775973917
p1_to_p2,Pt49,random_linear,0.0902433106851
p1_to_p2,Pt49,random_pchip,0.0829268518914
p1_to_p2,Pt50,exact_diagonal,0.0683094581908
p1_to_p2,Pt50,exact_joint,0.0660659309105
p1_to_p2,Pt50,greedy_joint,0.0662918579834
p1_to_p2,Pt50,random_diagonal,0.100033967359
p1_to_p2,Pt50,random_joint,0.0957234723382
p1_to_p2,Pt50,random_linear,0.0850960280816
p1_to_p2,Pt50,random_pchip,0.0742559239705
p1_to_p2,Pt52,exact_diagonal,0.056179344711
p1_to_p2,Pt52,exact_joint,0.0364062868667
p1_to_p2,Pt52,greedy_joint,0.034947226938
p1_to_p2,Pt52,random_diagonal,0.0667300379056
p1_to_p2,Pt52,random_joint,0.0544028441476
p1_to_p2,Pt52,random_linear,0.0500167064778
p1_to_p2,Pt52,random_pchip,0.0459587390304
p1_to_p2,Pt54,exact_diagonal,0.0818312312747
p1_to_p2,Pt54,exact_joint,0.0702430769482
p1_to_p2,Pt54,greedy_joint,0.0705949086878
p1_to_p2,Pt54,random_diagonal,0.121680334853
p1_to_p2,Pt54,random_joint,0.108247934047
p1_to_p2,Pt54,random_linear,0.0990272169663
p1_to_p2,Pt54,random_pchip,0.0903288689831
p1_to_p2,Pt55,exact_diagonal,0.0717950104957
p1_to_p2,Pt55,exact_joint,0.061612236459
p1_to_p2,Pt55,greedy_joint,0.0647961929524
p1_to_p2,Pt55,random_diagonal,0.120577210148
p1_to_p2,Pt55,random_joint,0.107648449657
p1_to_p2,Pt55,random_linear,0.10109888805
p1_to_p2,Pt55,random_pchip,0.080291771657
p1_to_p2,Pt56,exact_diagonal,0.0559477808575
p1_to_p2,Pt56,exact_joint,0.0536507196269
p1_to_p2,Pt56,greedy_joint,0.0515220527581
p1_to_p2,Pt56,random_diagonal,0.0900289325426
p1_to_p2,Pt56,random_joint,0.0852858497569
p1_to_p2,Pt56,random_linear,0.0724980144401
p1_to_p2,Pt56,random_pchip,0.0556500041058
p1_to_p2,Pt57,exact_diagonal,0.0538040219163
p1_to_p2,Pt57,exact_joint,0.0509376837538
p1_to_p2,Pt57,greedy_joint,0.0481658445424
p1_to_p2,Pt57,random_diagonal,0.0876207652074
p1_to_p2,Pt57,random_joint,0.0802444813052
p1_to_p2,Pt57,random_linear,0.0652977000764
p1_to_p2,Pt57,random_pchip,0.0470584791476
p1_to_p2,Pt58,exact_diagonal,0.0590599649432
p1_to_p2,Pt58,exact_joint,0.0553054715062
p1_to_p2,Pt58,greedy_joint,0.0533683503811
p1_to_p2,Pt58,random_diagonal,0.0970189116111
p1_to_p2,Pt58,random_joint,0.0847935950106
p1_to_p2,Pt58,random_linear,0.0691974273119
p1_to_p2,Pt58,random_pchip,0.0498204258251
p1_to_p2,Pt59,exact_diagonal,0.0499364181438
p1_to_p2,Pt59,exact_joint,0.049526749812
p1_to_p2,Pt59,greedy_joint,0.0489930991883
p1_to_p2,Pt59,random_diagonal,0.0685971061314
p1_to_p2,Pt59,random_joint,0.0647665300905
p1_to_p2,Pt59,random_linear,0.0620110429338
p1_to_p2,Pt59,random_pchip,0.0617866447285
p1_to_p2,Pt6,exact_diagonal,0.078548965027
p1_to_p2,Pt6,exact_joint,0.0680568834248
p1_to_p2,Pt6,greedy_joint,0.0685235850491
p1_to_p2,Pt6,random_diagonal,0.116776418413
p1_to_p2,Pt6,random_joint,0.100647078098
p1_to_p2,Pt6,random_linear,0.0898283338045
p1_to_p2,Pt6,random_pchip,0.0751981031864
p1_to_p2,Pt61,exact_diagonal,0.0743548382479
p1_to_p2,Pt61,exact_joint,0.0358614935568
p1_to_p2,Pt61,greedy_joint,0.0354750403546
p1_to_p2,Pt61,random_diagonal,0.077070969854
p1_to_p2,Pt61,random_joint,0.047616987443
p1_to_p2,Pt61,random_linear,0.0536817727906
p1_to_p2,Pt61,random_pchip,0.0570304877505
p1_to_p2,Pt62,exact_diagonal,0.0671222709538
p1_to_p2,Pt62,exact_joint,0.0669107434375
p1_to_p2,Pt62,greedy_joint,0.0632943526964
p1_to_p2,Pt62,random_diagonal,0.11021376404
p1_to_p2,Pt62,random_joint,0.099233318318
p1_to_p2,Pt62,random_linear,0.0842566106226
p1_to_p2,Pt62,random_pchip,0.0681460930779
p1_to_p2,Pt63,exact_diagonal,0.0674347728075
p1_to_p2,Pt63,exact_joint,0.0603068766247
p1_to_p2,Pt63,greedy_joint,0.0620683611157
p1_to_p2,Pt63,random_diagonal,0.107057120326
p1_to_p2,Pt63,random_joint,0.0914164453975
p1_to_p2,Pt63,random_linear,0.0844567339964
p1_to_p2,Pt63,random_pchip,0.0657519686567
p1_to_p2,Pt65,exact_diagonal,0.0601022476259
p1_to_p2,Pt65,exact_joint,0.045896983587
p1_to_p2,Pt65,greedy_joint,0.0446051861678
p1_to_p2,Pt65,random_diagonal,0.071082773385
p1_to_p2,Pt65,random_joint,0.0618977705237
p1_to_p2,Pt65,random_linear,0.0632542597066
p1_to_p2,Pt65,random_pchip,0.0670808658303
p1_to_p2,Pt66,exact_diagonal,0.0455270037822
p1_to_p2,Pt66,exact_joint,0.045501003028
p1_to_p2,Pt66,greedy_joint,0.0444050909281
p1_to_p2,Pt66,random_diagonal,0.072517266597
p1_to_p2,Pt66,random_joint,0.0666045318066
p1_to_p2,Pt66,random_linear,0.0591812379162
p1_to_p2,Pt66,random_pchip,0.0488066035339
p1_to_p2,Pt67,exact_diagonal,0.0799067645691
p1_to_p2,Pt67,exact_joint,0.0643349800297
p1_to_p2,Pt67,greedy_joint,0.060616240705
p1_to_p2,Pt67,random_diagonal,0.105533914618
p1_to_p2,Pt67,random_joint,0.0956688088508
p1_to_p2,Pt67,random_linear,0.081604229741
p1_to_p2,Pt67,random_pchip,0.0679835106156
p1_to_p2,Pt68,exact_diagonal,0.0864183068772
p1_to_p2,Pt68,exact_joint,0.0874046110686
p1_to_p2,Pt68,greedy_joint,0.0858209932322
p1_to_p2,Pt68,random_diagonal,0.10929825323
p1_to_p2,Pt68,random_joint,0.109781621408
p1_to_p2,Pt68,random_linear,0.114032270393
p1_to_p2,Pt68,random_pchip,0.121558566205
p1_to_p2,Pt7,exact_diagonal,0.10073356838
p1_to_p2,Pt7,exact_joint,0.0861180526019
p1_to_p2,Pt7,greedy_joint,0.0849217670792
p1_to_p2,Pt7,random_diagonal,0.138911396201
p1_to_p2,Pt7,random_joint,0.104203645168
p1_to_p2,Pt7,random_linear,0.0950412359455
p1_to_p2,Pt7,random_pchip,0.0843337513065
p1_to_p2,Pt70,exact_diagonal,0.077288418523
p1_to_p2,Pt70,exact_joint,0.0683283835707
p1_to_p2,Pt70,greedy_joint,0.065909959537
p1_to_p2,Pt70,random_diagonal,0.107330453294
p1_to_p2,Pt70,random_joint,0.098055237122
p1_to_p2,Pt70,random_linear,0.0852047453553
p1_to_p2,Pt70,random_pchip,0.0729448875552
p1_to_p2,Pt74,exact_diagonal,0.0462773823705
p1_to_p2,Pt74,exact_joint,0.0495203115541
p1_to_p2,Pt74,greedy_joint,0.0473758167269
p1_to_p2,Pt74,random_diagonal,0.065378487612
p1_to_p2,Pt74,random_joint,0.0642461664791
p1_to_p2,Pt74,random_linear,0.0588983736575
p1_to_p2,Pt74,random_pchip,0.0518840623758
p1_to_p2,Pt76,exact_diagonal,0.066919069128
p1_to_p2,Pt76,exact_joint,0.0576315763746
p1_to_p2,Pt76,greedy_joint,0.0592284139859
p1_to_p2,Pt76,random_diagonal,0.100178614507
p1_to_p2,Pt76,random_joint,0.0888183667953
p1_to_p2,Pt76,random_linear,0.0812217381713
p1_to_p2,Pt76,random_pchip,0.0664992932195
p1_to_p2,Pt77,exact_diagonal,0.11875761405
p1_to_p2,Pt77,exact_joint,0.0741379206593
p1_to_p2,Pt77,greedy_joint,0.0718225215044
p1_to_p2,Pt77,random_diagonal,0.131221680888
p1_to_p2,Pt77,random_joint,0.106681953633
p1_to_p2,Pt77,random_linear,0.10641043305
p1_to_p2,Pt77,random_pchip,0.104031864366
p1_to_p2,Pt79,exact_diagonal,0.0550860209981
p1_to_p2,Pt79,exact_joint,0.0598472896834
p1_to_p2,Pt79,greedy_joint,0.0596949490086
p1_to_p2,Pt79,random_diagonal,0.0874291687166
p1_to_p2,Pt79,random_joint,0.082336775372
p1_to_p2,Pt79,random_linear,0.0696851596079
p1_to_p2,Pt79,random_pchip,0.0529582643428
p1_to_p2,Pt8,exact_diagonal,0.0549776862491
p1_to_p2,Pt8,exact_joint,0.0490130010199
p1_to_p2,Pt8,greedy_joint,0.0471663506933
p1_to_p2,Pt8,random_diagonal,0.0791226442403
p1_to_p2,Pt8,random_joint,0.0700612100778
p1_to_p2,Pt8,random_linear,0.0608128455812
p1_to_p2,Pt8,random_pchip,0.0630542749802
p1_to_p2,Pt80,exact_diagonal,0.0942010537622
p1_to_p2,Pt80,exact_joint,0.0841636320695
p1_to_p2,Pt80,greedy_joint,0.087370355842
p1_to_p2,Pt80,random_diagonal,0.133963163381
p1_to_p2,Pt80,random_joint,0.126239532091
p1_to_p2,Pt80,random_linear,0.117534018563
p1_to_p2,Pt80,random_pchip,0.086637177304
p1_to_p2,Pt81,exact_diagonal,0.0597244578211
p1_to_p2,Pt81,exact_joint,0.0634452430796
p1_to_p2,Pt81,greedy_joint,0.0608200955834
p1_to_p2,Pt81,random_diagonal,0.0856409581578
p1_to_p2,Pt81,random_joint,0.0916693310609
p1_to_p2,Pt81,random_linear,0.077279052753
p1_to_p2,Pt81,random_pchip,0.0590402436603
p1_to_p2,Pt84,exact_diagonal,0.0872496528671
p1_to_p2,Pt84,exact_joint,0.0627986258992
p1_to_p2,Pt84,greedy_joint,0.0639127416311
p1_to_p2,Pt84,random_diagonal,0.137514108412
p1_to_p2,Pt84,random_joint,0.105905031045
p1_to_p2,Pt84,random_linear,0.0933391460954
p1_to_p2,Pt84,random_pchip,0.0806569708306
p1_to_p2,Pt85,exact_diagonal,0.0834757106177
p1_to_p2,Pt85,exact_joint,0.0711955407062
p1_to_p2,Pt85,greedy_joint,0.0753559772524
p1_to_p2,Pt85,random_diagonal,0.138054962502
p1_to_p2,Pt85,random_joint,0.113378535197
p1_to_p2,Pt85,random_linear,0.100818308966
p1_to_p2,Pt85,random_pchip,0.0720271483445
p1_to_p2,Pt86,exact_diagonal,0.0858900396033
p1_to_p2,Pt86,exact_joint,0.0787279119835
p1_to_p2,Pt86,greedy_joint,0.081296876191
p1_to_p2,Pt86,random_diagonal,0.117674880029
p1_to_p2,Pt86,random_joint,0.111340935633
p1_to_p2,Pt86,random_linear,0.101750434162
p1_to_p2,Pt86,random_pchip,0.103081389754
p1_to_p2,Pt88,exact_diagonal,0.116250393319
p1_to_p2,Pt88,exact_joint,0.113820294105
p1_to_p2,Pt88,greedy_joint,0.116854298852
p1_to_p2,Pt88,random_diagonal,0.186393997104
p1_to_p2,Pt88,random_joint,0.185586150262
p1_to_p2,Pt88,random_linear,0.176632448838
p1_to_p2,Pt88,random_pchip,0.171725485103
p1_to_p2,Pt89,exact_diagonal,0.0709670919237
p1_to_p2,Pt89,exact_joint,0.0607165933506
p1_to_p2,Pt89,greedy_joint,0.0642109087856
p1_to_p2,Pt89,random_diagonal,0.11484497689
p1_to_p2,Pt89,random_joint,0.0976618773294
p1_to_p2,Pt89,random_linear,0.0907829417291
p1_to_p2,Pt89,random_pchip,0.0681508591424
p1_to_p2,Pt9,exact_diagonal,0.111629085368
p1_to_p2,Pt9,exact_joint,0.11172481151
p1_to_p2,Pt9,greedy_joint,0.11325539659
p1_to_p2,Pt9,random_diagonal,0.153082218252
p1_to_p2,Pt9,random_joint,0.150501330713
p1_to_p2,Pt9,random_linear,0.141468760254
p1_to_p2,Pt9,random_pchip,0.141438933162
p1_to_p2,Pt93,exact_diagonal,0.121815570829
p1_to_p2,Pt93,exact_joint,0.10654083681
p1_to_p2,Pt93,greedy_joint,0.111266620141
p1_to_p2,Pt93,random_diagonal,0.177654898021
p1_to_p2,Pt93,random_joint,0.156162889804
p1_to_p2,Pt93,random_linear,0.15743992449
p1_to_p2,Pt93,random_pchip,0.142399416756
p1_to_p2,Pt94,exact_diagonal,0.0450875872807
p1_to_p2,Pt94,exact_joint,0.0405657104305
p1_to_p2,Pt94,greedy_joint,0.0410759043187
p1_to_p2,Pt94,random_diagonal,0.06691897059
p1_to_p2,Pt94,random_joint,0.0536940947563
p1_to_p2,Pt94,random_linear,0.0521291947332
p1_to_p2,Pt94,random_pchip,0.0479357305702
p1_to_p2,Pt95,exact_diagonal,0.183112499708
p1_to_p2,Pt95,exact_joint,0.145097333322
p1_to_p2,Pt95,greedy_joint,0.147994691747
p1_to_p2,Pt95,random_diagonal,0.270314767781
p1_to_p2,Pt95,random_joint,0.229305878664
p1_to_p2,Pt95,random_linear,0.216850724418
p1_to_p2,Pt95,random_pchip,0.204377434098
p1_to_p2,Pt98,exact_diagonal,0.109744257455
p1_to_p2,Pt98,exact_joint,0.0956289633618
p1_to_p2,Pt98,greedy_joint,0.098532548129
p1_to_p2,Pt98,random_diagonal,0.170105647153
p1_to_p2,Pt98,random_joint,0.148840361628
p1_to_p2,Pt98,random_linear,0.1357764956
p1_to_p2,Pt98,random_pchip,0.120473374961
p1_to_p2,Pt99,exact_diagonal,0.103236106848
p1_to_p2,Pt99,exact_joint,0.0898574233315
p1_to_p2,Pt99,greedy_joint,0.0921799779142
p1_to_p2,Pt99,random_diagonal,0.178028544098
p1_to_p2,Pt99,random_joint,0.158616162081
p1_to_p2,Pt99,random_linear,0.147192450171
p1_to_p2,Pt99,random_pchip,0.129975467937
p2_to_p1,Pt1,exact_diagonal,0.0546303964713
p2_to_p1,Pt1,exact_joint,0.0459416503037
p2_to_p1,Pt1,greedy_joint,0.0452481551983
p2_to_p1,Pt1,random_diagonal,0.0875553773625
p2_to_p1,Pt1,random_joint,0.069322358905
p2_to_p1,Pt1,random_linear,0.0611332741186
p2_to_p1,Pt1,random_pchip,0.044388447103
p2_to_p1,Pt10,exact_diagonal,0.0963678012192
p2_to_p1,Pt10,exact_joint,0.0552438550646
p2_to_p1,Pt10,greedy_joint,0.0546550718585
p2_to_p1,Pt10,random_diagonal,0.106725811088
p2_to_p1,Pt10,random_joint,0.0747131663317
p2_to_p1,Pt10,random_linear,0.0744877337026
p2_to_p1,Pt10,random_pchip,0.0721964027295
p2_to_p1,Pt100,exact_diagonal,0.0871383822118
p2_to_p1,Pt100,exact_joint,0.0754185594954
p2_to_p1,Pt100,greedy_joint,0.0759831428197
p2_to_p1,Pt100,random_diagonal,0.138090191012
p2_to_p1,Pt100,random_joint,0.121781023199
p2_to_p1,Pt100,random_linear,0.106166554267
p2_to_p1,Pt100,random_pchip,0.0890330904532
p2_to_p1,Pt101,exact_diagonal,0.0753196024748
p2_to_p1,Pt101,exact_joint,0.0689453185947
p2_to_p1,Pt101,greedy_joint,0.071665177354
p2_to_p1,Pt101,random_diagonal,0.120650496526
p2_to_p1,Pt101,random_joint,0.112969613109
p2_to_p1,Pt101,random_linear,0.106178041968
p2_to_p1,Pt101,random_pchip,0.0937084941718
p2_to_p1,Pt102,exact_diagonal,0.126150285283
p2_to_p1,Pt102,exact_joint,0.10107090864
p2_to_p1,Pt102,greedy_joint,0.103749908957
p2_to_p1,Pt102,random_diagonal,0.191126810274
p2_to_p1,Pt102,random_joint,0.153841979414
p2_to_p1,Pt102,random_linear,0.144402289205
p2_to_p1,Pt102,random_pchip,0.122812325227
p2_to_p1,Pt103,exact_diagonal,0.103731175668
p2_to_p1,Pt103,exact_joint,0.0953241501053
p2_to_p1,Pt103,greedy_joint,0.0968015859703
p2_to_p1,Pt103,random_diagonal,0.157721211598
p2_to_p1,Pt103,random_joint,0.147885374428
p2_to_p1,Pt103,random_linear,0.129077566703
p2_to_p1,Pt103,random_pchip,0.111490869215
p2_to_p1,Pt104,exact_diagonal,0.0837075407975
p2_to_p1,Pt104,exact_joint,0.0730138426204
p2_to_p1,Pt104,greedy_joint,0.077795210693
p2_to_p1,Pt104,random_diagonal,0.144430325686
p2_to_p1,Pt104,random_joint,0.131322958246
p2_to_p1,Pt104,random_linear,0.119690743222
p2_to_p1,Pt104,random_pchip,0.0936482725838
p2_to_p1,Pt105,exact_diagonal,0.0448451926853
p2_to_p1,Pt105,exact_joint,0.041845077958
p2_to_p1,Pt105,greedy_joint,0.0432953014543
p2_to_p1,Pt105,random_diagonal,0.0757253200131
p2_to_p1,Pt105,random_joint,0.0707014942424
p2_to_p1,Pt105,random_linear,0.0646078151124
p2_to_p1,Pt105,random_pchip,0.0521628475059
p2_to_p1,Pt106,exact_diagonal,0.109114656256
p2_to_p1,Pt106,exact_joint,0.09587863136
p2_to_p1,Pt106,greedy_joint,0.100592714256
p2_to_p1,Pt106,random_diagonal,0.178660340812
p2_to_p1,Pt106,random_joint,0.163627911853
p2_to_p1,Pt106,random_linear,0.149053021997
p2_to_p1,Pt106,random_pchip,0.124332195778
p2_to_p1,Pt109,exact_diagonal,0.107136110763
p2_to_p1,Pt109,exact_joint,0.101990894345
p2_to_p1,Pt109,greedy_joint,0.105110539252
p2_to_p1,Pt109,random_diagonal,0.160574751733
p2_to_p1,Pt109,random_joint,0.144211501507
p2_to_p1,Pt109,random_linear,0.138291289448
p2_to_p1,Pt109,random_pchip,0.133014282183
p2_to_p1,Pt11,exact_diagonal,0.0725833830182
p2_to_p1,Pt11,exact_joint,0.0455997776358
p2_to_p1,Pt11,greedy_joint,0.0465300392645
p2_to_p1,Pt11,random_diagonal,0.100070785228
p2_to_p1,Pt11,random_joint,0.0632353818518
p2_to_p1,Pt11,random_linear,0.0522275632653
p2_to_p1,Pt11,random_pchip,0.0493777657532
p2_to_p1,Pt111,exact_diagonal,0.0761056529954
p2_to_p1,Pt111,exact_joint,0.0686090802418
p2_to_p1,Pt111,greedy_joint,0.0730151871277
p2_to_p1,Pt111,random_diagonal,0.124070996273
p2_to_p1,Pt111,random_joint,0.114537536375
p2_to_p1,Pt111,random_linear,0.101510596743
p2_to_p1,Pt111,random_pchip,0.0852075692406
p2_to_p1,Pt112,exact_diagonal,0.071347904787
p2_to_p1,Pt112,exact_joint,0.0589898891793
p2_to_p1,Pt112,greedy_joint,0.0624374350788
p2_to_p1,Pt112,random_diagonal,0.107745276698
p2_to_p1,Pt112,random_joint,0.0921865807345
p2_to_p1,Pt112,random_linear,0.0847782090725
p2_to_p1,Pt112,random_pchip,0.0938619558035
p2_to_p1,Pt114,exact_diagonal,0.0920154057324
p2_to_p1,Pt114,exact_joint,0.0793711948673
p2_to_p1,Pt114,greedy_joint,0.0819362011062
p2_to_p1,Pt114,random_diagonal,0.162624063509
p2_to_p1,Pt114,random_joint,0.14617808556
p2_to_p1,Pt114,random_linear,0.141683175665
p2_to_p1,Pt114,random_pchip,0.119983682035
p2_to_p1,Pt116,exact_diagonal,0.0766006523918
p2_to_p1,Pt116,exact_joint,0.0727806992988
p2_to_p1,Pt116,greedy_joint,0.0754061904223
p2_to_p1,Pt116,random_diagonal,0.12036252743
p2_to_p1,Pt116,random_joint,0.105084695959
p2_to_p1,Pt116,random_linear,0.0917736294907
p2_to_p1,Pt116,random_pchip,0.0755417594297
p2_to_p1,Pt117,exact_diagonal,0.0636508005138
p2_to_p1,Pt117,exact_joint,0.0602822547482
p2_to_p1,Pt117,greedy_joint,0.0652286903669
p2_to_p1,Pt117,random_diagonal,0.108306633918
p2_to_p1,Pt117,random_joint,0.104450905405
p2_to_p1,Pt117,random_linear,0.0956544471116
p2_to_p1,Pt117,random_pchip,0.0894740711525
p2_to_p1,Pt119,exact_diagonal,0.110875294785
p2_to_p1,Pt119,exact_joint,0.0953416453908
p2_to_p1,Pt119,greedy_joint,0.10078978437
p2_to_p1,Pt119,random_diagonal,0.162089185456
p2_to_p1,Pt119,random_joint,0.141485857817
p2_to_p1,Pt119,random_linear,0.127355136804
p2_to_p1,Pt119,random_pchip,0.115205385107
p2_to_p1,Pt12,exact_diagonal,0.0483462876387
p2_to_p1,Pt12,exact_joint,0.0465259158256
p2_to_p1,Pt12,greedy_joint,0.0437900140984
p2_to_p1,Pt12,random_diagonal,0.0627751842475
p2_to_p1,Pt12,random_joint,0.0622579350538
p2_to_p1,Pt12,random_linear,0.0548015922747
p2_to_p1,Pt12,random_pchip,0.0542918605753
p2_to_p1,Pt120,exact_diagonal,0.0795864245395
p2_to_p1,Pt120,exact_joint,0.0711709286203
p2_to_p1,Pt120,greedy_joint,0.0753932108884
p2_to_p1,Pt120,random_diagonal,0.118395014195
p2_to_p1,Pt120,random_joint,0.113399232225
p2_to_p1,Pt120,random_linear,0.130362912237
p2_to_p1,Pt120,random_pchip,0.137389453106
p2_to_p1,Pt121,exact_diagonal,0.10797662698
p2_to_p1,Pt121,exact_joint,0.0983147991247
p2_to_p1,Pt121,greedy_joint,0.100744230681
p2_to_p1,Pt121,random_diagonal,0.17311528884
p2_to_p1,Pt121,random_joint,0.156577288829
p2_to_p1,Pt121,random_linear,0.144124566991
p2_to_p1,Pt121,random_pchip,0.124610956808
p2_to_p1,Pt122,exact_diagonal,0.0700326786678
p2_to_p1,Pt122,exact_joint,0.0665326623345
p2_to_p1,Pt122,greedy_joint,0.0696515746211
p2_to_p1,Pt122,random_diagonal,0.109137277467
p2_to_p1,Pt122,random_joint,0.100644199181
p2_to_p1,Pt122,random_linear,0.092076957041
p2_to_p1,Pt122,random_pchip,0.0850209775229
p2_to_p1,Pt123,exact_diagonal,0.0905884118274
p2_to_p1,Pt123,exact_joint,0.0770284463731
p2_to_p1,Pt123,greedy_joint,0.0807935121345
p2_to_p1,Pt123,random_diagonal,0.143375453106
p2_to_p1,Pt123,random_joint,0.116590354926
p2_to_p1,Pt123,random_linear,0.106748902713
p2_to_p1,Pt123,random_pchip,0.0778086112672
p2_to_p1,Pt124,exact_diagonal,0.0798687342264
p2_to_p1,Pt124,exact_joint,0.0713622110898
p2_to_p1,Pt124,greedy_joint,0.0748577874096
p2_to_p1,Pt124,random_diagonal,0.129310736579
p2_to_p1,Pt124,random_joint,0.115424181877
p2_to_p1,Pt124,random_linear,0.109923427122
p2_to_p1,Pt124,random_pchip,0.111324057202
p2_to_p1,Pt125,exact_diagonal,0.125935123265
p2_to_p1,Pt125,exact_joint,0.119436533493
p2_to_p1,Pt125,greedy_joint,0.123235096634
p2_to_p1,Pt125,random_diagonal,0.187159212624
p2_to_p1,Pt125,random_joint,0.178991519779
p2_to_p1,Pt125,random_linear,0.178184232801
p2_to_p1,Pt125,random_pchip,0.158455331844
p2_to_p1,Pt126,exact_diagonal,0.0898305330339
p2_to_p1,Pt126,exact_joint,0.0839271736983
p2_to_p1,Pt126,greedy_joint,0.0862470030063
p2_to_p1,Pt126,random_diagonal,0.132904604631
p2_to_p1,Pt126,random_joint,0.127812433755
p2_to_p1,Pt126,random_linear,0.126736092839
p2_to_p1,Pt126,random_pchip,0.118496479992
p2_to_p1,Pt127,exact_diagonal,0.0692608146385
p2_to_p1,Pt127,exact_joint,0.0628640716956
p2_to_p1,Pt127,greedy_joint,0.0635724721082
p2_to_p1,Pt127,random_diagonal,0.109042477441
p2_to_p1,Pt127,random_joint,0.093313789606
p2_to_p1,Pt127,random_linear,0.0855906492045
p2_to_p1,Pt127,random_pchip,0.0764834968058
p2_to_p1,Pt128,exact_diagonal,0.0729603605756
p2_to_p1,Pt128,exact_joint,0.0668031220505
p2_to_p1,Pt128,greedy_joint,0.0678523804175
p2_to_p1,Pt128,random_diagonal,0.100325433746
p2_to_p1,Pt128,random_joint,0.0985063134158
p2_to_p1,Pt128,random_linear,0.106138600716
p2_to_p1,Pt128,random_pchip,0.0906925104044
p2_to_p1,Pt129,exact_diagonal,0.0666078791552
p2_to_p1,Pt129,exact_joint,0.0648156995239
p2_to_p1,Pt129,greedy_joint,0.0678396082747
p2_to_p1,Pt129,random_diagonal,0.11434014777
p2_to_p1,Pt129,random_joint,0.104539596555
p2_to_p1,Pt129,random_linear,0.0973601050767
p2_to_p1,Pt129,random_pchip,0.0768981761546
p2_to_p1,Pt13,exact_diagonal,0.0680055138311
p2_to_p1,Pt13,exact_joint,0.0588118601441
p2_to_p1,Pt13,greedy_joint,0.0587738140504
p2_to_p1,Pt13,random_diagonal,0.0983820327707
p2_to_p1,Pt13,random_joint,0.0864641616234
p2_to_p1,Pt13,random_linear,0.0697295587317
p2_to_p1,Pt13,random_pchip,0.0600028590691
p2_to_p1,Pt134,exact_diagonal,0.0909143488802
p2_to_p1,Pt134,exact_joint,0.0767114125636
p2_to_p1,Pt134,greedy_joint,0.0780139262999
p2_to_p1,Pt134,random_diagonal,0.138079348526
p2_to_p1,Pt134,random_joint,0.11740110327
p2_to_p1,Pt134,random_linear,0.109109889541
p2_to_p1,Pt134,random_pchip,0.100218540288
p2_to_p1,Pt137,exact_diagonal,0.07663330236
p2_to_p1,Pt137,exact_joint,0.0709974325832
p2_to_p1,Pt137,greedy_joint,0.0704936596605
p2_to_p1,Pt137,random_diagonal,0.118610842087
p2_to_p1,Pt137,random_joint,0.108474839295
p2_to_p1,Pt137,random_linear,0.103827289317
p2_to_p1,Pt137,random_pchip,0.0955329949355
p2_to_p1,Pt142,exact_diagonal,0.037698788975
p2_to_p1,Pt142,exact_joint,0.0507835729422
p2_to_p1,Pt142,greedy_joint,0.0507835729422
p2_to_p1,Pt142,random_diagonal,0.0419551503313
p2_to_p1,Pt142,random_joint,0.0599683628192
p2_to_p1,Pt142,random_linear,0.094108458562
p2_to_p1,Pt142,random_pchip,0.10233513097
p2_to_p1,Pt143,exact_diagonal,0.0686321329037
p2_to_p1,Pt143,exact_joint,0.0562991010696
p2_to_p1,Pt143,greedy_joint,0.0587696772587
p2_to_p1,Pt143,random_diagonal,0.11581948244
p2_to_p1,Pt143,random_joint,0.0967174310367
p2_to_p1,Pt143,random_linear,0.0889776381216
p2_to_p1,Pt143,random_pchip,0.0727021415807
p2_to_p1,Pt144,exact_diagonal,0.0553987373334
p2_to_p1,Pt144,exact_joint,0.0482067687526
p2_to_p1,Pt144,greedy_joint,0.0513688935282
p2_to_p1,Pt144,random_diagonal,0.0936343283296
p2_to_p1,Pt144,random_joint,0.0851800525846
p2_to_p1,Pt144,random_linear,0.0751948534673
p2_to_p1,Pt144,random_pchip,0.061860456488
p2_to_p1,Pt148,exact_diagonal,0.152694591901
p2_to_p1,Pt148,exact_joint,0.111317142977
p2_to_p1,Pt148,greedy_joint,0.114802856947
p2_to_p1,Pt148,random_diagonal,0.206686158955
p2_to_p1,Pt148,random_joint,0.15262026555
p2_to_p1,Pt148,random_linear,0.16226310359
p2_to_p1,Pt148,random_pchip,0.169382495356
p2_to_p1,Pt149,exact_diagonal,0.0450989924104
p2_to_p1,Pt149,exact_joint,0.0483687425155
p2_to_p1,Pt149,greedy_joint,0.0483687425155
p2_to_p1,Pt149,random_diagonal,0.0565176359619
p2_to_p1,Pt149,random_joint,0.0609467289134
p2_to_p1,Pt149,random_linear,0.0687353107458
p2_to_p1,Pt149,random_pchip,0.0610776412229
p2_to_p1,Pt15,exact_diagonal,0.0613884423341
p2_to_p1,Pt15,exact_joint,0.0581905842903
p2_to_p1,Pt15,greedy_joint,0.0600746260925
p2_to_p1,Pt15,random_diagonal,0.0957555023599
p2_to_p1,Pt15,random_joint,0.0915947563091
p2_to_p1,Pt15,random_linear,0.0820156558049
p2_to_p1,Pt15,random_pchip,0.0580206782519
p2_to_p1,Pt151,exact_diagonal,0.0669156698774
p2_to_p1,Pt151,exact_joint,0.0593752746807
p2_to_p1,Pt151,greedy_joint,0.0623879106731
p2_to_p1,Pt151,random_diagonal,0.114885158303
p2_to_p1,Pt151,random_joint,0.106004778342
p2_to_p1,Pt151,random_linear,0.0954762858475
p2_to_p1,Pt151,random_pchip,0.0714975812338
p2_to_p1,Pt17,exact_diagonal,0.079405058865
p2_to_p1,Pt17,exact_joint,0.0764906472227
p2_to_p1,Pt17,greedy_joint,0.0728840161481
p2_to_p1,Pt17,random_diagonal,0.121059300568
p2_to_p1,Pt17,random_joint,0.111408863963
p2_to_p1,Pt17,random_linear,0.092548231892
p2_to_p1,Pt17,random_pchip,0.0820467386551
p2_to_p1,Pt18,exact_diagonal,0.0795045151144
p2_to_p1,Pt18,exact_joint,0.0606527669671
p2_to_p1,Pt18,greedy_joint,0.0617900451207
p2_to_p1,Pt18,random_diagonal,0.11481056661
p2_to_p1,Pt18,random_joint,0.0922311313159
p2_to_p1,Pt18,random_linear,0.0762858915558
p2_to_p1,Pt18,random_pchip,0.0795907169536
p2_to_p1,Pt20,exact_diagonal,0.0914887672797
p2_to_p1,Pt20,exact_joint,0.0721599467425
p2_to_p1,Pt20,greedy_joint,0.0738966584542
p2_to_p1,Pt20,random_diagonal,0.132264175375
p2_to_p1,Pt20,random_joint,0.0991311172765
p2_to_p1,Pt20,random_linear,0.0849302205798
p2_to_p1,Pt20,random_pchip,0.0818378121892
p2_to_p1,Pt21,exact_diagonal,0.0399652848367
p2_to_p1,Pt21,exact_joint,0.0389788890522
p2_to_p1,Pt21,greedy_joint,0.0398908159359
p2_to_p1,Pt21,random_diagonal,0.0611897232017
p2_to_p1,Pt21,random_joint,0.0575111939977
p2_to_p1,Pt21,random_linear,0.0446206051356
p2_to_p1,Pt21,random_pchip,0.0380047270076
p2_to_p1,Pt22,exact_diagonal,0.0873927238582
p2_to_p1,Pt22,exact_joint,0.088240589153
p2_to_p1,Pt22,greedy_joint,0.0870317850391
p2_to_p1,Pt22,random_diagonal,0.127273204995
p2_to_p1,Pt22,random_joint,0.129441992048
p2_to_p1,Pt22,random_linear,0.119238484256
p2_to_p1,Pt22,random_pchip,0.104112986697
p2_to_p1,Pt23,exact_diagonal,0.0616321785461
p2_to_p1,Pt23,exact_joint,0.0505506788125
p2_to_p1,Pt23,greedy_joint,0.0499754182046
p2_to_p1,Pt23,random_diagonal,0.0811429048875
p2_to_p1,Pt23,random_joint,0.0726702655191
p2_to_p1,Pt23,random_linear,0.0664349225194
p2_to_p1,Pt23,random_pchip,0.0599480819674
p2_to_p1,Pt24,exact_diagonal,0.055481154426
p2_to_p1,Pt24,exact_joint,0.0522725778458
p2_to_p1,Pt24,greedy_joint,0.0510624570363
p2_to_p1,Pt24,random_diagonal,0.0831759734783
p2_to_p1,Pt24,random_joint,0.0793738889761
p2_to_p1,Pt24,random_linear,0.0660666038578
p2_to_p1,Pt24,random_pchip,0.0535299251608
p2_to_p1,Pt25,exact_diagonal,0.041529932367
p2_to_p1,Pt25,exact_joint,0.0425902673365
p2_to_p1,Pt25,greedy_joint,0.0409474120759
p2_to_p1,Pt25,random_diagonal,0.0636761656241
p2_to_p1,Pt25,random_joint,0.0585883361249
p2_to_p1,Pt25,random_linear,0.0459471109422
p2_to_p1,Pt25,random_pchip,0.040414304932
p2_to_p1,Pt26,exact_diagonal,0.0673414634685
p2_to_p1,Pt26,exact_joint,0.0620265071622
p2_to_p1,Pt26,greedy_joint,0.0604086419122
p2_to_p1,Pt26,random_diagonal,0.0862404039835
p2_to_p1,Pt26,random_joint,0.0836999262433
p2_to_p1,Pt26,random_linear,0.0708509527128
p2_to_p1,Pt26,random_pchip,0.0697470187542
p2_to_p1,Pt28,exact_diagonal,0.0654020127485
p2_to_p1,Pt28,exact_joint,0.0401304606267
p2_to_p1,Pt28,greedy_joint,0.0396203571511
p2_to_p1,Pt28,random_diagonal,0.0715246701408
p2_to_p1,Pt28,random_joint,0.0542287349102
p2_to_p1,Pt28,random_linear,0.0553694320327
p2_to_p1,Pt28,random_pchip,0.0534023372402
p2_to_p1,Pt29,exact_diagonal,0.0459719076709
p2_to_p1,Pt29,exact_joint,0.0460947232481
p2_to_p1,Pt29,greedy_joint,0.0459769023006
p2_to_p1,Pt29,random_diagonal,0.0722349548709
p2_to_p1,Pt29,random_joint,0.0679408727196
p2_to_p1,Pt29,random_linear,0.0567170265568
p2_to_p1,Pt29,random_pchip,0.0408315651923
p2_to_p1,Pt3,exact_diagonal,0.0496500781731
p2_to_p1,Pt3,exact_joint,0.0454932190891
p2_to_p1,Pt3,greedy_joint,0.0451618919673
p2_to_p1,Pt3,random_diagonal,0.0703904168938
p2_to_p1,Pt3,random_joint,0.0640971007981
p2_to_p1,Pt3,random_linear,0.0501355880809
p2_to_p1,Pt3,random_pchip,0.0416587089229
p2_to_p1,Pt31,exact_diagonal,0.071552054644
p2_to_p1,Pt31,exact_joint,0.0555581274315
p2_to_p1,Pt31,greedy_joint,0.0548025219258
p2_to_p1,Pt31,random_diagonal,0.0915095302596
p2_to_p1,Pt31,random_joint,0.0806644881335
p2_to_p1,Pt31,random_linear,0.0743342176588
p2_to_p1,Pt31,random_pchip,0.0759666322618
p2_to_p1,Pt32,exact_diagonal,0.120102449554
p2_to_p1,Pt32,exact_joint,0.10503589131
p2_to_p1,Pt32,greedy_joint,0.105974354495
p2_to_p1,Pt32,random_diagonal,0.166052802057
p2_to_p1,Pt32,random_joint,0.14114544915
p2_to_p1,Pt32,random_linear,0.134913666139
p2_to_p1,Pt32,random_pchip,0.10999516207
p2_to_p1,Pt33,exact_diagonal,0.0637702388163
p2_to_p1,Pt33,exact_joint,0.0554389131123
p2_to_p1,Pt33,greedy_joint,0.0552004412283
p2_to_p1,Pt33,random_diagonal,0.0940754259172
p2_to_p1,Pt33,random_joint,0.0713654140358
p2_to_p1,Pt33,random_linear,0.0580589408396
p2_to_p1,Pt33,random_pchip,0.0428819153503
p2_to_p1,Pt35,exact_diagonal,0.0764515941949
p2_to_p1,Pt35,exact_joint,0.072799625509
p2_to_p1,Pt35,greedy_joint,0.0714904387616
p2_to_p1,Pt35,random_diagonal,0.120668868501
p2_to_p1,Pt35,random_joint,0.106828518887
p2_to_p1,Pt35,random_linear,0.100653678858
p2_to_p1,Pt35,random_pchip,0.09456883632
p2_to_p1,Pt37,exact_diagonal,0.0500208429613
p2_to_p1,Pt37,exact_joint,0.0422656446825
p2_to_p1,Pt37,greedy_joint,0.0416518554836
p2_to_p1,Pt37,random_diagonal,0.0647821153599
p2_to_p1,Pt37,random_joint,0.063383999274
p2_to_p1,Pt37,random_linear,0.0574218605619
p2_to_p1,Pt37,random_pchip,0.0448452138081
p2_to_p1,Pt38,exact_diagonal,0.0722300917811
p2_to_p1,Pt38,exact_joint,0.0684444853377
p2_to_p1,Pt38,greedy_joint,0.0672431152736
p2_to_p1,Pt38,random_diagonal,0.11328739581
p2_to_p1,Pt38,random_joint,0.11342514298
p2_to_p1,Pt38,random_linear,0.0926190666978
p2_to_p1,Pt38,random_pchip,0.0797698681303
p2_to_p1,Pt39,exact_diagonal,0.0579104804613
p2_to_p1,Pt39,exact_joint,0.053795224245
p2_to_p1,Pt39,greedy_joint,0.0517515243739
p2_to_p1,Pt39,random_diagonal,0.087082252932
p2_to_p1,Pt39,random_joint,0.0792991363038
p2_to_p1,Pt39,random_linear,0.0693535764792
p2_to_p1,Pt39,random_pchip,0.0532016947704
p2_to_p1,Pt40,exact_diagonal,0.0749112428992
p2_to_p1,Pt40,exact_joint,0.0642598717512
p2_to_p1,Pt40,greedy_joint,0.0638795793115
p2_to_p1,Pt40,random_diagonal,0.106354053332
p2_to_p1,Pt40,random_joint,0.0868115339815
p2_to_p1,Pt40,random_linear,0.0751248792981
p2_to_p1,Pt40,random_pchip,0.0748049252522
p2_to_p1,Pt42,exact_diagonal,0.0432833513918
p2_to_p1,Pt42,exact_joint,0.0394524576703
p2_to_p1,Pt42,greedy_joint,0.0389972055378
p2_to_p1,Pt42,random_diagonal,0.0672525310768
p2_to_p1,Pt42,random_joint,0.058432054718
p2_to_p1,Pt42,random_linear,0.0462363687266
p2_to_p1,Pt42,random_pchip,0.0339899155223
p2_to_p1,Pt43,exact_diagonal,0.208603945908
p2_to_p1,Pt43,exact_joint,0.0742708234734
p2_to_p1,Pt43,greedy_joint,0.0736975015612
p2_to_p1,Pt43,random_diagonal,0.198735703514
p2_to_p1,Pt43,random_joint,0.0861948691662
p2_to_p1,Pt43,random_linear,0.106018073265
p2_to_p1,Pt43,random_pchip,0.118983300499
p2_to_p1,Pt44,exact_diagonal,0.0659567548813
p2_to_p1,Pt44,exact_joint,0.0573599143387
p2_to_p1,Pt44,greedy_joint,0.0568159473386
p2_to_p1,Pt44,random_diagonal,0.0957869254105
p2_to_p1,Pt44,random_joint,0.0765529203942
p2_to_p1,Pt44,random_linear,0.0717506170893
p2_to_p1,Pt44,random_pchip,0.0727981595044
p2_to_p1,Pt45,exact_diagonal,0.0648951468649
p2_to_p1,Pt45,exact_joint,0.0616006548948
p2_to_p1,Pt45,greedy_joint,0.0592528008643
p2_to_p1,Pt45,random_diagonal,0.0931845976193
p2_to_p1,Pt45,random_joint,0.0869948791368
p2_to_p1,Pt45,random_linear,0.0713100626091
p2_to_p1,Pt45,random_pchip,0.0628996786733
p2_to_p1,Pt46,exact_diagonal,0.0656761919614
p2_to_p1,Pt46,exact_joint,0.0594687392769
p2_to_p1,Pt46,greedy_joint,0.0574324972271
p2_to_p1,Pt46,random_diagonal,0.106622084266
p2_to_p1,Pt46,random_joint,0.0961269191582
p2_to_p1,Pt46,random_linear,0.0764810188891
p2_to_p1,Pt46,random_pchip,0.0704336468673
p2_to_p1,Pt49,exact_diagonal,0.0852832628277
p2_to_p1,Pt49,exact_joint,0.0769727875354
p2_to_p1,Pt49,greedy_joint,0.0735923217312
p2_to_p1,Pt49,random_diagonal,0.132577650091
p2_to_p1,Pt49,random_joint,0.118901414336
p2_to_p1,Pt49,random_linear,0.102221546763
p2_to_p1,Pt49,random_pchip,0.0841871115342
p2_to_p1,Pt50,exact_diagonal,0.111864718156
p2_to_p1,Pt50,exact_joint,0.0722066696881
p2_to_p1,Pt50,greedy_joint,0.0717574359405
p2_to_p1,Pt50,random_diagonal,0.149044697156
p2_to_p1,Pt50,random_joint,0.101907262668
p2_to_p1,Pt50,random_linear,0.0950537120606
p2_to_p1,Pt50,random_pchip,0.0872893891056
p2_to_p1,Pt52,exact_diagonal,0.046306619503
p2_to_p1,Pt52,exact_joint,0.0478137529859
p2_to_p1,Pt52,greedy_joint,0.0465208630495
p2_to_p1,Pt52,random_diagonal,0.0699852440376
p2_to_p1,Pt52,random_joint,0.068948289184
p2_to_p1,Pt52,random_linear,0.0546516848758
p2_to_p1,Pt52,random_pchip,0.045251604099
p2_to_p1,Pt54,exact_diagonal,0.086840149998
p2_to_p1,Pt54,exact_joint,0.0739862659869
p2_to_p1,Pt54,greedy_joint,0.0743273934287
p2_to_p1,Pt54,random_diagonal,0.131357218309
p2_to_p1,Pt54,random_joint,0.113304049667
p2_to_p1,Pt54,random_linear,0.102091827564
p2_to_p1,Pt54,random_pchip,0.09049741742
p2_to_p1,Pt55,exact_diagonal,0.0803448182424
p2_to_p1,Pt55,exact_joint,0.0704435629225
p2_to_p1,Pt55,greedy_joint,0.072497251703
p2_to_p1,Pt55,random_diagonal,0.125312073014
p2_to_p1,Pt55,random_joint,0.109747536789
p2_to_p1,Pt55,random_linear,0.0978177112568
p2_to_p1,Pt55,random_pchip,0.0817574808084
p2_to_p1,Pt56,exact_diagonal,0.066569842116
p2_to_p1,Pt56,exact_joint,0.0569913980769
p2_to_p1,Pt56,greedy_joint,0.0557083761471
p2_to_p1,Pt56,random_diagonal,0.100589775215
p2_to_p1,Pt56,random_joint,0.0860666897306
p2_to_p1,Pt56,random_linear,0.072780370542
p2_to_p1,Pt56,random_pchip,0.0576893603535
p2_to_p1,Pt57,exact_diagonal,0.0496489741577
p2_to_p1,Pt57,exact_joint,0.0454455684248
p2_to_p1,Pt57,greedy_joint,0.0438073829295
p2_to_p1,Pt57,random_diagonal,0.0815522379742
p2_to_p1,Pt57,random_joint,0.0767273242007
p2_to_p1,Pt57,random_linear,0.0647614616752
p2_to_p1,Pt57,random_pchip,0.0465748436721
p2_to_p1,Pt58,exact_diagonal,0.0608769824174
p2_to_p1,Pt58,exact_joint,0.0548036062732
p2_to_p1,Pt58,greedy_joint,0.0527985236806
p2_to_p1,Pt58,random_diagonal,0.0958629269689
p2_to_p1,Pt58,random_joint,0.0838555009464
p2_to_p1,Pt58,random_linear,0.0673256176176
p2_to_p1,Pt58,random_pchip,0.0550981072924
p2_to_p1,Pt59,exact_diagonal,0.0669391772611
p2_to_p1,Pt59,exact_joint,0.0606493193048
p2_to_p1,Pt59,greedy_joint,0.0602746211451
p2_to_p1,Pt59,random_diagonal,0.0896180150183
p2_to_p1,Pt59,random_joint,0.0798653796633
p2_to_p1,Pt59,random_linear,0.0681914621383
p2_to_p1,Pt59,random_pchip,0.0650923587259
p2_to_p1,Pt6,exact_diagonal,0.0762831348846
p2_to_p1,Pt6,exact_joint,0.0691662775367
p2_to_p1,Pt6,greedy_joint,0.0700433529176
p2_to_p1,Pt6,random_diagonal,0.111273323023
p2_to_p1,Pt6,random_joint,0.0966467545409
p2_to_p1,Pt6,random_linear,0.0866739833594
p2_to_p1,Pt6,random_pchip,0.0711564123734
p2_to_p1,Pt61,exact_diagonal,0.061609503545
p2_to_p1,Pt61,exact_joint,0.0479791604797
p2_to_p1,Pt61,greedy_joint,0.0484781384104
p2_to_p1,Pt61,random_diagonal,0.0827981210395
p2_to_p1,Pt61,random_joint,0.0687400186528
p2_to_p1,Pt61,random_linear,0.0541884985102
p2_to_p1,Pt61,random_pchip,0.0487330031916
p2_to_p1,Pt62,exact_diagonal,0.0703562875683
p2_to_p1,Pt62,exact_joint,0.0519460316398
p2_to_p1,Pt62,greedy_joint,0.0492112635225
p2_to_p1,Pt62,random_diagonal,0.0942824158076
p2_to_p1,Pt62,random_joint,0.0805619402578
p2_to_p1,Pt62,random_linear,0.0685467299926
p2_to_p1,Pt62,random_pchip,0.0627518559288
p2_to_p1,Pt63,exact_diagonal,0.0784853775615
p2_to_p1,Pt63,exact_joint,0.0678503970719
p2_to_p1,Pt63,greedy_joint,0.0686412229264
p2_to_p1,Pt63,random_diagonal,0.125798493529
p2_to_p1,Pt63,random_joint,0.104453457054
p2_to_p1,Pt63,random_linear,0.0926190981278
p2_to_p1,Pt63,random_pchip,0.0642144345461
p2_to_p1,Pt65,exact_diagonal,0.097166863563
p2_to_p1,Pt65,exact_joint,0.061597040261
p2_to_p1,Pt65,greedy_joint,0.06313298902
p2_to_p1,Pt65,random_diagonal,0.129674578808
p2_to_p1,Pt65,random_joint,0.086090793147
p2_to_p1,Pt65,random_linear,0.0756207143015
p2_to_p1,Pt65,random_pchip,0.0724462880933
p2_to_p1,Pt66,exact_diagonal,0.0434779427574
p2_to_p1,Pt66,exact_joint,0.0446341612095
p2_to_p1,Pt66,greedy_joint,0.043816063196
p2_to_p1,Pt66,random_diagonal,0.0654943660374
p2_to_p1,Pt66,random_joint,0.0667140590899
p2_to_p1,Pt66,random_linear,0.054991567085
p2_to_p1,Pt66,random_pchip,0.0409900514841
p2_to_p1,Pt67,exact_diagonal,0.0767560853839
p2_to_p1,Pt67,exact_joint,0.0740319983837
p2_to_p1,Pt67,greedy_joint,0.0714730888607
p2_to_p1,Pt67,random_diagonal,0.116967747891
p2_to_p1,Pt67,random_joint,0.108151996187
p2_to_p1,Pt67,random_linear,0.0895017039923
p2_to_p1,Pt67,random_pchip,0.0723952098179
p2_to_p1,Pt68,exact_diagonal,0.119116575915
p2_to_p1,Pt68,exact_joint,0.0911983191311
p2_to_p1,Pt68,greedy_joint,0.0933059652071
p2_to_p1,Pt68,random_diagonal,0.145462300498
p2_to_p1,Pt68,random_joint,0.112927480823
p2_to_p1,Pt68,random_linear,0.120716357049
p2_to_p1,Pt68,random_pchip,0.120788024484
p2_to_p1,Pt7,exact_diagonal,0.0741661277449
p2_to_p1,Pt7,exact_joint,0.0682350862114
p2_to_p1,Pt7,greedy_joint,0.0688514875895
p2_to_p1,Pt7,random_diagonal,0.104948924478
p2_to_p1,Pt7,random_joint,0.0941297960771
p2_to_p1,Pt7,random_linear,0.0828469908273
p2_to_p1,Pt7,random_pchip,0.0754389498067
p2_to_p1,Pt70,exact_diagonal,0.110470361564
p2_to_p1,Pt70,exact_joint,0.0769450146308
p2_to_p1,Pt70,greedy_joint,0.0748212040122
p2_to_p1,Pt70,random_diagonal,0.160964761827
p2_to_p1,Pt70,random_joint,0.120661997178
p2_to_p1,Pt70,random_linear,0.109668835013
p2_to_p1,Pt70,random_pchip,0.0999130042392
p2_to_p1,Pt74,exact_diagonal,0.0522014729113
p2_to_p1,Pt74,exact_joint,0.0551775694236
p2_to_p1,Pt74,greedy_joint,0.0540853310935
p2_to_p1,Pt74,random_diagonal,0.0698869810027
p2_to_p1,Pt74,random_joint,0.0731294095207
p2_to_p1,Pt74,random_linear,0.0613951565903
p2_to_p1,Pt74,random_pchip,0.0517786583345
p2_to_p1,Pt76,exact_diagonal,0.0675172673625
p2_to_p1,Pt76,exact_joint,0.0608262411775
p2_to_p1,Pt76,greedy_joint,0.0623328029275
p2_to_p1,Pt76,random_diagonal,0.101251276362
p2_to_p1,Pt76,random_joint,0.0897292671469
p2_to_p1,Pt76,random_linear,0.0800009754966
p2_to_p1,Pt76,random_pchip,0.0629608754114
p2_to_p1,Pt77,exact_diagonal,0.112431594125
p2_to_p1,Pt77,exact_joint,0.0803403875893
p2_to_p1,Pt77,greedy_joint,0.0786561430645
p2_to_p1,Pt77,random_diagonal,0.126283076139
p2_to_p1,Pt77,random_joint,0.104608743324
p2_to_p1,Pt77,random_linear,0.10212339021
p2_to_p1,Pt77,random_pchip,0.100596478948
p2_to_p1,Pt79,exact_diagonal,0.0788498527927
p2_to_p1,Pt79,exact_joint,0.0494741340697
p2_to_p1,Pt79,greedy_joint,0.049717561513
p2_to_p1,Pt79,random_diagonal,0.106631966951
p2_to_p1,Pt79,random_joint,0.0778488464072
p2_to_p1,Pt79,random_linear,0.0733934369406
p2_to_p1,Pt79,random_pchip,0.0644760404375
p2_to_p1,Pt8,exact_diagonal,0.055818479743
p2_to_p1,Pt8,exact_joint,0.0506633622312
p2_to_p1,Pt8,greedy_joint,0.0492648394181
p2_to_p1,Pt8,random_diagonal,0.0809520232848
p2_to_p1,Pt8,random_joint,0.0721829721502
p2_to_p1,Pt8,random_linear,0.0615394484077
p2_to_p1,Pt8,random_pchip,0.0565350781683
p2_to_p1,Pt80,exact_diagonal,0.0824342822539
p2_to_p1,Pt80,exact_joint,0.0832918519759
p2_to_p1,Pt80,greedy_joint,0.0859364277866
p2_to_p1,Pt80,random_diagonal,0.120697394631
p2_to_p1,Pt80,random_joint,0.118297616667
p2_to_p1,Pt80,random_linear,0.110874285072
p2_to_p1,Pt80,random_pchip,0.0726081330683
p2_to_p1,Pt81,exact_diagonal,0.0689760239651
p2_to_p1,Pt81,exact_joint,0.0517443687328
p2_to_p1,Pt81,greedy_joint,0.0490774765633
p2_to_p1,Pt81,random_diagonal,0.0867932364951
p2_to_p1,Pt81,random_joint,0.0742914124965
p2_to_p1,Pt81,random_linear,0.0675104049066
p2_to_p1,Pt81,random_pchip,0.0585087024888
p2_to_p1,Pt84,exact_diagonal,0.0673632015255
p2_to_p1,Pt84,exact_joint,0.0582628106394
p2_to_p1,Pt84,greedy_joint,0.0613255592052
p2_to_p1,Pt84,random_diagonal,0.111905080497
p2_to_p1,Pt84,random_joint,0.100213860815
p2_to_p1,Pt84,random_linear,0.0873717932301
p2_to_p1,Pt84,random_pchip,0.0787179628809
p2_to_p1,Pt85,exact_diagonal,0.0649540161352
p2_to_p1,Pt85,exact_joint,0.0563647482073
p2_to_p1,Pt85,greedy_joint,0.0604532859534
p2_to_p1,Pt85,random_diagonal,0.115724278584
p2_to_p1,Pt85,random_joint,0.100308560154
p2_to_p1,Pt85,random_linear,0.0918305304083
p2_to_p1,Pt85,random_pchip,0.065640626471
p2_to_p1,Pt86,exact_diagonal,0.0867554436762
p2_to_p1,Pt86,exact_joint,0.0815764097685
p2_to_p1,Pt86,greedy_joint,0.0839299515282
p2_to_p1,Pt86,random_diagonal,0.124577824653
p2_to_p1,Pt86,random_joint,0.108289634088
p2_to_p1,Pt86,random_linear,0.104354283961
p2_to_p1,Pt86,random_pchip,0.0991968550574
p2_to_p1,Pt88,exact_diagonal,0.139547756337
p2_to_p1,Pt88,exact_joint,0.132051386616
p2_to_p1,Pt88,greedy_joint,0.133350829256
p2_to_p1,Pt88,random_diagonal,0.192509260386
p2_to_p1,Pt88,random_joint,0.172755533289
p2_to_p1,Pt88,random_linear,0.168424162658
p2_to_p1,Pt88,random_pchip,0.179804486083
p2_to_p1,Pt89,exact_diagonal,0.0659347545478
p2_to_p1,Pt89,exact_joint,0.0599466505752
p2_to_p1,Pt89,greedy_joint,0.0624333790426
p2_to_p1,Pt89,random_diagonal,0.10887206347
p2_to_p1,Pt89,random_joint,0.10461244968
p2_to_p1,Pt89,random_linear,0.0963789431135
p2_to_p1,Pt89,random_pchip,0.0702266694448
p2_to_p1,Pt9,exact_diagonal,0.0981765275785
p2_to_p1,Pt9,exact_joint,0.0995124430028
p2_to_p1,Pt9,greedy_joint,0.100705081055
p2_to_p1,Pt9,random_diagonal,0.132683424882
p2_to_p1,Pt9,random_joint,0.132725747649
p2_to_p1,Pt9,random_linear,0.130385279433
p2_to_p1,Pt9,random_pchip,0.136039033576
p2_to_p1,Pt93,exact_diagonal,0.11624923126
p2_to_p1,Pt93,exact_joint,0.0972646634038
p2_to_p1,Pt93,greedy_joint,0.100100772049
p2_to_p1,Pt93,random_diagonal,0.16109534286
p2_to_p1,Pt93,random_joint,0.135340890953
p2_to_p1,Pt93,random_linear,0.140091444975
p2_to_p1,Pt93,random_pchip,0.133874111213
p2_to_p1,Pt94,exact_diagonal,0.0635650017439
p2_to_p1,Pt94,exact_joint,0.059053148979
p2_to_p1,Pt94,greedy_joint,0.0599015582729
p2_to_p1,Pt94,random_diagonal,0.0838184018285
p2_to_p1,Pt94,random_joint,0.0733863784074
p2_to_p1,Pt94,random_linear,0.0565640174621
p2_to_p1,Pt94,random_pchip,0.0566195988496
p2_to_p1,Pt95,exact_diagonal,0.175374299546
p2_to_p1,Pt95,exact_joint,0.143454443659
p2_to_p1,Pt95,greedy_joint,0.144869173672
p2_to_p1,Pt95,random_diagonal,0.267868738773
p2_to_p1,Pt95,random_joint,0.230481279391
p2_to_p1,Pt95,random_linear,0.217003476782
p2_to_p1,Pt95,random_pchip,0.205715811349
p2_to_p1,Pt98,exact_diagonal,0.0971408868684
p2_to_p1,Pt98,exact_joint,0.0857832129274
p2_to_p1,Pt98,greedy_joint,0.0885620074332
p2_to_p1,Pt98,random_diagonal,0.154908982037
p2_to_p1,Pt98,random_joint,0.137152699073
p2_to_p1,Pt98,random_linear,0.128668090276
p2_to_p1,Pt98,random_pchip,0.119076762638
p2_to_p1,Pt99,exact_diagonal,0.106639261442
p2_to_p1,Pt99,exact_joint,0.0946649419624
p2_to_p1,Pt99,greedy_joint,0.097730231399
p2_to_p1,Pt99,random_diagonal,0.186724327253
p2_to_p1,Pt99,random_joint,0.170946690938
p2_to_p1,Pt99,random_linear,0.156573515848
p2_to_p1,Pt99,random_pchip,0.12034207425
