orientation,method,patient,mse,coverage90,width90
p1_to_p2,exact_diagonal,Pt1,0.0439755946317,0.986495844875,1.3441986131
p1_to_p2,exact_diagonal,Pt10,0.0694244297894,0.981578947368,1.3441986131
p1_to_p2,exact_diagonal,Pt100,0.076326351791,0.967261904762,1.37754878004
p1_to_p2,exact_diagonal,Pt101,0.0875548987959,0.96484375,1.37754878004
p1_to_p2,exact_diagonal,Pt102,0.0900746392216,0.970610119048,1.37754878004
p1_to_p2,exact_diagonal,Pt103,0.0960036768399,0.958258608321,1.37607348108
p1_to_p2,exact_diagonal,Pt104,0.0868095065101,0.967633928571,1.37754878004
p1_to_p2,exact_diagonal,Pt105,0.0556851983174,0.981212797619,1.37754878004
p1_to_p2,exact_diagonal,Pt106,0.105420552097,0.953501506024,1.3768200179
p1_to_p2,exact_diagonal,Pt109,0.103999270768,0.962011505991,1.37799043968
p1_to_p2,exact_diagonal,Pt11,0.0364146664466,0.991081871345,1.3441986131
p1_to_p2,exact_diagonal,Pt111,0.0801163895628,0.96837797619,1.37754878004
p1_to_p2,exact_diagonal,Pt112,0.080718280172,0.981677827381,1.37754878004
p1_to_p2,exact_diagonal,Pt114,0.100805527075,0.957961309524,1.37754878004
p1_to_p2,exact_diagonal,Pt116,0.0858706451514,0.974516369048,1.37754878004
p1_to_p2,exact_diagonal,Pt117,0.0646744124428,0.971912202381,1.37754878004
p1_to_p2,exact_diagonal,Pt119,0.0931481584756,0.964097878735,1.37754878004
p1_to_p2,exact_diagonal,Pt12,0.0499741967142,0.988450292398,1.3441986131
p1_to_p2,exact_diagonal,Pt120,0.135576593347,0.955543154762,1.37754878004
p1_to_p2,exact_diagonal,Pt121,0.0954784298592,0.968191964286,1.37754878004
p1_to_p2,exact_diagonal,Pt122,0.0523601511898,0.986089939024,1.37607348108
p1_to_p2,exact_diagonal,Pt123,0.0748880428395,0.9765625,1.37754878004
p1_to_p2,exact_diagonal,Pt124,0.0862115202008,0.969942056684,1.37754878004
p1_to_p2,exact_diagonal,Pt125,0.151776967149,0.933677637722,1.37754878004
p1_to_p2,exact_diagonal,Pt126,0.0881244298575,0.970796130952,1.37754878004
p1_to_p2,exact_diagonal,Pt127,0.0635589504403,0.977678571429,1.37754878004
p1_to_p2,exact_diagonal,Pt128,0.106480289125,0.975632440476,1.37754878004
p1_to_p2,exact_diagonal,Pt129,0.0689667702813,0.97302827381,1.37754878004
p1_to_p2,exact_diagonal,Pt13,0.0448077467723,0.992543859649,1.3441986131
p1_to_p2,exact_diagonal,Pt134,0.0836368626682,0.969825141095,1.37727314291
p1_to_p2,exact_diagonal,Pt137,0.100455222834,0.971354166667,1.39267059444
p1_to_p2,exact_diagonal,Pt142,0.148151781591,1,1.43803603763
p1_to_p2,exact_diagonal,Pt143,0.076626666586,0.978608630952,1.37754878004
p1_to_p2,exact_diagonal,Pt144,0.0618557075102,0.974516369048,1.37754878004
p1_to_p2,exact_diagonal,Pt148,0.186660725075,0.924582506614,1.37754878004
p1_to_p2,exact_diagonal,Pt149,0.107895943593,1,1.43803603763
p1_to_p2,exact_diagonal,Pt15,0.0720900931626,0.980778133903,1.36161786557
p1_to_p2,exact_diagonal,Pt151,0.0663650390816,0.976376488095,1.37754878004
p1_to_p2,exact_diagonal,Pt17,0.0786251739999,0.977777777778,1.3440299026
p1_to_p2,exact_diagonal,Pt18,0.065873625808,0.975730994152,1.3441986131
p1_to_p2,exact_diagonal,Pt20,0.0676475191453,0.972660818713,1.3441986131
p1_to_p2,exact_diagonal,Pt21,0.0768558536041,0.983771929825,1.3441986131
p1_to_p2,exact_diagonal,Pt22,0.0982018025582,0.962535612536,1.3440299026
p1_to_p2,exact_diagonal,Pt23,0.0623387974942,0.988304093567,1.3441986131
p1_to_p2,exact_diagonal,Pt24,0.0627411968111,0.986853647276,1.3441986131
p1_to_p2,exact_diagonal,Pt25,0.0462302029802,0.990643274854,1.3441986131
p1_to_p2,exact_diagonal,Pt26,0.0624389443843,0.982456140351,1.3441986131
p1_to_p2,exact_diagonal,Pt28,0.0506510291615,0.985612535613,1.3440299026
p1_to_p2,exact_diagonal,Pt29,0.0617445759405,0.983040935673,1.3441986131
p1_to_p2,exact_diagonal,Pt3,0.0402915841705,0.988596491228,1.3441986131
p1_to_p2,exact_diagonal,Pt31,0.0611944880673,0.981067251462,1.3441986131
p1_to_p2,exact_diagonal,Pt32,0.0995878708553,0.961769005848,1.3441986131
p1_to_p2,exact_diagonal,Pt33,0.0481258459586,0.987464387464,1.3440299026
p1_to_p2,exact_diagonal,Pt35,0.0886666984934,0.971225071225,1.3440299026
p1_to_p2,exact_diagonal,Pt37,0.0500195469827,0.988034188034,1.3440299026
p1_to_p2,exact_diagonal,Pt38,0.0809923097827,0.971652421652,1.3440299026
p1_to_p2,exact_diagonal,Pt39,0.0552644297281,0.982264957265,1.3440299026
p1_to_p2,exact_diagonal,Pt40,0.0482913934839,0.990028490028,1.3440299026
p1_to_p2,exact_diagonal,Pt42,0.0598679514375,0.98603988604,1.3440299026
p1_to_p2,exact_diagonal,Pt43,0.092093607288,0.97443019943,1.3440299026
p1_to_p2,exact_diagonal,Pt44,0.0580508594302,0.974767581347,1.3440299026
p1_to_p2,exact_diagonal,Pt45,0.0707805468935,0.976780626781,1.3440299026
p1_to_p2,exact_diagonal,Pt46,0.0735983725134,0.972792022792,1.3440299026
p1_to_p2,exact_diagonal,Pt49,0.0824058245675,0.974928774929,1.3440299026
p1_to_p2,exact_diagonal,Pt50,0.0683094581908,0.979879076363,1.36078934132
p1_to_p2,exact_diagonal,Pt52,0.056179344711,0.987891737892,1.3440299026
p1_to_p2,exact_diagonal,Pt54,0.0818312312747,0.975930317835,1.36321499527
p1_to_p2,exact_diagonal,Pt55,0.0717950104957,0.975486773928,1.36947942066
p1_to_p2,exact_diagonal,Pt56,0.0559477808575,0.981766381766,1.3440299026
p1_to_p2,exact_diagonal,Pt57,0.0538040219163,0.981908831909,1.3440299026
p1_to_p2,exact_diagonal,Pt58,0.0590599649432,0.980341880342,1.3440299026
p1_to_p2,exact_diagonal,Pt59,0.0499364181438,0.989458689459,1.3440299026
p1_to_p2,exact_diagonal,Pt6,0.078548965027,0.976227420034,1.36107422069
p1_to_p2,exact_diagonal,Pt61,0.0743548382479,0.988461538462,1.3440299026
p1_to_p2,exact_diagonal,Pt62,0.0671222709538,0.975925925926,1.3440299026
p1_to_p2,exact_diagonal,Pt63,0.0674347728075,0.982835046898,1.36078637013
p1_to_p2,exact_diagonal,Pt65,0.060102247626,0.983760683761,1.3440299026
p1_to_p2,exact_diagonal,Pt66,0.0455270037822,0.986894586895,1.3440299026
p1_to_p2,exact_diagonal,Pt67,0.0799067645691,0.972799520168,1.3440299026
p1_to_p2,exact_diagonal,Pt68,0.0864183068771,0.963168073136,1.36131408124
p1_to_p2,exact_diagonal,Pt7,0.10073356838,0.985591720529,1.3441986131
p1_to_p2,exact_diagonal,Pt70,0.077288418523,0.976317663818,1.3440299026
p1_to_p2,exact_diagonal,Pt74,0.0462773823705,0.984263007947,1.3440299026
p1_to_p2,exact_diagonal,Pt76,0.066919069128,0.978276635021,1.36131408124
p1_to_p2,exact_diagonal,Pt77,0.11875761405,0.952849002849,1.3440299026
p1_to_p2,exact_diagonal,Pt79,0.0550860209981,0.981856540084,1.36131408124
p1_to_p2,exact_diagonal,Pt8,0.0549776862491,0.98384502924,1.3441986131
p1_to_p2,exact_diagonal,Pt80,0.0942010537622,0.957108419885,1.36131408124
p1_to_p2,exact_diagonal,Pt81,0.0597244578211,0.980341880342,1.3440299026
p1_to_p2,exact_diagonal,Pt84,0.0872496528671,0.972470238095,1.37754878004
p1_to_p2,exact_diagonal,Pt85,0.0834757106177,0.979538690476,1.37754878004
p1_to_p2,exact_diagonal,Pt86,0.0858900396033,0.967324862637,1.37754878004
p1_to_p2,exact_diagonal,Pt88,0.116250393319,0.957961309524,1.37754878004
p1_to_p2,exact_diagonal,Pt89,0.0709670919237,0.978422619048,1.37754878004
p1_to_p2,exact_diagonal,Pt9,0.111629085368,0.960095413974,1.3441986131
p1_to_p2,exact_diagonal,Pt93,0.121815570829,0.960193452381,1.37754878004
p1_to_p2,exact_diagonal,Pt94,0.0450875872807,0.994140625,1.40779240884
p1_to_p2,exact_diagonal,Pt95,0.183112499708,0.914833902311,1.37754878004
p1_to_p2,exact_diagonal,Pt98,0.109744257455,0.959925680342,1.37761703944
p1_to_p2,exact_diagonal,Pt99,0.103236106848,0.965866815476,1.37754878004
p1_to_p2,exact_joint,Pt1,0.0430533575384,0.991331948292,1.32193539304
p1_to_p2,exact_joint,Pt10,0.0661278826205,0.984502923977,1.32193539304
p1_to_p2,exact_joint,Pt100,0.0679962144246,0.976034858388,1.36221222503
p1_to_p2,exact_joint,Pt101,0.0799927111495,0.972191220238,1.36221222503
p1_to_p2,exact_joint,Pt102,0.0883802622979,0.979352678571,1.36221222503
p1_to_p2,exact_joint,Pt103,0.0870246549251,0.971445082098,1.36158411359
p1_to_p2,exact_joint,Pt104,0.0761817813713,0.978701636905,1.36221222503
p1_to_p2,exact_joint,Pt105,0.0467111861831,0.988095238095,1.36221222503
p1_to_p2,exact_joint,Pt106,0.0920502678918,0.967055722892,1.36190195312
p1_to_p2,exact_joint,Pt109,0.0905433403245,0.964137391068,1.36236298232
p1_to_p2,exact_joint,Pt11,0.0333322295461,0.993421052632,1.32193539304
p1_to_p2,exact_joint,Pt111,0.0684227365775,0.977957589286,1.36221222503
p1_to_p2,exact_joint,Pt112,0.0693697858415,0.985072544643,1.36221222503
p1_to_p2,exact_joint,Pt114,0.0870186067585,0.968191964286,1.36221222503
p1_to_p2,exact_joint,Pt116,0.0735994381338,0.979166666667,1.36221222503
p1_to_p2,exact_joint,Pt117,0.0558503589934,0.978980654762,1.36221222503
p1_to_p2,exact_joint,Pt119,0.0834405438379,0.976684076408,1.36221222503
p1_to_p2,exact_joint,Pt12,0.0523743233442,0.990204678363,1.32193539304
p1_to_p2,exact_joint,Pt120,0.139086344034,0.956287202381,1.36221222503
p1_to_p2,exact_joint,Pt121,0.0864693799077,0.975818452381,1.36221222503
p1_to_p2,exact_joint,Pt122,0.0490643144553,0.990853658537,1.36158411359
p1_to_p2,exact_joint,Pt123,0.0675320999842,0.980654761905,1.36221222503
p1_to_p2,exact_joint,Pt124,0.0790250701312,0.979521669779,1.36221222503
p1_to_p2,exact_joint,Pt125,0.141806554086,0.943866348623,1.36221222503
p1_to_p2,exact_joint,Pt126,0.0824512867769,0.978980654762,1.36221222503
p1_to_p2,exact_joint,Pt127,0.0583319749512,0.979352678571,1.36221222503
p1_to_p2,exact_joint,Pt128,0.104051239739,0.982328869048,1.36221222503
p1_to_p2,exact_joint,Pt129,0.0640028850243,0.98046875,1.36221222503
p1_to_p2,exact_joint,Pt13,0.0494245142341,0.990935672515,1.32193539304
p1_to_p2,exact_joint,Pt134,0.0774181873673,0.974401129465,1.36208930634
p1_to_p2,exact_joint,Pt137,0.0865742739823,0.975167410714,1.36865036731
p1_to_p2,exact_joint,Pt142,0.104510459816,1,1.38796479415
p1_to_p2,exact_joint,Pt143,0.0648852485058,0.985491071429,1.36221222503
p1_to_p2,exact_joint,Pt144,0.0581305930622,0.98084077381,1.36221222503
p1_to_p2,exact_joint,Pt148,0.136977522772,0.959696204871,1.36221222503
p1_to_p2,exact_joint,Pt149,0.0972498961372,1,1.38796479415
p1_to_p2,exact_joint,Pt15,0.0684328516013,0.980751424501,1.34283172875
p1_to_p2,exact_joint,Pt151,0.0580116074087,0.985491071429,1.36221222503
p1_to_p2,exact_joint,Pt17,0.0634425876412,0.979487179487,1.32185441277
p1_to_p2,exact_joint,Pt18,0.0592634208619,0.980780624808,1.32193539304
p1_to_p2,exact_joint,Pt20,0.06457297163,0.980555555556,1.32193539304
p1_to_p2,exact_joint,Pt21,0.0520737833563,0.990350877193,1.32193539304
p1_to_p2,exact_joint,Pt22,0.0703150536521,0.976495726496,1.32185441277
p1_to_p2,exact_joint,Pt23,0.0565918229202,0.988986354776,1.32193539304
p1_to_p2,exact_joint,Pt24,0.0553214506317,0.984991535857,1.32193539304
p1_to_p2,exact_joint,Pt25,0.0432493445681,0.992543859649,1.32193539304
p1_to_p2,exact_joint,Pt26,0.0584792356675,0.982748538012,1.32193539304
p1_to_p2,exact_joint,Pt28,0.0609464485763,0.97808517019,1.32185441277
p1_to_p2,exact_joint,Pt29,0.0606975801943,0.987280701754,1.32193539304
p1_to_p2,exact_joint,Pt3,0.0433218390244,0.989473684211,1.32193539304
p1_to_p2,exact_joint,Pt31,0.0570577485035,0.990058479532,1.32193539304
p1_to_p2,exact_joint,Pt32,0.0953972840157,0.963669590643,1.32193539304
p1_to_p2,exact_joint,Pt33,0.0368565089122,0.994729344729,1.32185441277
p1_to_p2,exact_joint,Pt35,0.0708573751212,0.976210826211,1.32185441277
p1_to_p2,exact_joint,Pt37,0.0451090788927,0.988603988604,1.32185441277
p1_to_p2,exact_joint,Pt38,0.0721038056732,0.975783475784,1.32185441277
p1_to_p2,exact_joint,Pt39,0.0533254474188,0.984401709402,1.32185441277
p1_to_p2,exact_joint,Pt40,0.0488681553748,0.992735042735,1.32185441277
p1_to_p2,exact_joint,Pt42,0.0482143739294,0.985612535613,1.32185441277
p1_to_p2,exact_joint,Pt43,0.0989625887137,0.974529539661,1.32185441277
p1_to_p2,exact_joint,Pt44,0.0559522536002,0.979625880942,1.32185441277
p1_to_p2,exact_joint,Pt45,0.0498524513045,0.986894586895,1.32185441277
p1_to_p2,exact_joint,Pt46,0.064221804575,0.978418803419,1.32185441277
p1_to_p2,exact_joint,Pt49,0.0695965276435,0.979914529915,1.32185441277
p1_to_p2,exact_joint,Pt50,0.0660659309105,0.983689935643,1.3420333189
p1_to_p2,exact_joint,Pt52,0.0364062868667,0.993732193732,1.32185441277
p1_to_p2,exact_joint,Pt54,0.0702430769482,0.9819266677,1.34490792397
p1_to_p2,exact_joint,Pt55,0.061612236459,0.980587746287,1.35249645541
p1_to_p2,exact_joint,Pt56,0.0536507196269,0.985968660969,1.32185441277
p1_to_p2,exact_joint,Pt57,0.0509376837538,0.985612535613,1.32185441277
p1_to_p2,exact_joint,Pt58,0.0553054715062,0.984472934473,1.32185441277
p1_to_p2,exact_joint,Pt59,0.049526749812,0.991524216524,1.32185441277
p1_to_p2,exact_joint,Pt6,0.0680568834248,0.980117481168,1.34226769972
p1_to_p2,exact_joint,Pt61,0.0358614935568,0.995299145299,1.32185441277
p1_to_p2,exact_joint,Pt62,0.0669107434375,0.97735042735,1.32185441277
p1_to_p2,exact_joint,Pt63,0.0603068766247,0.985730068543,1.34188143625
p1_to_p2,exact_joint,Pt65,0.045896983587,0.98547008547,1.32185441277
p1_to_p2,exact_joint,Pt66,0.045501003028,0.989173789174,1.32185441277
p1_to_p2,exact_joint,Pt67,0.0643349800297,0.980671764882,1.32185441277
p1_to_p2,exact_joint,Pt68,0.0874046110686,0.968057753165,1.34252724057
p1_to_p2,exact_joint,Pt7,0.0861180526019,0.981634733764,1.32193539304
p1_to_p2,exact_joint,Pt70,0.0683283835707,0.980092592593,1.32185441277
p1_to_p2,exact_joint,Pt74,0.0495203115541,0.984669740591,1.32185441277
p1_to_p2,exact_joint,Pt76,0.0576315763746,0.981826872363,1.34252724057
p1_to_p2,exact_joint,Pt77,0.0741379206593,0.972507122507,1.32185441277
p1_to_p2,exact_joint,Pt79,0.0598472896834,0.988680116034,1.34252724057
p1_to_p2,exact_joint,Pt8,0.0490130010199,0.986951754386,1.32193539304
p1_to_p2,exact_joint,Pt80,0.0841636320695,0.961228936763,1.34252724057
p1_to_p2,exact_joint,Pt81,0.0634452430796,0.982905982906,1.32185441277
p1_to_p2,exact_joint,Pt84,0.0627986258992,0.984933035714,1.36221222503
p1_to_p2,exact_joint,Pt85,0.0711955407062,0.982700892857,1.36221222503
p1_to_p2,exact_joint,Pt86,0.0787279119835,0.972144001832,1.36221222503
p1_to_p2,exact_joint,Pt88,0.113820294105,0.967075892857,1.36221222503
p1_to_p2,exact_joint,Pt89,0.0607165933506,0.985677083333,1.36221222503
p1_to_p2,exact_joint,Pt9,0.11172481151,0.963311788243,1.32193539304
p1_to_p2,exact_joint,Pt93,0.10654083681,0.971106150794,1.36221222503
p1_to_p2,exact_joint,Pt94,0.0405657104305,0.995210193452,1.37508850959
p1_to_p2,exact_joint,Pt95,0.145097333322,0.945017069328,1.36221222503
p1_to_p2,exact_joint,Pt98,0.0956289633617,0.9703697017,1.36223829274
p1_to_p2,exact_joint,Pt99,0.0898574233315,0.974795386905,1.36221222503
p1_to_p2,greedy_joint,Pt1,0.0427934651828,0.991851338874,1.3231827442
p1_to_p2,greedy_joint,Pt10,0.0648066217998,0.985087719298,1.3231827442
p1_to_p2,greedy_joint,Pt100,0.0694987864638,0.976220870293,1.36458699953
p1_to_p2,greedy_joint,Pt101,0.0811793833439,0.97107514881,1.36458699953
p1_to_p2,greedy_joint,Pt102,0.0881412254559,0.978236607143,1.36458699953
p1_to_p2,greedy_joint,Pt103,0.0889011229949,0.970239518572,1.36401680942
p1_to_p2,greedy_joint,Pt104,0.0799855300425,0.977213541667,1.36458699953
p1_to_p2,greedy_joint,Pt105,0.0493056143477,0.987165178571,1.36458699953
p1_to_p2,greedy_joint,Pt106,0.0953750427106,0.965267319277,1.36430533936
p1_to_p2,greedy_joint,Pt109,0.090814074721,0.966699005991,1.36471313974
p1_to_p2,greedy_joint,Pt11,0.0334672693807,0.993421052632,1.3231827442
p1_to_p2,greedy_joint,Pt111,0.072899664251,0.977027529762,1.36458699953
p1_to_p2,greedy_joint,Pt112,0.0729135126982,0.985119047619,1.36458699953
p1_to_p2,greedy_joint,Pt114,0.0889193223326,0.967261904762,1.36458699953
p1_to_p2,greedy_joint,Pt116,0.0769240811889,0.97693452381,1.36458699953
p1_to_p2,greedy_joint,Pt117,0.059497150566,0.979538690476,1.36458699953
p1_to_p2,greedy_joint,Pt119,0.0879692702179,0.976530282252,1.36458699953
p1_to_p2,greedy_joint,Pt12,0.0514331571993,0.989912280702,1.3231827442
p1_to_p2,greedy_joint,Pt120,0.140331233838,0.958333333333,1.36458699953
p1_to_p2,greedy_joint,Pt121,0.0882823635729,0.97513640873,1.36458699953
p1_to_p2,greedy_joint,Pt122,0.0523040993529,0.98818597561,1.36401680942
p1_to_p2,greedy_joint,Pt123,0.0702533960623,0.978608630952,1.36458699953
p1_to_p2,greedy_joint,Pt124,0.0821521531766,0.977817168534,1.36458699953
p1_to_p2,greedy_joint,Pt125,0.14794834638,0.942144826681,1.36458699953
p1_to_p2,greedy_joint,Pt126,0.0844024396044,0.978794642857,1.36458699953
p1_to_p2,greedy_joint,Pt127,0.0595298528833,0.979538690476,1.36458699953
p1_to_p2,greedy_joint,Pt128,0.10630943401,0.981584821429,1.36458699953
p1_to_p2,greedy_joint,Pt129,0.0664309080464,0.98046875,1.36458699953
p1_to_p2,greedy_joint,Pt13,0.0487329777649,0.992251461988,1.3231827442
p1_to_p2,greedy_joint,Pt134,0.0797590612745,0.973926715534,1.36447335374
p1_to_p2,greedy_joint,Pt137,0.0879928095996,0.975027901786,1.37043144819
p1_to_p2,greedy_joint,Pt142,0.104510459816,1,1.38796479415
p1_to_p2,greedy_joint,Pt143,0.0666778304408,0.985119047619,1.36458699953
p1_to_p2,greedy_joint,Pt144,0.0594062690996,0.981026785714,1.36458699953
p1_to_p2,greedy_joint,Pt148,0.137688941921,0.959012945456,1.36458699953
p1_to_p2,greedy_joint,Pt149,0.0972498961372,1,1.38796479415
p1_to_p2,greedy_joint,Pt15,0.0699608997534,0.979576210826,1.34465445117
p1_to_p2,greedy_joint,Pt151,0.0605153873895,0.982886904762,1.36458699953
p1_to_p2,greedy_joint,Pt17,0.0613067882817,0.979914529915,1.32310320636
p1_to_p2,greedy_joint,Pt18,0.0588689215855,0.980488227147,1.3231827442
p1_to_p2,greedy_joint,Pt20,0.0646686200304,0.980555555556,1.3231827442
p1_to_p2,greedy_joint,Pt21,0.0540894544654,0.98932748538,1.3231827442
p1_to_p2,greedy_joint,Pt22,0.0687287325495,0.975498575499,1.32310320636
p1_to_p2,greedy_joint,Pt23,0.0565853732713,0.989278752437,1.3231827442
p1_to_p2,greedy_joint,Pt24,0.0537508768879,0.98709218221,1.3231827442
p1_to_p2,greedy_joint,Pt25,0.0426515153582,0.99269005848,1.3231827442
p1_to_p2,greedy_joint,Pt26,0.0567067342738,0.983625730994,1.3231827442
p1_to_p2,greedy_joint,Pt28,0.0578685118726,0.979198530514,1.32310320636
p1_to_p2,greedy_joint,Pt29,0.0597742974753,0.986988304094,1.3231827442
p1_to_p2,greedy_joint,Pt3,0.0421121151421,0.989619883041,1.3231827442
p1_to_p2,greedy_joint,Pt31,0.0549652741618,0.990935672515,1.3231827442
p1_to_p2,greedy_joint,Pt32,0.0947374668238,0.964839181287,1.3231827442
p1_to_p2,greedy_joint,Pt33,0.0364816570382,0.995299145299,1.32310320636
p1_to_p2,greedy_joint,Pt35,0.0674599548614,0.976495726496,1.32310320636
p1_to_p2,greedy_joint,Pt37,0.043920098999,0.988319088319,1.32310320636
p1_to_p2,greedy_joint,Pt38,0.0707308507594,0.976353276353,1.32310320636
p1_to_p2,greedy_joint,Pt39,0.052585172805,0.984188034188,1.32310320636
p1_to_p2,greedy_joint,Pt40,0.0504333593692,0.992877492877,1.32310320636
p1_to_p2,greedy_joint,Pt42,0.0473671008337,0.986182336182,1.32310320636
p1_to_p2,greedy_joint,Pt43,0.0962432587052,0.975590418354,1.32310320636
p1_to_p2,greedy_joint,Pt44,0.0551809489713,0.978771180087,1.32310320636
p1_to_p2,greedy_joint,Pt45,0.04754603539,0.988461538462,1.32310320636
p1_to_p2,greedy_joint,Pt46,0.0621003630475,0.979700854701,1.32310320636
p1_to_p2,greedy_joint,Pt49,0.0667465696193,0.982905982906,1.32310320636
p1_to_p2,greedy_joint,Pt50,0.0662918579834,0.983389136905,1.34384510294
p1_to_p2,greedy_joint,Pt52,0.034947226938,0.993447293447,1.32310320636
p1_to_p2,greedy_joint,Pt54,0.0705949086878,0.981638244919,1.34679677164
p1_to_p2,greedy_joint,Pt55,0.0647961929524,0.97942061727,1.35460016043
p1_to_p2,greedy_joint,Pt56,0.0515220527581,0.986965811966,1.32310320636
p1_to_p2,greedy_joint,Pt57,0.0481658445424,0.986182336182,1.32310320636
p1_to_p2,greedy_joint,Pt58,0.0533683503811,0.985897435897,1.32310320636
p1_to_p2,greedy_joint,Pt59,0.0489930991883,0.991809116809,1.32310320636
p1_to_p2,greedy_joint,Pt6,0.0685235850491,0.979771785157,1.34408047347
p1_to_p2,greedy_joint,Pt61,0.0354750403546,0.994729344729,1.32310320636
p1_to_p2,greedy_joint,Pt62,0.0632943526964,0.980626780627,1.32310320636
p1_to_p2,greedy_joint,Pt63,0.0620683611157,0.984336670274,1.34368259033
p1_to_p2,greedy_joint,Pt65,0.0446051861678,0.986182336182,1.32310320636
p1_to_p2,greedy_joint,Pt66,0.0444050909281,0.989245014245,1.32310320636
p1_to_p2,greedy_joint,Pt67,0.060616240705,0.980049482681,1.32310320636
p1_to_p2,greedy_joint,Pt68,0.0858209932322,0.968932401547,1.34434339189
p1_to_p2,greedy_joint,Pt7,0.0849217670792,0.981954062789,1.3231827442
p1_to_p2,greedy_joint,Pt70,0.065909959537,0.980235042735,1.32310320636
p1_to_p2,greedy_joint,Pt74,0.0473758167269,0.985550682261,1.32310320636
p1_to_p2,greedy_joint,Pt76,0.0592284139859,0.981274173699,1.34434339189
p1_to_p2,greedy_joint,Pt77,0.0718225215044,0.972507122507,1.32310320636
p1_to_p2,greedy_joint,Pt79,0.0596949490085,0.988636163854,1.34434339189
p1_to_p2,greedy_joint,Pt8,0.0471663506933,0.986805555556,1.3231827442
p1_to_p2,greedy_joint,Pt80,0.087370355842,0.960281767283,1.34434339189
p1_to_p2,greedy_joint,Pt81,0.0608200955834,0.983903133903,1.32310320636
p1_to_p2,greedy_joint,Pt84,0.0639127416311,0.983630952381,1.36458699953
p1_to_p2,greedy_joint,Pt85,0.0753559772524,0.98084077381,1.36458699953
p1_to_p2,greedy_joint,Pt86,0.081296876191,0.971213942308,1.36458699953
p1_to_p2,greedy_joint,Pt88,0.116854298852,0.965773809524,1.36458699953
p1_to_p2,greedy_joint,Pt89,0.0642109087856,0.98474702381,1.36458699953
p1_to_p2,greedy_joint,Pt9,0.11325539659,0.962873191751,1.3231827442
p1_to_p2,greedy_joint,Pt93,0.111266620141,0.970052083333,1.36458699953
p1_to_p2,greedy_joint,Pt94,0.0410759043187,0.99548921131,1.37627589684
p1_to_p2,greedy_joint,Pt95,0.147994691747,0.944242627607,1.36458699953
p1_to_p2,greedy_joint,Pt98,0.098532548129,0.969323232765,1.36461018064
p1_to_p2,greedy_joint,Pt99,0.0921799779142,0.974795386905,1.36458699953
p1_to_p2,random_diagonal,Pt1,0.0704998790036,0.981804593721,1.48037302966
p1_to_p2,random_diagonal,Pt10,0.0949231256124,0.981142178363,1.48037302966
p1_to_p2,random_diagonal,Pt100,0.129121912882,0.960695684524,1.52280941791
p1_to_p2,random_diagonal,Pt101,0.1404493071,0.957579985119,1.52280941791
p1_to_p2,random_diagonal,Pt102,0.151989239903,0.9580078125,1.52280941791
p1_to_p2,random_diagonal,Pt103,0.157723866118,0.947866227284,1.52139229612
p1_to_p2,random_diagonal,Pt104,0.146396407633,0.958296130952,1.52280941791
p1_to_p2,random_diagonal,Pt105,0.0903614746852,0.977083333333,1.52280941791
p1_to_p2,random_diagonal,Pt106,0.173359980302,0.942953400612,1.52210939389
p1_to_p2,random_diagonal,Pt109,0.157654063491,0.958963354439,1.52317431684
p1_to_p2,random_diagonal,Pt11,0.050261764517,0.990986842105,1.48037302966
p1_to_p2,random_diagonal,Pt111,0.129102301827,0.960314360119,1.52280941791
p1_to_p2,random_diagonal,Pt112,0.118706701131,0.974093191964,1.52280941791
p1_to_p2,random_diagonal,Pt114,0.168267323192,0.950130208333,1.52280941791
p1_to_p2,random_diagonal,Pt116,0.130361006928,0.966474454365,1.52280941791
p1_to_p2,random_diagonal,Pt117,0.100814463809,0.968805803571,1.52280941791
p1_to_p2,random_diagonal,Pt119,0.141339938434,0.958926747782,1.52280941791
p1_to_p2,random_diagonal,Pt12,0.0736032819865,0.986973684211,1.48037302966
p1_to_p2,random_diagonal,Pt120,0.185119218012,0.953616047113,1.52280941791
p1_to_p2,random_diagonal,Pt121,0.158593582333,0.955846974206,1.52280941791
p1_to_p2,random_diagonal,Pt122,0.0816089246468,0.982964939024,1.52139229612
p1_to_p2,random_diagonal,Pt123,0.117802691767,0.966155133929,1.52280941791
p1_to_p2,random_diagonal,Pt124,0.13907429519,0.961141535607,1.52280941791
p1_to_p2,random_diagonal,Pt125,0.215444844158,0.928246302861,1.52280941791
p1_to_p2,random_diagonal,Pt126,0.120465421828,0.964174107143,1.52280941791
p1_to_p2,random_diagonal,Pt127,0.0971221415038,0.9732421875,1.52280941791
p1_to_p2,random_diagonal,Pt128,0.146750099315,0.972126116071,1.52280941791
p1_to_p2,random_diagonal,Pt129,0.109067800916,0.969494047619,1.52280941791
p1_to_p2,random_diagonal,Pt13,0.0628416737512,0.98860380117,1.48037302966
p1_to_p2,random_diagonal,Pt134,0.133589787636,0.960308659415,1.52253855493
p1_to_p2,random_diagonal,Pt137,0.145745525868,0.966689401455,1.53733491625
p1_to_p2,random_diagonal,Pt142,0.189480317983,1,1.5809114113
p1_to_p2,random_diagonal,Pt143,0.124115017007,0.972888764881,1.52280941791
p1_to_p2,random_diagonal,Pt144,0.10368108799,0.971930803571,1.52280941791
p1_to_p2,random_diagonal,Pt148,0.24227789801,0.926391259629,1.52280941791
p1_to_p2,random_diagonal,Pt149,0.19241192368,1,1.5809114113
p1_to_p2,random_diagonal,Pt15,0.112208598886,0.973705929487,1.50263840882
p1_to_p2,random_diagonal,Pt151,0.115242353091,0.96974516369,1.52280941791
p1_to_p2,random_diagonal,Pt17,0.120827204827,0.971403133903,1.47998107861
p1_to_p2,random_diagonal,Pt18,0.0962972038965,0.969897468452,1.48037302966
p1_to_p2,random_diagonal,Pt20,0.0976630587162,0.972514619883,1.48037302966
p1_to_p2,random_diagonal,Pt21,0.108327398559,0.980175438596,1.48037302966
p1_to_p2,random_diagonal,Pt22,0.121460618195,0.95948005698,1.47998107861
p1_to_p2,random_diagonal,Pt23,0.0924451763472,0.984035087719,1.48037302966
p1_to_p2,random_diagonal,Pt24,0.0967800283181,0.980025584795,1.48037302966
p1_to_p2,random_diagonal,Pt25,0.0709508945918,0.987463450292,1.48037302966
p1_to_p2,random_diagonal,Pt26,0.0957734766933,0.975296052632,1.48037302966
p1_to_p2,random_diagonal,Pt28,0.0730658026391,0.982863247863,1.47998107861
p1_to_p2,random_diagonal,Pt29,0.0966505656501,0.977770467836,1.48037302966
p1_to_p2,random_diagonal,Pt3,0.0629763087531,0.984941520468,1.48037302966
p1_to_p2,random_diagonal,Pt31,0.0910516692666,0.977660818713,1.48037302966
p1_to_p2,random_diagonal,Pt32,0.133064337481,0.955704062789,1.48037302966
p1_to_p2,random_diagonal,Pt33,0.0602062616184,0.985662393162,1.47998107861
p1_to_p2,random_diagonal,Pt35,0.112245541394,0.96915954416,1.47998107861
p1_to_p2,random_diagonal,Pt37,0.0687964100958,0.986253561254,1.47998107861
p1_to_p2,random_diagonal,Pt38,0.127115565533,0.962086894587,1.47998107861
p1_to_p2,random_diagonal,Pt39,0.0817972994583,0.979512108262,1.47998107861
p1_to_p2,random_diagonal,Pt40,0.0734359014691,0.987784900285,1.47998107861
p1_to_p2,random_diagonal,Pt42,0.0883918148175,0.982300569801,1.47998107861
p1_to_p2,random_diagonal,Pt43,0.133515860957,0.966043447293,1.47998107861
p1_to_p2,random_diagonal,Pt44,0.0779449110084,0.975994526916,1.47998107861
p1_to_p2,random_diagonal,Pt45,0.0837391861782,0.975762108262,1.47998107861
p1_to_p2,random_diagonal,Pt46,0.11947315353,0.965503917379,1.47998107861
p1_to_p2,random_diagonal,Pt49,0.115488560799,0.968769586895,1.47998107861
p1_to_p2,random_diagonal,Pt50,0.100033967359,0.976355843954,1.50139524826
p1_to_p2,random_diagonal,Pt52,0.0667300379056,0.987941595442,1.47998107861
p1_to_p2,random_diagonal,Pt54,0.121680334853,0.970668833102,1.50452704666
p1_to_p2,random_diagonal,Pt55,0.120577210148,0.968760025101,1.51249889178
p1_to_p2,random_diagonal,Pt56,0.0900289325426,0.977806267806,1.47998107861
p1_to_p2,random_diagonal,Pt57,0.0876207652074,0.978810541311,1.47998107861
p1_to_p2,random_diagonal,Pt58,0.097018911611,0.975227920228,1.47998107861
p1_to_p2,random_diagonal,Pt59,0.0685971061314,0.98823005698,1.47998107861
p1_to_p2,random_diagonal,Pt6,0.116776418413,0.970561869383,1.50177484248
p1_to_p2,random_diagonal,Pt61,0.077070969854,0.989401709402,1.47998107861
p1_to_p2,random_diagonal,Pt62,0.11021376404,0.969437321937,1.47998107861
p1_to_p2,random_diagonal,Pt63,0.107057120326,0.97567020653,1.50137396526
p1_to_p2,random_diagonal,Pt65,0.071082773385,0.983383190883,1.47998107861
p1_to_p2,random_diagonal,Pt66,0.072517266597,0.983814102564,1.47998107861
p1_to_p2,random_diagonal,Pt67,0.105533914618,0.969773204378,1.47998107861
p1_to_p2,random_diagonal,Pt68,0.10929825323,0.964670578411,1.50216307375
p1_to_p2,random_diagonal,Pt7,0.138911396201,0.97922880117,1.48037302966
p1_to_p2,random_diagonal,Pt70,0.107330453294,0.970115740741,1.47998107861
p1_to_p2,random_diagonal,Pt74,0.065378487612,0.982074055331,1.47998107861
p1_to_p2,random_diagonal,Pt76,0.100178614507,0.971999219849,1.50216307375
p1_to_p2,random_diagonal,Pt77,0.131221680888,0.957281638926,1.47998107861
p1_to_p2,random_diagonal,Pt79,0.0874291687166,0.977897107947,1.50216307375
p1_to_p2,random_diagonal,Pt8,0.0791226442403,0.980133406433,1.48037302966
p1_to_p2,random_diagonal,Pt80,0.133963163381,0.953980884183,1.50216307375
p1_to_p2,random_diagonal,Pt81,0.0856409581578,0.976239316239,1.47998107861
p1_to_p2,random_diagonal,Pt84,0.137514108412,0.963969494048,1.52280941791
p1_to_p2,random_diagonal,Pt85,0.138054962502,0.967215401786,1.52280941791
p1_to_p2,random_diagonal,Pt86,0.117674880029,0.964389881888,1.52280941791
p1_to_p2,random_diagonal,Pt88,0.186393997104,0.945805431548,1.52280941791
p1_to_p2,random_diagonal,Pt89,0.11484497689,0.973279389881,1.52280941791
p1_to_p2,random_diagonal,Pt9,0.153082218252,0.959800900277,1.48037302966
p1_to_p2,random_diagonal,Pt93,0.177654898021,0.955447048611,1.52280941791
p1_to_p2,random_diagonal,Pt94,0.06691897059,0.989557756696,1.5518604146
p1_to_p2,random_diagonal,Pt95,0.270314767781,0.901704653215,1.52280941791
p1_to_p2,random_diagonal,Pt98,0.170105647153,0.950228609239,1.52286794153
p1_to_p2,random_diagonal,Pt99,0.178028544098,0.949083891369,1.52280941791
p1_to_p2,random_joint,Pt1,0.0680307137019,0.984852069868,1.41509404228
p1_to_p2,random_joint,Pt10,0.090447288722,0.981277412281,1.41509404228
p1_to_p2,random_joint,Pt100,0.116653464615,0.966184251478,1.46064847741
p1_to_p2,random_joint,Pt101,0.130179382028,0.960244605655,1.46064847741
p1_to_p2,random_joint,Pt102,0.14083523095,0.964211309524,1.46064847741
p1_to_p2,random_joint,Pt103,0.150203569886,0.95436998097,1.45954335202
p1_to_p2,random_joint,Pt104,0.132234771285,0.965345982143,1.46064847741
p1_to_p2,random_joint,Pt105,0.0773022027454,0.979613095238,1.46064847741
p1_to_p2,random_joint,Pt106,0.160718811476,0.949575231071,1.46010257209
p1_to_p2,random_joint,Pt109,0.135636786096,0.959768178105,1.46091722494
p1_to_p2,random_joint,Pt11,0.048834824656,0.992346491228,1.41509404228
p1_to_p2,random_joint,Pt111,0.112237454718,0.967340959821,1.46064847741
p1_to_p2,random_joint,Pt112,0.101536754365,0.977039155506,1.46064847741
p1_to_p2,random_joint,Pt114,0.149811771968,0.95646391369,1.46064847741
p1_to_p2,random_joint,Pt116,0.108939737608,0.970696924603,1.46064847741
p1_to_p2,random_joint,Pt117,0.0909569281877,0.972953869048,1.46064847741
p1_to_p2,random_joint,Pt119,0.129711009483,0.967010667114,1.46064847741
p1_to_p2,random_joint,Pt12,0.0743859200092,0.987097953216,1.41509404228
p1_to_p2,random_joint,Pt120,0.172577023061,0.954973386924,1.46064847741
p1_to_p2,random_joint,Pt121,0.146815569668,0.960875496032,1.46064847741
p1_to_p2,random_joint,Pt122,0.076600405922,0.983669969512,1.45954335202
p1_to_p2,random_joint,Pt123,0.113255650757,0.96892671131,1.46064847741
p1_to_p2,random_joint,Pt124,0.127724814956,0.966162610878,1.46064847741
p1_to_p2,random_joint,Pt125,0.201153588896,0.932541354215,1.46064847741
p1_to_p2,random_joint,Pt126,0.110735264255,0.969875372024,1.46064847741
p1_to_p2,random_joint,Pt127,0.0911963975178,0.973139880952,1.46064847741
p1_to_p2,random_joint,Pt128,0.137455478975,0.976478794643,1.46064847741
p1_to_p2,random_joint,Pt129,0.0991001682752,0.973930431548,1.46064847741
p1_to_p2,random_joint,Pt13,0.0629413787494,0.988596491228,1.41509404228
p1_to_p2,random_joint,Pt134,0.122407885924,0.963158063318,1.46043474757
p1_to_p2,random_joint,Pt137,0.124678242819,0.968751626084,1.47197601259
p1_to_p2,random_joint,Pt142,0.130789484219,1,1.50595861816
p1_to_p2,random_joint,Pt143,0.101691035997,0.977873883929,1.46064847741
p1_to_p2,random_joint,Pt144,0.0945344759785,0.974906994048,1.46064847741
p1_to_p2,random_joint,Pt148,0.16952481285,0.956222645308,1.46064847741
p1_to_p2,random_joint,Pt149,0.168178958294,1,1.50595861816
p1_to_p2,random_joint,Pt15,0.101948614014,0.974558404558,1.43891238975
p1_to_p2,random_joint,Pt151,0.105526140132,0.973740833139,1.46064847741
p1_to_p2,random_joint,Pt17,0.0954759911282,0.973561253561,1.41476085166
p1_to_p2,random_joint,Pt18,0.0872357283301,0.973447727506,1.41509404228
p1_to_p2,random_joint,Pt20,0.0921346475112,0.975263157895,1.41509404228
p1_to_p2,random_joint,Pt21,0.0693464286732,0.985467836257,1.41509404228
p1_to_p2,random_joint,Pt22,0.101238945794,0.968611111111,1.41476085166
p1_to_p2,random_joint,Pt23,0.0790260532625,0.98546539961,1.41509404228
p1_to_p2,random_joint,Pt24,0.08137788995,0.980905855648,1.41509404228
p1_to_p2,random_joint,Pt25,0.0589422190758,0.988837719298,1.41509404228
p1_to_p2,random_joint,Pt26,0.0840960126549,0.976355994152,1.41509404228
p1_to_p2,random_joint,Pt28,0.0746504919561,0.978211126106,1.41476085166
p1_to_p2,random_joint,Pt29,0.0809510009253,0.981557017544,1.41509404228
p1_to_p2,random_joint,Pt3,0.0663923310376,0.984469644506,1.41509404228
p1_to_p2,random_joint,Pt31,0.0871959359168,0.980963084795,1.41509404228
p1_to_p2,random_joint,Pt32,0.124458697736,0.955801977532,1.41509404228
p1_to_p2,random_joint,Pt33,0.0531185004288,0.991168091168,1.41476085166
p1_to_p2,random_joint,Pt35,0.10293243339,0.970062321937,1.41476085166
p1_to_p2,random_joint,Pt37,0.0661860763301,0.985726495726,1.41476085166
p1_to_p2,random_joint,Pt38,0.109366905296,0.967051282051,1.41476085166
p1_to_p2,random_joint,Pt39,0.080011657615,0.980943732194,1.41476085166
p1_to_p2,random_joint,Pt40,0.0724012176298,0.989243233618,1.41476085166
p1_to_p2,random_joint,Pt42,0.0688646096853,0.983297720798,1.41476085166
p1_to_p2,random_joint,Pt43,0.123600295494,0.968119002099,1.41476085166
p1_to_p2,random_joint,Pt44,0.0750744774859,0.976351402009,1.41476085166
p1_to_p2,random_joint,Pt45,0.0678847127811,0.982849002849,1.41476085166
p1_to_p2,random_joint,Pt46,0.102013625395,0.968788283476,1.41476085166
p1_to_p2,random_joint,Pt49,0.105775973917,0.971226851852,1.41476085166
p1_to_p2,random_joint,Pt50,0.0957234723382,0.978622406962,1.43770466453
p1_to_p2,random_joint,Pt52,0.0544028441476,0.990135327635,1.41476085166
p1_to_p2,random_joint,Pt54,0.108247934047,0.973922715204,1.44103319432
p1_to_p2,random_joint,Pt55,0.107648449657,0.971399363372,1.44960145639
p1_to_p2,random_joint,Pt56,0.085285849757,0.981178774929,1.41476085166
p1_to_p2,random_joint,Pt57,0.0802444813052,0.981182336182,1.41476085166
p1_to_p2,random_joint,Pt58,0.0847935950106,0.979145299145,1.41476085166
p1_to_p2,random_joint,Pt59,0.0647665300905,0.989893162393,1.41476085166
p1_to_p2,random_joint,Pt6,0.100647078098,0.973199298994,1.43805967686
p1_to_p2,random_joint,Pt61,0.047616987443,0.992898860399,1.41476085166
p1_to_p2,random_joint,Pt62,0.099233318318,0.970690883191,1.41476085166
p1_to_p2,random_joint,Pt63,0.0914164453975,0.977287495491,1.43761893345
p1_to_p2,random_joint,Pt65,0.0618977705237,0.984437321937,1.41476085166
p1_to_p2,random_joint,Pt66,0.0666045318066,0.986225071225,1.41476085166
p1_to_p2,random_joint,Pt67,0.0956688088508,0.974324392713,1.41476085166
p1_to_p2,random_joint,Pt68,0.109781621408,0.966173413326,1.43844640517
p1_to_p2,random_joint,Pt7,0.104203645168,0.978498865035,1.41509404228
p1_to_p2,random_joint,Pt70,0.098055237122,0.972797926976,1.41476085166
p1_to_p2,random_joint,Pt74,0.0642461664791,0.98180405608,1.41476085166
p1_to_p2,random_joint,Pt76,0.0888183667953,0.97554434775,1.43844640517
p1_to_p2,random_joint,Pt77,0.106681953633,0.966334907782,1.41476085166
p1_to_p2,random_joint,Pt79,0.082336775372,0.982020261955,1.43844640517
p1_to_p2,random_joint,Pt8,0.0700612100778,0.981726973684,1.41509404228
p1_to_p2,random_joint,Pt80,0.126239532091,0.955335989059,1.43844640517
p1_to_p2,random_joint,Pt81,0.0916693310608,0.976196581197,1.41476085166
p1_to_p2,random_joint,Pt84,0.105905031045,0.973084077381,1.46064847741
p1_to_p2,random_joint,Pt85,0.113378535197,0.971335565476,1.46064847741
p1_to_p2,random_joint,Pt86,0.111340935633,0.969198753486,1.46064847741
p1_to_p2,random_joint,Pt88,0.185586150262,0.946065848214,1.46064847741
p1_to_p2,random_joint,Pt89,0.0976618773294,0.977408854167,1.46064847741
p1_to_p2,random_joint,Pt9,0.150501330713,0.956891928286,1.41509404228
p1_to_p2,random_joint,Pt93,0.156162889804,0.961410695644,1.46064847741
p1_to_p2,random_joint,Pt94,0.0536940947563,0.990994698661,1.48330354778
p1_to_p2,random_joint,Pt95,0.229305878664,0.924319232901,1.46064847741
p1_to_p2,random_joint,Pt98,0.148840361628,0.95741950426,1.46069304211
p1_to_p2,random_joint,Pt99,0.158616162081,0.956733630952,1.46064847741
p1_to_p2,random_linear,Pt1,0.0564433388449,,
p1_to_p2,random_linear,Pt10,0.077931932928,,
p1_to_p2,random_linear,Pt100,0.107564820764,,
p1_to_p2,random_linear,Pt101,0.113564638244,,
p1_to_p2,random_linear,Pt102,0.136540201766,,
p1_to_p2,random_linear,Pt103,0.137908997672,,
p1_to_p2,random_linear,Pt104,0.116858297418,,
p1_to_p2,random_linear,Pt105,0.0663860765342,,
p1_to_p2,random_linear,Pt106,0.146783913197,,
p1_to_p2,random_linear,Pt109,0.133518211287,,
p1_to_p2,random_linear,Pt11,0.0396929270864,,
p1_to_p2,random_linear,Pt111,0.100789994667,,
p1_to_p2,random_linear,Pt112,0.0891568878894,,
p1_to_p2,random_linear,Pt114,0.135832163355,,
p1_to_p2,random_linear,Pt116,0.0982466535677,,
p1_to_p2,random_linear,Pt117,0.0850158612657,,
p1_to_p2,random_linear,Pt119,0.120484490147,,
p1_to_p2,random_linear,Pt12,0.0638923025275,,
p1_to_p2,random_linear,Pt120,0.151965111773,,
p1_to_p2,random_linear,Pt121,0.139952198757,,
p1_to_p2,random_linear,Pt122,0.0792546964004,,
p1_to_p2,random_linear,Pt123,0.0997109726238,,
p1_to_p2,random_linear,Pt124,0.118764287499,,
p1_to_p2,random_linear,Pt125,0.189677867618,,
p1_to_p2,random_linear,Pt126,0.113394945083,,
p1_to_p2,random_linear,Pt127,0.0846445944987,,
p1_to_p2,random_linear,Pt128,0.124582793449,,
p1_to_p2,random_linear,Pt129,0.08999785242,,
p1_to_p2,random_linear,Pt13,0.0598448594664,,
p1_to_p2,random_linear,Pt134,0.11046682565,,
p1_to_p2,random_linear,Pt137,0.109949577169,,
p1_to_p2,random_linear,Pt142,0.176252122483,,
p1_to_p2,random_linear,Pt143,0.0896563973337,,
p1_to_p2,random_linear,Pt144,0.0819153721896,,
p1_to_p2,random_linear,Pt148,0.16721031924,,
p1_to_p2,random_linear,Pt149,0.174152714045,,
p1_to_p2,random_linear,Pt15,0.0874608281336,,
p1_to_p2,random_linear,Pt151,0.0960920238331,,
p1_to_p2,random_linear,Pt17,0.086689489855,,
p1_to_p2,random_linear,Pt18,0.0730655826002,,
p1_to_p2,random_linear,Pt20,0.077868708672,,
p1_to_p2,random_linear,Pt21,0.0580870047875,,
p1_to_p2,random_linear,Pt22,0.106246386009,,
p1_to_p2,random_linear,Pt23,0.072317388911,,
p1_to_p2,random_linear,Pt24,0.0705066794128,,
p1_to_p2,random_linear,Pt25,0.0469624986061,,
p1_to_p2,random_linear,Pt26,0.075382890254,,
p1_to_p2,random_linear,Pt28,0.064101648794,,
p1_to_p2,random_linear,Pt29,0.0678743882635,,
p1_to_p2,random_linear,Pt3,0.052677806678,,
p1_to_p2,random_linear,Pt31,0.080296171444,,
p1_to_p2,random_linear,Pt32,0.116564425398,,
p1_to_p2,random_linear,Pt33,0.0497003648615,,
p1_to_p2,random_linear,Pt35,0.0896762213248,,
p1_to_p2,random_linear,Pt37,0.0578055596119,,
p1_to_p2,random_linear,Pt38,0.093071826015,,
p1_to_p2,random_linear,Pt39,0.0677565481862,,
p1_to_p2,random_linear,Pt40,0.0703668649826,,
p1_to_p2,random_linear,Pt42,0.0531168277876,,
p1_to_p2,random_linear,Pt43,0.114661733224,,
p1_to_p2,random_linear,Pt44,0.0650980748009,,
p1_to_p2,random_linear,Pt45,0.06538152548,,
p1_to_p2,random_linear,Pt46,0.0837620805607,,
p1_to_p2,random_linear,Pt49,0.0902433106851,,
p1_to_p2,random_linear,Pt50,0.0850960280816,,
p1_to_p2,random_linear,Pt52,0.0500167064778,,
p1_to_p2,random_linear,Pt54,0.0990272169663,,
p1_to_p2,random_linear,Pt55,0.10109888805,,
p1_to_p2,random_linear,Pt56,0.0724980144401,,
p1_to_p2,random_linear,Pt57,0.0652977000764,,
p1_to_p2,random_linear,Pt58,0.0691974273119,,
p1_to_p2,random_linear,Pt59,0.0620110429338,,
p1_to_p2,random_linear,Pt6,0.0898283338045,,
p1_to_p2,random_linear,Pt61,0.0536817727906,,
p1_to_p2,random_linear,Pt62,0.0842566106226,,
p1_to_p2,random_linear,Pt63,0.0844567339964,,
p1_to_p2,random_linear,Pt65,0.0632542597066,,
p1_to_p2,random_linear,Pt66,0.0591812379162,,
p1_to_p2,random_linear,Pt67,0.081604229741,,
p1_to_p2,random_linear,Pt68,0.114032270393,,
p1_to_p2,random_linear,Pt7,0.0950412359455,,
p1_to_p2,random_linear,Pt70,0.0852047453553,,
p1_to_p2,random_linear,Pt74,0.0588983736575,,
p1_to_p2,random_linear,Pt76,0.0812217381713,,
p1_to_p2,random_linear,Pt77,0.10641043305,,
p1_to_p2,random_linear,Pt79,0.0696851596079,,
p1_to_p2,random_linear,Pt8,0.0608128455812,,
p1_to_p2,random_linear,Pt80,0.117534018563,,
p1_to_p2,random_linear,Pt81,0.077279052753,,
p1_to_p2,random_linear,Pt84,0.0933391460954,,
p1_to_p2,random_linear,Pt85,0.100818308966,,
p1_to_p2,random_linear,Pt86,0.101750434162,,
p1_to_p2,random_linear,Pt88,0.176632448838,,
p1_to_p2,random_linear,Pt89,0.0907829417291,,
p1_to_p2,random_linear,Pt9,0.141468760254,,
p1_to_p2,random_linear,Pt93,0.15743992449,,
p1_to_p2,random_linear,Pt94,0.0521291947332,,
p1_to_p2,random_linear,Pt95,0.216850724418,,
p1_to_p2,random_linear,Pt98,0.1357764956,,
p1_to_p2,random_linear,Pt99,0.147192450171,,
p1_to_p2,random_pchip,Pt1,0.0418504892834,,
p1_to_p2,random_pchip,Pt10,0.0675224085206,,
p1_to_p2,random_pchip,Pt100,0.0951456429288,,
p1_to_p2,random_pchip,Pt101,0.0994490419187,,
p1_to_p2,random_pchip,Pt102,0.110931920629,,
p1_to_p2,random_pchip,Pt103,0.114605092258,,
p1_to_p2,random_pchip,Pt104,0.096223668598,,
p1_to_p2,random_pchip,Pt105,0.0546464506282,,
p1_to_p2,random_pchip,Pt106,0.120043794237,,
p1_to_p2,random_pchip,Pt109,0.129649524548,,
p1_to_p2,random_pchip,Pt11,0.0353405488981,,
p1_to_p2,random_pchip,Pt111,0.0878139114339,,
p1_to_p2,random_pchip,Pt112,0.0909970183895,,
p1_to_p2,random_pchip,Pt114,0.10746965205,,
p1_to_p2,random_pchip,Pt116,0.084449152981,,
p1_to_p2,random_pchip,Pt117,0.0845368748928,,
p1_to_p2,random_pchip,Pt119,0.122560061718,,
p1_to_p2,random_pchip,Pt12,0.0578928698553,,
p1_to_p2,random_pchip,Pt120,0.134938438723,,
p1_to_p2,random_pchip,Pt121,0.123171068528,,
p1_to_p2,random_pchip,Pt122,0.0768938701078,,
p1_to_p2,random_pchip,Pt123,0.0730442657872,,
p1_to_p2,random_pchip,Pt124,0.108925202346,,
p1_to_p2,random_pchip,Pt125,0.188880897863,,
p1_to_p2,random_pchip,Pt126,0.118032140645,,
p1_to_p2,random_pchip,Pt127,0.0747601608951,,
p1_to_p2,random_pchip,Pt128,0.100681756379,,
p1_to_p2,random_pchip,Pt129,0.0750929452425,,
p1_to_p2,random_pchip,Pt13,0.0591707918373,,
p1_to_p2,random_pchip,Pt134,0.102042999665,,
p1_to_p2,random_pchip,Pt137,0.107699214996,,
p1_to_p2,random_pchip,Pt142,0.192538840301,,
p1_to_p2,random_pchip,Pt143,0.0730768162634,,
p1_to_p2,random_pchip,Pt144,0.0659735529345,,
p1_to_p2,random_pchip,Pt148,0.1681701786,,
p1_to_p2,random_pchip,Pt149,0.189904963988,,
p1_to_p2,random_pchip,Pt15,0.0611617355302,,
p1_to_p2,random_pchip,Pt151,0.0641161356857,,
p1_to_p2,random_pchip,Pt17,0.0826913030294,,
p1_to_p2,random_pchip,Pt18,0.079591998461,,
p1_to_p2,random_pchip,Pt20,0.0780411422777,,
p1_to_p2,random_pchip,Pt21,0.0484580092275,,
p1_to_p2,random_pchip,Pt22,0.104291686964,,
p1_to_p2,random_pchip,Pt23,0.0630490221055,,
p1_to_p2,random_pchip,Pt24,0.0601718661728,,
p1_to_p2,random_pchip,Pt25,0.0421727933717,,
p1_to_p2,random_pchip,Pt26,0.0676647558794,,
p1_to_p2,random_pchip,Pt28,0.0551826349441,,
p1_to_p2,random_pchip,Pt29,0.0516751699773,,
p1_to_p2,random_pchip,Pt3,0.0404448347663,,
p1_to_p2,random_pchip,Pt31,0.0775102832153,,
p1_to_p2,random_pchip,Pt32,0.1078103632,,
p1_to_p2,random_pchip,Pt33,0.0418843639836,,
p1_to_p2,random_pchip,Pt35,0.0839444883291,,
p1_to_p2,random_pchip,Pt37,0.0445604471345,,
p1_to_p2,random_pchip,Pt38,0.0805291352475,,
p1_to_p2,random_pchip,Pt39,0.0479979502928,,
p1_to_p2,random_pchip,Pt40,0.0663039963511,,
p1_to_p2,random_pchip,Pt42,0.0383094049981,,
p1_to_p2,random_pchip,Pt43,0.10059265147,,
p1_to_p2,random_pchip,Pt44,0.0611686213987,,
p1_to_p2,random_pchip,Pt45,0.0690183942114,,
p1_to_p2,random_pchip,Pt46,0.0724799165216,,
p1_to_p2,random_pchip,Pt49,0.0829268518914,,
p1_to_p2,random_pchip,Pt50,0.0742559239705,,
p1_to_p2,random_pchip,Pt52,0.0459587390304,,
p1_to_p2,random_pchip,Pt54,0.0903288689831,,
p1_to_p2,random_pchip,Pt55,0.080291771657,,
p1_to_p2,random_pchip,Pt56,0.0556500041058,,
p1_to_p2,random_pchip,Pt57,0.0470584791476,,
p1_to_p2,random_pchip,Pt58,0.0498204258251,,
p1_to_p2,random_pchip,Pt59,0.0617866447285,,
p1_to_p2,random_pchip,Pt6,0.0751981031864,,
p1_to_p2,random_pchip,Pt61,0.0570304877505,,
p1_to_p2,random_pchip,Pt62,0.0681460930779,,
p1_to_p2,random_pchip,Pt63,0.0657519686567,,
p1_to_p2,random_pchip,Pt65,0.0670808658303,,
p1_to_p2,random_pchip,Pt66,0.0488066035339,,
p1_to_p2,random_pchip,Pt67,0.0679835106156,,
p1_to_p2,random_pchip,Pt68,0.121558566206,,
p1_to_p2,random_pchip,Pt7,0.0843337513065,,
p1_to_p2,random_pchip,Pt70,0.0729448875552,,
p1_to_p2,random_pchip,Pt74,0.0518840623758,,
p1_to_p2,random_pchip,Pt76,0.0664992932195,,
p1_to_p2,random_pchip,Pt77,0.104031864366,,
p1_to_p2,random_pchip,Pt79,0.0529582643428,,
p1_to_p2,random_pchip,Pt8,0.0630542749802,,
p1_to_p2,random_pchip,Pt80,0.0866371773039,,
p1_to_p2,random_pchip,Pt81,0.0590402436603,,
p1_to_p2,random_pchip,Pt84,0.0806569708306,,
p1_to_p2,random_pchip,Pt85,0.0720271483445,,
p1_to_p2,random_pchip,Pt86,0.103081389754,,
p1_to_p2,random_pchip,Pt88,0.171725485103,,
p1_to_p2,random_pchip,Pt89,0.0681508591424,,
p1_to_p2,random_pchip,Pt9,0.141438933162,,
p1_to_p2,random_pchip,Pt93,0.142399416756,,
p1_to_p2,random_pchip,Pt94,0.0479357305702,,
p1_to_p2,random_pchip,Pt95,0.204377434098,,
p1_to_p2,random_pchip,Pt98,0.120473374961,,
p1_to_p2,random_pchip,Pt99,0.129975467937,,
p2_to_p1,exact_diagonal,Pt1,0.0546303964713,0.985426285011,1.3441986131
p2_to_p1,exact_diagonal,Pt10,0.0963678012192,0.971198830409,1.3441986131
p2_to_p1,exact_diagonal,Pt100,0.0871383822118,0.969368823918,1.37754878004
p2_to_p1,exact_diagonal,Pt101,0.0753196024748,0.97423735119,1.37754878004
p2_to_p1,exact_diagonal,Pt102,0.126150285283,0.946056547619,1.37754878004
p2_to_p1,exact_diagonal,Pt103,0.103731175668,0.957718097402,1.37607348108
p2_to_p1,exact_diagonal,Pt104,0.0837075407975,0.969959077381,1.37754878004
p2_to_p1,exact_diagonal,Pt105,0.0448451926852,0.982886904762,1.37754878004
p2_to_p1,exact_diagonal,Pt106,0.109114656256,0.949171686747,1.3768200179
p2_to_p1,exact_diagonal,Pt109,0.107136110763,0.95775462963,1.37799043968
p2_to_p1,exact_diagonal,Pt11,0.0725833830182,0.990643274854,1.3441986131
p2_to_p1,exact_diagonal,Pt111,0.0761056529954,0.969494047619,1.37754878004
p2_to_p1,exact_diagonal,Pt112,0.071347904787,0.979213169643,1.37754878004
p2_to_p1,exact_diagonal,Pt114,0.0920154057324,0.964099702381,1.37754878004
p2_to_p1,exact_diagonal,Pt116,0.0766006523918,0.977554563492,1.37754878004
p2_to_p1,exact_diagonal,Pt117,0.0636508005138,0.978608630952,1.37754878004
p2_to_p1,exact_diagonal,Pt119,0.110875294785,0.962203718293,1.37754878004
p2_to_p1,exact_diagonal,Pt12,0.0483462876387,0.988596491228,1.3441986131
p2_to_p1,exact_diagonal,Pt120,0.0795864245395,0.978980654762,1.37754878004
p2_to_p1,exact_diagonal,Pt121,0.10797662698,0.962053571429,1.37754878004
p2_to_p1,exact_diagonal,Pt122,0.0700326786678,0.983993902439,1.37607348108
p2_to_p1,exact_diagonal,Pt123,0.0905884118274,0.974516369048,1.37754878004
p2_to_p1,exact_diagonal,Pt124,0.0798687342264,0.974577157252,1.37754878004
p2_to_p1,exact_diagonal,Pt125,0.125935123265,0.94878411434,1.37754878004
p2_to_p1,exact_diagonal,Pt126,0.0898305330339,0.980654761905,1.37754878004
p2_to_p1,exact_diagonal,Pt127,0.0692608146385,0.981026785714,1.37754878004
p2_to_p1,exact_diagonal,Pt128,0.0729603605756,0.981956845238,1.37754878004
p2_to_p1,exact_diagonal,Pt129,0.0666078791552,0.98084077381,1.37754878004
p2_to_p1,exact_diagonal,Pt13,0.0680055138311,0.988596491228,1.3441986131
p2_to_p1,exact_diagonal,Pt134,0.0909143488802,0.969566446604,1.37727314291
p2_to_p1,exact_diagonal,Pt137,0.07663330236,0.972772051529,1.39267059444
p2_to_p1,exact_diagonal,Pt142,0.037698788975,1,1.43803603763
p2_to_p1,exact_diagonal,Pt143,0.0686321329037,0.979166666667,1.37754878004
p2_to_p1,exact_diagonal,Pt144,0.0553987373334,0.979166666667,1.37754878004
p2_to_p1,exact_diagonal,Pt148,0.152694591901,0.94329676315,1.37754878004
p2_to_p1,exact_diagonal,Pt149,0.0450989924104,1,1.43803603763
p2_to_p1,exact_diagonal,Pt15,0.0613884423341,0.980230591168,1.36161786557
p2_to_p1,exact_diagonal,Pt151,0.0669156698774,0.974661044974,1.37754878004
p2_to_p1,exact_diagonal,Pt17,0.079405058865,0.982051282051,1.3440299026
p2_to_p1,exact_diagonal,Pt18,0.0795045151144,0.975,1.3441986131
p2_to_p1,exact_diagonal,Pt20,0.0914887672797,0.977046783626,1.3441986131
p2_to_p1,exact_diagonal,Pt21,0.0399652848367,0.995467836257,1.3441986131
p2_to_p1,exact_diagonal,Pt22,0.0873927238582,0.976210826211,1.3440299026
p2_to_p1,exact_diagonal,Pt23,0.0616321785461,0.982261208577,1.3441986131
p2_to_p1,exact_diagonal,Pt24,0.0554811544261,0.982675438597,1.3441986131
p2_to_p1,exact_diagonal,Pt25,0.041529932367,0.991959064327,1.3441986131
p2_to_p1,exact_diagonal,Pt26,0.0673414634684,0.973866959064,1.3441986131
p2_to_p1,exact_diagonal,Pt28,0.0654020127485,0.985612535613,1.3440299026
p2_to_p1,exact_diagonal,Pt29,0.045971907671,0.994152046784,1.3441986131
p2_to_p1,exact_diagonal,Pt3,0.0496500781731,0.980701754386,1.3441986131
p2_to_p1,exact_diagonal,Pt31,0.071552054644,0.982967836257,1.3441986131
p2_to_p1,exact_diagonal,Pt32,0.120102449554,0.95793128655,1.3441986131
p2_to_p1,exact_diagonal,Pt33,0.0637702388163,0.992877492877,1.3440299026
p2_to_p1,exact_diagonal,Pt35,0.0764515941949,0.979558404558,1.3440299026
p2_to_p1,exact_diagonal,Pt37,0.0500208429613,0.981766381766,1.3440299026
p2_to_p1,exact_diagonal,Pt38,0.0722300917811,0.97094017094,1.3440299026
p2_to_p1,exact_diagonal,Pt39,0.0579104804613,0.982621082621,1.3440299026
p2_to_p1,exact_diagonal,Pt40,0.0749112428992,0.990170940171,1.3440299026
p2_to_p1,exact_diagonal,Pt42,0.0432833513918,0.987179487179,1.3440299026
p2_to_p1,exact_diagonal,Pt43,0.208603945908,0.884907782276,1.3440299026
p2_to_p1,exact_diagonal,Pt44,0.0659567548813,0.977267956215,1.3440299026
p2_to_p1,exact_diagonal,Pt45,0.0648951468649,0.977207977208,1.3440299026
p2_to_p1,exact_diagonal,Pt46,0.0656761919613,0.973824786325,1.3440299026
p2_to_p1,exact_diagonal,Pt49,0.0852832628277,0.960683760684,1.3440299026
p2_to_p1,exact_diagonal,Pt50,0.111864718156,0.97563959478,1.36078934132
p2_to_p1,exact_diagonal,Pt52,0.046306619503,0.991168091168,1.3440299026
p2_to_p1,exact_diagonal,Pt54,0.086840149998,0.974467596298,1.36321499527
p2_to_p1,exact_diagonal,Pt55,0.0803448182424,0.971382566015,1.36947942066
p2_to_p1,exact_diagonal,Pt56,0.066569842116,0.978133903134,1.3440299026
p2_to_p1,exact_diagonal,Pt57,0.0496489741577,0.987179487179,1.3440299026
p2_to_p1,exact_diagonal,Pt58,0.0608769824174,0.980199430199,1.3440299026
p2_to_p1,exact_diagonal,Pt59,0.0669391772611,0.987535612536,1.3440299026
p2_to_p1,exact_diagonal,Pt6,0.0762831348846,0.974557191361,1.36107422069
p2_to_p1,exact_diagonal,Pt61,0.061609503545,0.985612535613,1.3440299026
p2_to_p1,exact_diagonal,Pt62,0.0703562875683,0.971082621083,1.3440299026
p2_to_p1,exact_diagonal,Pt63,0.0784853775615,0.982408910534,1.36078637013
p2_to_p1,exact_diagonal,Pt65,0.097166863563,0.982621082621,1.3440299026
p2_to_p1,exact_diagonal,Pt66,0.0434779427574,0.99066951567,1.3440299026
p2_to_p1,exact_diagonal,Pt67,0.0767560853839,0.976780626781,1.3440299026
p2_to_p1,exact_diagonal,Pt68,0.119116575915,0.962201125176,1.36131408124
p2_to_p1,exact_diagonal,Pt7,0.0741661277449,0.97591374269,1.3441986131
p2_to_p1,exact_diagonal,Pt70,0.110470361564,0.966381766382,1.3440299026
p2_to_p1,exact_diagonal,Pt74,0.0522014729113,0.98238491528,1.3440299026
p2_to_p1,exact_diagonal,Pt76,0.0675172673625,0.978865594233,1.36131408124
p2_to_p1,exact_diagonal,Pt77,0.112431594125,0.964672364672,1.3440299026
p2_to_p1,exact_diagonal,Pt79,0.0788498527927,0.979340277778,1.36131408124
p2_to_p1,exact_diagonal,Pt8,0.055818479743,0.987865497076,1.3441986131
p2_to_p1,exact_diagonal,Pt80,0.0824342822539,0.956609562642,1.36131408124
p2_to_p1,exact_diagonal,Pt81,0.0689760239651,0.980829209777,1.3440299026
p2_to_p1,exact_diagonal,Pt84,0.0673632015255,0.973772321429,1.37754878004
p2_to_p1,exact_diagonal,Pt85,0.0649540161352,0.97302827381,1.37754878004
p2_to_p1,exact_diagonal,Pt86,0.0867554436762,0.97228422619,1.37754878004
p2_to_p1,exact_diagonal,Pt88,0.139547756337,0.953311011905,1.37754878004
p2_to_p1,exact_diagonal,Pt89,0.0659347545478,0.982700892857,1.37754878004
p2_to_p1,exact_diagonal,Pt9,0.0981765275785,0.973684210526,1.3441986131
p2_to_p1,exact_diagonal,Pt93,0.11624923126,0.971850198413,1.37754878004
p2_to_p1,exact_diagonal,Pt94,0.0635650017439,0.992280505952,1.40779240884
p2_to_p1,exact_diagonal,Pt95,0.175374299546,0.917619339402,1.37754878004
p2_to_p1,exact_diagonal,Pt98,0.0971408868684,0.962784245643,1.37761703944
p2_to_p1,exact_diagonal,Pt99,0.106639261442,0.964606676004,1.37754878004
p2_to_p1,exact_joint,Pt1,0.0459416503037,0.991266543552,1.32193539304
p2_to_p1,exact_joint,Pt10,0.0552438550646,0.986549707602,1.32193539304
p2_to_p1,exact_joint,Pt100,0.0754185594954,0.975507216776,1.36221222503
p2_to_p1,exact_joint,Pt101,0.0689453185947,0.97814360119,1.36221222503
p2_to_p1,exact_joint,Pt102,0.10107090864,0.961123511905,1.36221222503
p2_to_p1,exact_joint,Pt103,0.0953241501053,0.968995347123,1.36158411359
p2_to_p1,exact_joint,Pt104,0.0730138426204,0.977864583333,1.36221222503
p2_to_p1,exact_joint,Pt105,0.041845077958,0.985677083333,1.36221222503
p2_to_p1,exact_joint,Pt106,0.09587863136,0.966631230806,1.36190195312
p2_to_p1,exact_joint,Pt109,0.101990894345,0.966608796296,1.36236298232
p2_to_p1,exact_joint,Pt11,0.0455997776358,0.993421052632,1.32193539304
p2_to_p1,exact_joint,Pt111,0.0686090802418,0.979445684524,1.36221222503
p2_to_p1,exact_joint,Pt112,0.0589898891793,0.985816592262,1.36221222503
p2_to_p1,exact_joint,Pt114,0.0793711948673,0.970982142857,1.36221222503
p2_to_p1,exact_joint,Pt116,0.0727806992988,0.981770833333,1.36221222503
p2_to_p1,exact_joint,Pt117,0.0602822547482,0.985491071429,1.36221222503
p2_to_p1,exact_joint,Pt119,0.0953416453908,0.971659931334,1.36221222503
p2_to_p1,exact_joint,Pt12,0.0465259158256,0.98918128655,1.32193539304
p2_to_p1,exact_joint,Pt120,0.0711709286203,0.984933035714,1.36221222503
p2_to_p1,exact_joint,Pt121,0.0983147991247,0.972346230159,1.36221222503
p2_to_p1,exact_joint,Pt122,0.0665326623345,0.987423780488,1.36158411359
p2_to_p1,exact_joint,Pt123,0.077028446373,0.979724702381,1.36221222503
p2_to_p1,exact_joint,Pt124,0.0713622110898,0.979459057929,1.36221222503
p2_to_p1,exact_joint,Pt125,0.119436533493,0.953850203276,1.36221222503
p2_to_p1,exact_joint,Pt126,0.0839271736983,0.985491071429,1.36221222503
p2_to_p1,exact_joint,Pt127,0.0628640716956,0.986049107143,1.36221222503
p2_to_p1,exact_joint,Pt128,0.0668031220505,0.985863095238,1.36221222503
p2_to_p1,exact_joint,Pt129,0.0648156995239,0.98400297619,1.36221222503
p2_to_p1,exact_joint,Pt13,0.0588118601441,0.989473684211,1.32193539304
p2_to_p1,exact_joint,Pt134,0.0767114125636,0.974939587918,1.36208930634
p2_to_p1,exact_joint,Pt137,0.0709974325832,0.975608733077,1.36865036731
p2_to_p1,exact_joint,Pt142,0.0507835729423,1,1.38796479415
p2_to_p1,exact_joint,Pt143,0.0562991010696,0.985119047619,1.36221222503
p2_to_p1,exact_joint,Pt144,0.0482067687526,0.983816964286,1.36221222503
p2_to_p1,exact_joint,Pt148,0.111317142977,0.971414954871,1.36221222503
p2_to_p1,exact_joint,Pt149,0.0483687425155,1,1.38796479415
p2_to_p1,exact_joint,Pt15,0.0581905842903,0.981588319088,1.34283172875
p2_to_p1,exact_joint,Pt151,0.0593752746807,0.981729497354,1.36221222503
p2_to_p1,exact_joint,Pt17,0.0764906472227,0.981766381766,1.32185441277
p2_to_p1,exact_joint,Pt18,0.0606527669671,0.982048322561,1.32193539304
p2_to_p1,exact_joint,Pt20,0.0721599467425,0.980116959064,1.32193539304
p2_to_p1,exact_joint,Pt21,0.0389788890522,0.995321637427,1.32193539304
p2_to_p1,exact_joint,Pt22,0.0882405891529,0.974928774929,1.32185441277
p2_to_p1,exact_joint,Pt23,0.0505506788125,0.986549707602,1.32193539304
p2_to_p1,exact_joint,Pt24,0.0522725778457,0.983979686057,1.32193539304
p2_to_p1,exact_joint,Pt25,0.0425902673365,0.992543859649,1.32193539304
p2_to_p1,exact_joint,Pt26,0.0620265071622,0.97591374269,1.32193539304
p2_to_p1,exact_joint,Pt28,0.0401304606267,0.988603988604,1.32185441277
p2_to_p1,exact_joint,Pt29,0.0460947232481,0.994298245614,1.32193539304
p2_to_p1,exact_joint,Pt3,0.0454932190891,0.982602339181,1.32193539304
p2_to_p1,exact_joint,Pt31,0.0555581274315,0.988157894737,1.32193539304
p2_to_p1,exact_joint,Pt32,0.10503589131,0.964364035088,1.32193539304
p2_to_p1,exact_joint,Pt33,0.0554389131123,0.993304843305,1.32185441277
p2_to_p1,exact_joint,Pt35,0.072799625509,0.981944444444,1.32185441277
p2_to_p1,exact_joint,Pt37,0.0422656446825,0.988176638177,1.32185441277
p2_to_p1,exact_joint,Pt38,0.0684444853377,0.974216524217,1.32185441277
p2_to_p1,exact_joint,Pt39,0.053795224245,0.985612535613,1.32185441277
p2_to_p1,exact_joint,Pt40,0.0642598717512,0.992735042735,1.32185441277
p2_to_p1,exact_joint,Pt42,0.0394524576703,0.988461538462,1.32185441277
p2_to_p1,exact_joint,Pt43,0.0742708234734,0.966758509522,1.32185441277
p2_to_p1,exact_joint,Pt44,0.0573599143387,0.981166591693,1.32185441277
p2_to_p1,exact_joint,Pt45,0.0616006548948,0.982763532764,1.32185441277
p2_to_p1,exact_joint,Pt46,0.0594687392769,0.977386039886,1.32185441277
p2_to_p1,exact_joint,Pt49,0.0769727875354,0.968518518519,1.32185441277
p2_to_p1,exact_joint,Pt50,0.0722066696881,0.985919693732,1.3420333189
p2_to_p1,exact_joint,Pt52,0.0478137529859,0.992663817664,1.32185441277
p2_to_p1,exact_joint,Pt54,0.0739862659869,0.980771408934,1.34490792397
p2_to_p1,exact_joint,Pt55,0.0704435629225,0.982019614687,1.35249645541
p2_to_p1,exact_joint,Pt56,0.0569913980769,0.985042735043,1.32185441277
p2_to_p1,exact_joint,Pt57,0.0454455684248,0.988034188034,1.32185441277
p2_to_p1,exact_joint,Pt58,0.0548036062732,0.980769230769,1.32185441277
p2_to_p1,exact_joint,Pt59,0.0606493193048,0.988034188034,1.32185441277
p2_to_p1,exact_joint,Pt6,0.0691662775367,0.979103900612,1.34226769972
p2_to_p1,exact_joint,Pt61,0.0479791604797,0.990883190883,1.32185441277
p2_to_p1,exact_joint,Pt62,0.0519460316398,0.98433048433,1.32185441277
p2_to_p1,exact_joint,Pt63,0.0678503970719,0.987705176768,1.34188143625
p2_to_p1,exact_joint,Pt65,0.061597040261,0.989601139601,1.32185441277
p2_to_p1,exact_joint,Pt66,0.0446341612095,0.990455840456,1.32185441277
p2_to_p1,exact_joint,Pt67,0.0740319983837,0.980341880342,1.32185441277
p2_to_p1,exact_joint,Pt68,0.0911983191311,0.971508844531,1.34252724057
p2_to_p1,exact_joint,Pt7,0.0682350862114,0.978581871345,1.32193539304
p2_to_p1,exact_joint,Pt70,0.0769450146308,0.97905982906,1.32185441277
p2_to_p1,exact_joint,Pt74,0.0551775694236,0.98359574149,1.32185441277
p2_to_p1,exact_joint,Pt76,0.0608262411775,0.982663062588,1.34252724057
p2_to_p1,exact_joint,Pt77,0.0803403875893,0.97094017094,1.32185441277
p2_to_p1,exact_joint,Pt79,0.0494741340697,0.986058368495,1.34252724057
p2_to_p1,exact_joint,Pt8,0.0506633622313,0.990058479532,1.32193539304
p2_to_p1,exact_joint,Pt80,0.0832918519759,0.959202741264,1.34252724057
p2_to_p1,exact_joint,Pt81,0.0517443687328,0.984045584046,1.32185441277
p2_to_p1,exact_joint,Pt84,0.0582628106394,0.981956845238,1.36221222503
p2_to_p1,exact_joint,Pt85,0.0563647482073,0.983630952381,1.36221222503
p2_to_p1,exact_joint,Pt86,0.0815764097685,0.976754235348,1.36221222503
p2_to_p1,exact_joint,Pt88,0.132051386616,0.952380952381,1.36221222503
p2_to_p1,exact_joint,Pt89,0.0599466505752,0.986421130952,1.36221222503
p2_to_p1,exact_joint,Pt9,0.0995124430028,0.970467836257,1.32193539304
p2_to_p1,exact_joint,Pt93,0.0972646634038,0.980530753968,1.36221222503
p2_to_p1,exact_joint,Pt94,0.0590531489789,0.994419642857,1.37508850959
p2_to_p1,exact_joint,Pt95,0.143454443659,0.941743699349,1.36221222503
p2_to_p1,exact_joint,Pt98,0.0857832129275,0.971511912056,1.36223829274
p2_to_p1,exact_joint,Pt99,0.0946649419624,0.972098214286,1.36221222503
p2_to_p1,greedy_joint,Pt1,0.0452481551983,0.99175900277,1.3231827442
p2_to_p1,greedy_joint,Pt10,0.0546550718585,0.987426900585,1.3231827442
p2_to_p1,greedy_joint,Pt100,0.0759831428197,0.974205133442,1.36458699953
p2_to_p1,greedy_joint,Pt101,0.071665177354,0.977213541667,1.36458699953
p2_to_p1,greedy_joint,Pt102,0.103749908957,0.96056547619,1.36458699953
p2_to_p1,greedy_joint,Pt103,0.0968015859703,0.969345309262,1.36401680942
p2_to_p1,greedy_joint,Pt104,0.077795210693,0.97693452381,1.36458699953
p2_to_p1,greedy_joint,Pt105,0.0432953014543,0.986607142857,1.36458699953
p2_to_p1,greedy_joint,Pt106,0.100592714256,0.964450941019,1.36430533936
p2_to_p1,greedy_joint,Pt109,0.105110539252,0.96400462963,1.36471313974
p2_to_p1,greedy_joint,Pt11,0.0465300392645,0.993128654971,1.3231827442
p2_to_p1,greedy_joint,Pt111,0.0730151871277,0.977585565476,1.36458699953
p2_to_p1,greedy_joint,Pt112,0.0624374350788,0.984840029762,1.36458699953
p2_to_p1,greedy_joint,Pt114,0.0819362011062,0.970424107143,1.36458699953
p2_to_p1,greedy_joint,Pt116,0.0754061904223,0.981088789683,1.36458699953
p2_to_p1,greedy_joint,Pt117,0.0652286903669,0.983444940476,1.36458699953
p2_to_p1,greedy_joint,Pt119,0.10078978437,0.97029523615,1.36458699953
p2_to_p1,greedy_joint,Pt12,0.0437900140984,0.98918128655,1.3231827442
p2_to_p1,greedy_joint,Pt120,0.0753932108884,0.982700892857,1.36458699953
p2_to_p1,greedy_joint,Pt121,0.100744230682,0.972222222222,1.36458699953
p2_to_p1,greedy_joint,Pt122,0.0696515746211,0.986089939024,1.36401680942
p2_to_p1,greedy_joint,Pt123,0.0807935121345,0.978794642857,1.36458699953
p2_to_p1,greedy_joint,Pt124,0.0748577874096,0.97840559835,1.36458699953
p2_to_p1,greedy_joint,Pt125,0.123235096634,0.9528271378,1.36458699953
p2_to_p1,greedy_joint,Pt126,0.0862470030063,0.985491071429,1.36458699953
p2_to_p1,greedy_joint,Pt127,0.0635724721082,0.984561011905,1.36458699953
p2_to_p1,greedy_joint,Pt128,0.0678523804175,0.985491071429,1.36458699953
p2_to_p1,greedy_joint,Pt129,0.0678396082747,0.982328869048,1.36458699953
p2_to_p1,greedy_joint,Pt13,0.0587738140504,0.988596491228,1.3231827442
p2_to_p1,greedy_joint,Pt134,0.0780139262999,0.975036151736,1.36447335374
p2_to_p1,greedy_joint,Pt137,0.0704936596605,0.976027259862,1.37043144819
p2_to_p1,greedy_joint,Pt142,0.0507835729422,1,1.38796479415
p2_to_p1,greedy_joint,Pt143,0.0587696772587,0.984933035714,1.36458699953
p2_to_p1,greedy_joint,Pt144,0.0513688935282,0.982328869048,1.36458699953
p2_to_p1,greedy_joint,Pt148,0.114802856947,0.969896465531,1.36458699953
p2_to_p1,greedy_joint,Pt149,0.0483687425155,1,1.38796479415
p2_to_p1,greedy_joint,Pt15,0.0600746260925,0.980486556268,1.34465445117
p2_to_p1,greedy_joint,Pt151,0.0623879106731,0.979869378307,1.36458699953
p2_to_p1,greedy_joint,Pt17,0.0728840161481,0.983190883191,1.32310320636
p2_to_p1,greedy_joint,Pt18,0.0617900451207,0.980860777675,1.3231827442
p2_to_p1,greedy_joint,Pt20,0.0738966584543,0.979385964912,1.3231827442
p2_to_p1,greedy_joint,Pt21,0.0398908159359,0.995321637427,1.3231827442
p2_to_p1,greedy_joint,Pt22,0.0870317850391,0.975641025641,1.32310320636
p2_to_p1,greedy_joint,Pt23,0.0499754182046,0.986306042885,1.3231827442
p2_to_p1,greedy_joint,Pt24,0.0510624570363,0.985203139428,1.3231827442
p2_to_p1,greedy_joint,Pt25,0.0409474120759,0.992397660819,1.3231827442
p2_to_p1,greedy_joint,Pt26,0.0604086419122,0.977229532164,1.3231827442
p2_to_p1,greedy_joint,Pt28,0.0396203571511,0.988888888889,1.32310320636
p2_to_p1,greedy_joint,Pt29,0.0459769023006,0.994152046784,1.3231827442
p2_to_p1,greedy_joint,Pt3,0.0451618919673,0.98201754386,1.3231827442
p2_to_p1,greedy_joint,Pt31,0.0548025219258,0.987865497076,1.3231827442
p2_to_p1,greedy_joint,Pt32,0.105974354495,0.965314327485,1.3231827442
p2_to_p1,greedy_joint,Pt33,0.0552004412283,0.993162393162,1.32310320636
p2_to_p1,greedy_joint,Pt35,0.0714904387616,0.982514245014,1.32310320636
p2_to_p1,greedy_joint,Pt37,0.0416518554836,0.988603988604,1.32310320636
p2_to_p1,greedy_joint,Pt38,0.0672431152736,0.973504273504,1.32310320636
p2_to_p1,greedy_joint,Pt39,0.0517515243739,0.985897435897,1.32310320636
p2_to_p1,greedy_joint,Pt40,0.0638795793115,0.992877492877,1.32310320636
p2_to_p1,greedy_joint,Pt42,0.0389972055378,0.988461538462,1.32310320636
p2_to_p1,greedy_joint,Pt43,0.0736975015612,0.968325461089,1.32310320636
p2_to_p1,greedy_joint,Pt44,0.0568159473386,0.981451491978,1.32310320636
p2_to_p1,greedy_joint,Pt45,0.0592528008643,0.982621082621,1.32310320636
p2_to_p1,greedy_joint,Pt46,0.0574324972271,0.977670940171,1.32310320636
p2_to_p1,greedy_joint,Pt49,0.0735923217312,0.97094017094,1.32310320636
p2_to_p1,greedy_joint,Pt50,0.0717574359405,0.985969137922,1.34384510294
p2_to_p1,greedy_joint,Pt52,0.0465208630495,0.993874643875,1.32310320636
p2_to_p1,greedy_joint,Pt54,0.0743273934287,0.980391596896,1.34679677164
p2_to_p1,greedy_joint,Pt55,0.072497251703,0.980665402092,1.35460016043
p2_to_p1,greedy_joint,Pt56,0.0557083761471,0.985754985755,1.32310320636
p2_to_p1,greedy_joint,Pt57,0.0438073829295,0.988746438746,1.32310320636
p2_to_p1,greedy_joint,Pt58,0.0527985236806,0.981623931624,1.32310320636
p2_to_p1,greedy_joint,Pt59,0.0602746211451,0.987820512821,1.32310320636
p2_to_p1,greedy_joint,Pt6,0.0700433529176,0.978351619799,1.34408047347
p2_to_p1,greedy_joint,Pt61,0.0484781384104,0.99188034188,1.32310320636
p2_to_p1,greedy_joint,Pt62,0.0492112635225,0.985042735043,1.32310320636
p2_to_p1,greedy_joint,Pt63,0.0686412229264,0.985430194805,1.34368259033
p2_to_p1,greedy_joint,Pt65,0.06313298902,0.989886039886,1.32310320636
p2_to_p1,greedy_joint,Pt66,0.043816063196,0.991239316239,1.32310320636
p2_to_p1,greedy_joint,Pt67,0.0714730888607,0.981623931624,1.32310320636
p2_to_p1,greedy_joint,Pt68,0.0933059652071,0.970264997836,1.34434339189
p2_to_p1,greedy_joint,Pt7,0.0688514875895,0.979605263158,1.3231827442
p2_to_p1,greedy_joint,Pt70,0.0748212040122,0.980199430199,1.32310320636
p2_to_p1,greedy_joint,Pt74,0.0540853310935,0.984094316989,1.32310320636
p2_to_p1,greedy_joint,Pt76,0.0623328029275,0.982258702532,1.34434339189
p2_to_p1,greedy_joint,Pt77,0.0786561430645,0.97094017094,1.32310320636
p2_to_p1,greedy_joint,Pt79,0.049717561513,0.984941983122,1.34434339189
p2_to_p1,greedy_joint,Pt8,0.0492648394181,0.989912280702,1.3231827442
p2_to_p1,greedy_joint,Pt80,0.0859364277866,0.957761109759,1.34434339189
p2_to_p1,greedy_joint,Pt81,0.0490774765633,0.985042735043,1.32310320636
p2_to_p1,greedy_joint,Pt84,0.0613255592052,0.981212797619,1.36458699953
p2_to_p1,greedy_joint,Pt85,0.0604532859534,0.982514880952,1.36458699953
p2_to_p1,greedy_joint,Pt86,0.0839299515282,0.974522092491,1.36458699953
p2_to_p1,greedy_joint,Pt88,0.133350829256,0.953311011905,1.36458699953
p2_to_p1,greedy_joint,Pt89,0.0624333790426,0.986049107143,1.36458699953
p2_to_p1,greedy_joint,Pt9,0.100705081055,0.971052631579,1.3231827442
p2_to_p1,greedy_joint,Pt93,0.100100772049,0.978856646825,1.36458699953
p2_to_p1,greedy_joint,Pt94,0.0599015582728,0.994373139881,1.37627589684
p2_to_p1,greedy_joint,Pt95,0.144869173672,0.940318215962,1.36458699953
p2_to_p1,greedy_joint,Pt98,0.0885620074333,0.970055122744,1.36461018064
p2_to_p1,greedy_joint,Pt99,0.097730231399,0.970052083333,1.36458699953
p2_to_p1,random_diagonal,Pt1,0.0875553773625,0.981085333949,1.48037302966
p2_to_p1,random_diagonal,Pt10,0.106725811088,0.974269005848,1.48037302966
p2_to_p1,random_diagonal,Pt100,0.138090191012,0.960889234166,1.52280941791
p2_to_p1,random_diagonal,Pt101,0.120650496526,0.967150297619,1.52280941791
p2_to_p1,random_diagonal,Pt102,0.191126810274,0.939760044643,1.52280941791
p2_to_p1,random_diagonal,Pt103,0.157721211598,0.950442932508,1.52139229612
p2_to_p1,random_diagonal,Pt104,0.144430325686,0.960105096726,1.52280941791
p2_to_p1,random_diagonal,Pt105,0.0757253200131,0.977241443452,1.52280941791
p2_to_p1,random_diagonal,Pt106,0.178660340812,0.939466721051,1.52210939389
p2_to_p1,random_diagonal,Pt109,0.160574751733,0.957533275463,1.52317431684
p2_to_p1,random_diagonal,Pt11,0.100070785228,0.98975877193,1.48037302966
p2_to_p1,random_diagonal,Pt111,0.124070996273,0.962690662202,1.52280941791
p2_to_p1,random_diagonal,Pt112,0.107745276698,0.974614025298,1.52280941791
p2_to_p1,random_diagonal,Pt114,0.162624063509,0.951906622024,1.52280941791
p2_to_p1,random_diagonal,Pt116,0.12036252743,0.971568080357,1.52280941791
p2_to_p1,random_diagonal,Pt117,0.108306633918,0.97072172619,1.52280941791
p2_to_p1,random_diagonal,Pt119,0.162089185456,0.95708237288,1.52280941791
p2_to_p1,random_diagonal,Pt12,0.0627751842475,0.988238304094,1.48037302966
p2_to_p1,random_diagonal,Pt120,0.118395014195,0.971196056548,1.52280941791
p2_to_p1,random_diagonal,Pt121,0.17311528884,0.949658978175,1.52280941791
p2_to_p1,random_diagonal,Pt122,0.109137277467,0.97558117378,1.52139229612
p2_to_p1,random_diagonal,Pt123,0.143375453106,0.968684895833,1.52280941791
p2_to_p1,random_diagonal,Pt124,0.129310736579,0.964691080425,1.52280941791
p2_to_p1,random_diagonal,Pt125,0.187159212624,0.942580465346,1.52280941791
p2_to_p1,random_diagonal,Pt126,0.132904604631,0.974544270833,1.52280941791
p2_to_p1,random_diagonal,Pt127,0.109042477441,0.975465029762,1.52280941791
p2_to_p1,random_diagonal,Pt128,0.100325433746,0.975483630952,1.52280941791
p2_to_p1,random_diagonal,Pt129,0.11434014777,0.971642485119,1.52280941791
p2_to_p1,random_diagonal,Pt13,0.0983820327707,0.982843567251,1.48037302966
p2_to_p1,random_diagonal,Pt134,0.138079348526,0.960936136549,1.52253855493
p2_to_p1,random_diagonal,Pt137,0.118610842087,0.968372793996,1.53733491625
p2_to_p1,random_diagonal,Pt142,0.0419551503313,1,1.5809114113
p2_to_p1,random_diagonal,Pt143,0.11581948244,0.974135044643,1.52280941791
p2_to_p1,random_diagonal,Pt144,0.0936343283296,0.974646577381,1.52280941791
p2_to_p1,random_diagonal,Pt148,0.206686158955,0.941007236228,1.52280941791
p2_to_p1,random_diagonal,Pt149,0.0565176359619,1,1.5809114113
p2_to_p1,random_diagonal,Pt15,0.0957555023598,0.974135950855,1.50263840882
p2_to_p1,random_diagonal,Pt151,0.114885158303,0.968104125331,1.52280941791
p2_to_p1,random_diagonal,Pt17,0.121059300568,0.973454415954,1.47998107861
p2_to_p1,random_diagonal,Pt18,0.11481056661,0.966074240792,1.48037302966
p2_to_p1,random_diagonal,Pt20,0.132264175375,0.971725146199,1.48037302966
p2_to_p1,random_diagonal,Pt21,0.0611897232017,0.991286549708,1.48037302966
p2_to_p1,random_diagonal,Pt22,0.127273204995,0.970534188034,1.47998107861
p2_to_p1,random_diagonal,Pt23,0.0811429048875,0.981505847953,1.48037302966
p2_to_p1,random_diagonal,Pt24,0.0831759734784,0.978764427516,1.48037302966
p2_to_p1,random_diagonal,Pt25,0.0636761656241,0.987748538012,1.48037302966
p2_to_p1,random_diagonal,Pt26,0.0862404039835,0.973834064327,1.48037302966
p2_to_p1,random_diagonal,Pt28,0.0715246701408,0.985804843305,1.47998107861
p2_to_p1,random_diagonal,Pt29,0.0722349548709,0.988026315789,1.48037302966
p2_to_p1,random_diagonal,Pt3,0.0703904168938,0.978735380117,1.48037302966
p2_to_p1,random_diagonal,Pt31,0.0915095302596,0.978706140351,1.48037302966
p2_to_p1,random_diagonal,Pt32,0.166052802057,0.948644005848,1.48037302966
p2_to_p1,random_diagonal,Pt33,0.0940754259172,0.98863960114,1.47998107861
p2_to_p1,random_diagonal,Pt35,0.120668868501,0.970763888889,1.47998107861
p2_to_p1,random_diagonal,Pt37,0.0647821153599,0.980398860399,1.47998107861
p2_to_p1,random_diagonal,Pt38,0.11328739581,0.965826210826,1.47998107861
p2_to_p1,random_diagonal,Pt39,0.087082252932,0.979504985755,1.47998107861
p2_to_p1,random_diagonal,Pt40,0.106354053332,0.985441595442,1.47998107861
p2_to_p1,random_diagonal,Pt42,0.0672525310768,0.984351851852,1.47998107861
p2_to_p1,random_diagonal,Pt43,0.198735703514,0.912290823212,1.47998107861
p2_to_p1,random_diagonal,Pt44,0.0957869254105,0.977162243215,1.47998107861
p2_to_p1,random_diagonal,Pt45,0.0931845976193,0.975391737892,1.47998107861
p2_to_p1,random_diagonal,Pt46,0.106622084266,0.967581908832,1.47998107861
p2_to_p1,random_diagonal,Pt49,0.132577650091,0.956160968661,1.47998107861
p2_to_p1,random_diagonal,Pt50,0.149044697156,0.971831589273,1.50139524826
p2_to_p1,random_diagonal,Pt52,0.0699852440376,0.988319088319,1.47998107861
p2_to_p1,random_diagonal,Pt54,0.131357218309,0.967235314495,1.50452704666
p2_to_p1,random_diagonal,Pt55,0.125312073014,0.965978916354,1.51249889178
p2_to_p1,random_diagonal,Pt56,0.100589775215,0.975267094017,1.47998107861
p2_to_p1,random_diagonal,Pt57,0.0815522379742,0.980334757835,1.47998107861
p2_to_p1,random_diagonal,Pt58,0.0958629269689,0.97665954416,1.47998107861
p2_to_p1,random_diagonal,Pt59,0.0896180150183,0.986278490028,1.47998107861
p2_to_p1,random_diagonal,Pt6,0.111273323023,0.970262730683,1.50177484248
p2_to_p1,random_diagonal,Pt61,0.0827981210395,0.985306267806,1.47998107861
p2_to_p1,random_diagonal,Pt62,0.0942824158076,0.969344729345,1.47998107861
p2_to_p1,random_diagonal,Pt63,0.125798493529,0.973489921537,1.50137396526
p2_to_p1,random_diagonal,Pt65,0.129674578808,0.980797720798,1.47998107861
p2_to_p1,random_diagonal,Pt66,0.0654943660374,0.985641025641,1.47998107861
p2_to_p1,random_diagonal,Pt67,0.116967747891,0.970448717949,1.47998107861
p2_to_p1,random_diagonal,Pt68,0.145462300498,0.962615704114,1.50216307375
p2_to_p1,random_diagonal,Pt7,0.104948924478,0.975997807018,1.48037302966
p2_to_p1,random_diagonal,Pt70,0.160964761827,0.960249287749,1.47998107861
p2_to_p1,random_diagonal,Pt74,0.0698869810027,0.980480394362,1.47998107861
p2_to_p1,random_diagonal,Pt76,0.101251276362,0.974446147591,1.50216307375
p2_to_p1,random_diagonal,Pt77,0.126283076139,0.962492877493,1.47998107861
p2_to_p1,random_diagonal,Pt79,0.106631966951,0.976375043952,1.50216307375
p2_to_p1,random_diagonal,Pt8,0.0809520232848,0.985497076023,1.48037302966
p2_to_p1,random_diagonal,Pt80,0.120697394631,0.956329992968,1.50216307375
p2_to_p1,random_diagonal,Pt81,0.0867932364951,0.979066764133,1.47998107861
p2_to_p1,random_diagonal,Pt84,0.111905080497,0.967513020833,1.52280941791
p2_to_p1,random_diagonal,Pt85,0.115724278584,0.966861979167,1.52280941791
p2_to_p1,random_diagonal,Pt86,0.124577824653,0.967856413399,1.52280941791
p2_to_p1,random_diagonal,Pt88,0.192509260386,0.944075520833,1.52280941791
p2_to_p1,random_diagonal,Pt89,0.10887206347,0.972898065476,1.52280941791
p2_to_p1,random_diagonal,Pt9,0.132683424882,0.967787396122,1.48037302966
p2_to_p1,random_diagonal,Pt93,0.16109534286,0.96564360119,1.52280941791
p2_to_p1,random_diagonal,Pt94,0.0838184018285,0.989767020089,1.5518604146
p2_to_p1,random_diagonal,Pt95,0.267868738773,0.905370546656,1.52280941791
p2_to_p1,random_diagonal,Pt98,0.154908982037,0.954094617448,1.52286794153
p2_to_p1,random_diagonal,Pt99,0.186724327253,0.948386863426,1.52280941791
p2_to_p1,random_joint,Pt1,0.0693223589051,0.982807594645,1.41509404228
p2_to_p1,random_joint,Pt10,0.0747131663317,0.984998172515,1.41509404228
p2_to_p1,random_joint,Pt100,0.121781023199,0.965784265095,1.46064847741
p2_to_p1,random_joint,Pt101,0.112969613109,0.968624441964,1.46064847741
p2_to_p1,random_joint,Pt102,0.153841979414,0.9501953125,1.46064847741
p2_to_p1,random_joint,Pt103,0.147885374428,0.955811488722,1.45954335202
p2_to_p1,random_joint,Pt104,0.131322958246,0.96462983631,1.46064847741
p2_to_p1,random_joint,Pt105,0.0707014942424,0.978999255952,1.46064847741
p2_to_p1,random_joint,Pt106,0.163627911853,0.947488237263,1.46010257209
p2_to_p1,random_joint,Pt109,0.144211501507,0.963158275463,1.46091722494
p2_to_p1,random_joint,Pt11,0.0632353818518,0.99240497076,1.41509404228
p2_to_p1,random_joint,Pt111,0.114537536375,0.966764322917,1.46064847741
p2_to_p1,random_joint,Pt112,0.0921865807344,0.978343563988,1.46064847741
p2_to_p1,random_joint,Pt114,0.14617808556,0.954957217262,1.46064847741
p2_to_p1,random_joint,Pt116,0.105084695959,0.974435763889,1.46064847741
p2_to_p1,random_joint,Pt117,0.104450905405,0.973158482143,1.46064847741
p2_to_p1,random_joint,Pt119,0.141485857817,0.962609327585,1.46064847741
p2_to_p1,random_joint,Pt12,0.0622579350538,0.988815789474,1.41509404228
p2_to_p1,random_joint,Pt120,0.113399232225,0.971530877976,1.46064847741
p2_to_p1,random_joint,Pt121,0.156577288829,0.958001044747,1.46064847741
p2_to_p1,random_joint,Pt122,0.100644199181,0.97870617378,1.45954335202
p2_to_p1,random_joint,Pt123,0.116590354926,0.973856026786,1.46064847741
p2_to_p1,random_joint,Pt124,0.115424181877,0.968569155093,1.46064847741
p2_to_p1,random_joint,Pt125,0.178991519779,0.943768023703,1.46064847741
p2_to_p1,random_joint,Pt126,0.127812433755,0.975700401688,1.46064847741
p2_to_p1,random_joint,Pt127,0.093313789606,0.976767113095,1.46064847741
p2_to_p1,random_joint,Pt128,0.0985063134158,0.978701636905,1.46064847741
p2_to_p1,random_joint,Pt129,0.104539596555,0.973102678571,1.46064847741
p2_to_p1,random_joint,Pt13,0.0864641616234,0.98450888735,1.41509404228
p2_to_p1,random_joint,Pt134,0.11740110327,0.965202509418,1.46043474757
p2_to_p1,random_joint,Pt137,0.108474839295,0.970193066376,1.47197601259
p2_to_p1,random_joint,Pt142,0.0599683628192,1,1.50595861816
p2_to_p1,random_joint,Pt143,0.0967174310367,0.977725074405,1.46064847741
p2_to_p1,random_joint,Pt144,0.0851800525845,0.977297247024,1.46064847741
p2_to_p1,random_joint,Pt148,0.15262026555,0.960837260251,1.46064847741
p2_to_p1,random_joint,Pt149,0.0609467289134,1,1.50595861816
p2_to_p1,random_joint,Pt15,0.0915947563091,0.974500200321,1.43891238975
p2_to_p1,random_joint,Pt151,0.106004778342,0.971887947887,1.46064847741
p2_to_p1,random_joint,Pt17,0.111408863963,0.97438034188,1.41476085166
p2_to_p1,random_joint,Pt18,0.0922311313159,0.973688602903,1.41509404228
p2_to_p1,random_joint,Pt20,0.0991311172765,0.975255847953,1.41509404228
p2_to_p1,random_joint,Pt21,0.0575111939977,0.991191520468,1.41509404228
p2_to_p1,random_joint,Pt22,0.129441992048,0.968673433048,1.41476085166
p2_to_p1,random_joint,Pt23,0.0726702655191,0.983927875244,1.41509404228
p2_to_p1,random_joint,Pt24,0.0793738889761,0.979967489997,1.41509404228
p2_to_p1,random_joint,Pt25,0.0585883361249,0.988706140351,1.41509404228
p2_to_p1,random_joint,Pt26,0.0836999262433,0.975581140351,1.41509404228
p2_to_p1,random_joint,Pt28,0.0542287349102,0.987806267806,1.41476085166
p2_to_p1,random_joint,Pt29,0.0679408727196,0.987697368421,1.41509404228
p2_to_p1,random_joint,Pt3,0.0640971007981,0.980635964912,1.41509404228
p2_to_p1,random_joint,Pt31,0.0806644881335,0.981125730994,1.41509404228
p2_to_p1,random_joint,Pt32,0.14114544915,0.956217105263,1.41509404228
p2_to_p1,random_joint,Pt33,0.0713654140358,0.989992877493,1.41476085166
p2_to_p1,random_joint,Pt35,0.106828518887,0.971289173789,1.41476085166
p2_to_p1,random_joint,Pt37,0.063383999274,0.985783475783,1.41476085166
p2_to_p1,random_joint,Pt38,0.11342514298,0.965263532764,1.41476085166
p2_to_p1,random_joint,Pt39,0.0792991363038,0.982795584046,1.41476085166
p2_to_p1,random_joint,Pt40,0.0868115339815,0.988087606838,1.41476085166
p2_to_p1,random_joint,Pt42,0.058432054718,0.98589031339,1.41476085166
p2_to_p1,random_joint,Pt43,0.0861948691662,0.971772098516,1.41476085166
p2_to_p1,random_joint,Pt44,0.0765529203942,0.979963075424,1.41476085166
p2_to_p1,random_joint,Pt45,0.0869948791368,0.978048433048,1.41476085166
p2_to_p1,random_joint,Pt46,0.0961269191582,0.968525641026,1.41476085166
p2_to_p1,random_joint,Pt49,0.118901414336,0.960213675214,1.41476085166
p2_to_p1,random_joint,Pt50,0.101907262668,0.980172784392,1.43770466453
p2_to_p1,random_joint,Pt52,0.068948289184,0.989127492877,1.41476085166
p2_to_p1,random_joint,Pt54,0.113304049667,0.972227832588,1.44103319432
p2_to_p1,random_joint,Pt55,0.109747536789,0.97299363579,1.44960145639
p2_to_p1,random_joint,Pt56,0.0860666897306,0.980313390313,1.41476085166
p2_to_p1,random_joint,Pt57,0.0767273242007,0.981688034188,1.41476085166
p2_to_p1,random_joint,Pt58,0.0838555009464,0.977913105413,1.41476085166
p2_to_p1,random_joint,Pt59,0.0798653796633,0.986356650172,1.41476085166
p2_to_p1,random_joint,Pt6,0.0966467545408,0.974692506434,1.43805967686
p2_to_p1,random_joint,Pt61,0.0687400186528,0.988418803419,1.41476085166
p2_to_p1,random_joint,Pt62,0.0805619402578,0.977856125356,1.41476085166
p2_to_p1,random_joint,Pt63,0.104453457054,0.978543921356,1.43761893345
p2_to_p1,random_joint,Pt65,0.086090793147,0.98603988604,1.41476085166
p2_to_p1,random_joint,Pt66,0.0667140590899,0.986029202279,1.41476085166
p2_to_p1,random_joint,Pt67,0.108151996187,0.973229588394,1.41476085166
p2_to_p1,random_joint,Pt68,0.112927480823,0.970985407876,1.43844640517
p2_to_p1,random_joint,Pt7,0.0941297960771,0.974090297014,1.41509404228
p2_to_p1,random_joint,Pt70,0.120661997178,0.971160968661,1.41476085166
p2_to_p1,random_joint,Pt74,0.0731294095207,0.980404670865,1.41476085166
p2_to_p1,random_joint,Pt76,0.0897292671469,0.977665150316,1.43844640517
p2_to_p1,random_joint,Pt77,0.104608743324,0.966944444444,1.41476085166
p2_to_p1,random_joint,Pt79,0.0778488464072,0.980319642229,1.43844640517
p2_to_p1,random_joint,Pt8,0.0721829721502,0.986536915205,1.41509404228
p2_to_p1,random_joint,Pt80,0.118297616667,0.957616092922,1.43844640517
p2_to_p1,random_joint,Pt81,0.0742914124965,0.980206552707,1.41476085166
p2_to_p1,random_joint,Pt84,0.100213860815,0.971921502976,1.46064847741
p2_to_p1,random_joint,Pt85,0.100308560154,0.97205171131,1.46064847741
p2_to_p1,random_joint,Pt86,0.108289634088,0.971222534019,1.46064847741
p2_to_p1,random_joint,Pt88,0.172755533289,0.94861421131,1.46064847741
p2_to_p1,random_joint,Pt89,0.10461244968,0.974125744048,1.46064847741
p2_to_p1,random_joint,Pt9,0.132725747649,0.964396352724,1.41509404228
p2_to_p1,random_joint,Pt93,0.135340890953,0.970771329365,1.46064847741
p2_to_p1,random_joint,Pt94,0.0733863784074,0.990915643601,1.48330354778
p2_to_p1,random_joint,Pt95,0.230481279391,0.923897842056,1.46064847741
p2_to_p1,random_joint,Pt98,0.137152699073,0.95947409997,1.46069304211
p2_to_p1,random_joint,Pt99,0.170946690938,0.953602491344,1.46064847741
p2_to_p1,random_linear,Pt1,0.0611332741186,,
p2_to_p1,random_linear,Pt10,0.0744877337026,,
p2_to_p1,random_linear,Pt100,0.106166554268,,
p2_to_p1,random_linear,Pt101,0.106178041968,,
p2_to_p1,random_linear,Pt102,0.144402289205,,
p2_to_p1,random_linear,Pt103,0.129077566703,,
p2_to_p1,random_linear,Pt104,0.119690743222,,
p2_to_p1,random_linear,Pt105,0.0646078151124,,
p2_to_p1,random_linear,Pt106,0.149053021997,,
p2_to_p1,random_linear,Pt109,0.138291289448,,
p2_to_p1,random_linear,Pt11,0.0522275632653,,
p2_to_p1,random_linear,Pt111,0.101510596743,,
p2_to_p1,random_linear,Pt112,0.0847782090725,,
p2_to_p1,random_linear,Pt114,0.141683175665,,
p2_to_p1,random_linear,Pt116,0.0917736294907,,
p2_to_p1,random_linear,Pt117,0.0956544471116,,
p2_to_p1,random_linear,Pt119,0.127355136804,,
p2_to_p1,random_linear,Pt12,0.0548015922747,,
p2_to_p1,random_linear,Pt120,0.130362912237,,
p2_to_p1,random_linear,Pt121,0.144124566991,,
p2_to_p1,random_linear,Pt122,0.092076957041,,
p2_to_p1,random_linear,Pt123,0.106748902713,,
p2_to_p1,random_linear,Pt124,0.109923427122,,
p2_to_p1,random_linear,Pt125,0.178184232801,,
p2_to_p1,random_linear,Pt126,0.126736092839,,
p2_to_p1,random_linear,Pt127,0.0855906492045,,
p2_to_p1,random_linear,Pt128,0.106138600716,,
p2_to_p1,random_linear,Pt129,0.0973601050767,,
p2_to_p1,random_linear,Pt13,0.0697295587317,,
p2_to_p1,random_linear,Pt134,0.109109889541,,
p2_to_p1,random_linear,Pt137,0.103827289317,,
p2_to_p1,random_linear,Pt142,0.0941084585621,,
p2_to_p1,random_linear,Pt143,0.0889776381216,,
p2_to_p1,random_linear,Pt144,0.0751948534673,,
p2_to_p1,random_linear,Pt148,0.16226310359,,
p2_to_p1,random_linear,Pt149,0.0687353107458,,
p2_to_p1,random_linear,Pt15,0.082015655805,,
p2_to_p1,random_linear,Pt151,0.0954762858474,,
p2_to_p1,random_linear,Pt17,0.092548231892,,
p2_to_p1,random_linear,Pt18,0.0762858915558,,
p2_to_p1,random_linear,Pt20,0.0849302205798,,
p2_to_p1,random_linear,Pt21,0.0446206051356,,
p2_to_p1,random_linear,Pt22,0.119238484256,,
p2_to_p1,random_linear,Pt23,0.0664349225194,,
p2_to_p1,random_linear,Pt24,0.0660666038578,,
p2_to_p1,random_linear,Pt25,0.0459471109422,,
p2_to_p1,random_linear,Pt26,0.0708509527128,,
p2_to_p1,random_linear,Pt28,0.0553694320327,,
p2_to_p1,random_linear,Pt29,0.0567170265568,,
p2_to_p1,random_linear,Pt3,0.0501355880809,,
p2_to_p1,random_linear,Pt31,0.0743342176588,,
p2_to_p1,random_linear,Pt32,0.134913666139,,
p2_to_p1,random_linear,Pt33,0.0580589408396,,
p2_to_p1,random_linear,Pt35,0.100653678858,,
p2_to_p1,random_linear,Pt37,0.0574218605619,,
p2_to_p1,random_linear,Pt38,0.0926190666978,,
p2_to_p1,random_linear,Pt39,0.0693535764792,,
p2_to_p1,random_linear,Pt40,0.0751248792981,,
p2_to_p1,random_linear,Pt42,0.0462363687266,,
p2_to_p1,random_linear,Pt43,0.106018073265,,
p2_to_p1,random_linear,Pt44,0.0717506170893,,
p2_to_p1,random_linear,Pt45,0.0713100626091,,
p2_to_p1,random_linear,Pt46,0.0764810188891,,
p2_to_p1,random_linear,Pt49,0.102221546763,,
p2_to_p1,random_linear,Pt50,0.0950537120606,,
p2_to_p1,random_linear,Pt52,0.0546516848758,,
p2_to_p1,random_linear,Pt54,0.102091827564,,
p2_to_p1,random_linear,Pt55,0.0978177112568,,
p2_to_p1,random_linear,Pt56,0.072780370542,,
p2_to_p1,random_linear,Pt57,0.0647614616752,,
p2_to_p1,random_linear,Pt58,0.0673256176175,,
p2_to_p1,random_linear,Pt59,0.0681914621383,,
p2_to_p1,random_linear,Pt6,0.0866739833594,,
p2_to_p1,random_linear,Pt61,0.0541884985102,,
p2_to_p1,random_linear,Pt62,0.0685467299926,,
p2_to_p1,random_linear,Pt63,0.0926190981278,,
p2_to_p1,random_linear,Pt65,0.0756207143015,,
p2_to_p1,random_linear,Pt66,0.054991567085,,
p2_to_p1,random_linear,Pt67,0.0895017039923,,
p2_to_p1,random_linear,Pt68,0.120716357049,,
p2_to_p1,random_linear,Pt7,0.0828469908273,,
p2_to_p1,random_linear,Pt70,0.109668835013,,
p2_to_p1,random_linear,Pt74,0.0613951565903,,
p2_to_p1,random_linear,Pt76,0.0800009754966,,
p2_to_p1,random_linear,Pt77,0.10212339021,,
p2_to_p1,random_linear,Pt79,0.0733934369406,,
p2_to_p1,random_linear,Pt8,0.0615394484077,,
p2_to_p1,random_linear,Pt80,0.110874285072,,
p2_to_p1,random_linear,Pt81,0.0675104049066,,
p2_to_p1,random_linear,Pt84,0.0873717932301,,
p2_to_p1,random_linear,Pt85,0.0918305304083,,
p2_to_p1,random_linear,Pt86,0.104354283961,,
p2_to_p1,random_linear,Pt88,0.168424162658,,
p2_to_p1,random_linear,Pt89,0.0963789431134,,
p2_to_p1,random_linear,Pt9,0.130385279433,,
p2_to_p1,random_linear,Pt93,0.140091444975,,
p2_to_p1,random_linear,Pt94,0.0565640174621,,
p2_to_p1,random_linear,Pt95,0.217003476782,,
p2_to_p1,random_linear,Pt98,0.128668090276,,
p2_to_p1,random_linear,Pt99,0.156573515848,,
p2_to_p1,random_pchip,Pt1,0.044388447103,,
p2_to_p1,random_pchip,Pt10,0.0721964027295,,
p2_to_p1,random_pchip,Pt100,0.0890330904532,,
p2_to_p1,random_pchip,Pt101,0.0937084941718,,
p2_to_p1,random_pchip,Pt102,0.122812325227,,
p2_to_p1,random_pchip,Pt103,0.111490869215,,
p2_to_p1,random_pchip,Pt104,0.0936482725838,,
p2_to_p1,random_pchip,Pt105,0.0521628475059,,
p2_to_p1,random_pchip,Pt106,0.124332195778,,
p2_to_p1,random_pchip,Pt109,0.133014282183,,
p2_to_p1,random_pchip,Pt11,0.0493777657532,,
p2_to_p1,random_pchip,Pt111,0.0852075692406,,
p2_to_p1,random_pchip,Pt112,0.0938619558035,,
p2_to_p1,random_pchip,Pt114,0.119983682035,,
p2_to_p1,random_pchip,Pt116,0.0755417594297,,
p2_to_p1,random_pchip,Pt117,0.0894740711525,,
p2_to_p1,random_pchip,Pt119,0.115205385107,,
p2_to_p1,random_pchip,Pt12,0.0542918605753,,
p2_to_p1,random_pchip,Pt120,0.137389453106,,
p2_to_p1,random_pchip,Pt121,0.124610956808,,
p2_to_p1,random_pchip,Pt122,0.0850209775229,,
p2_to_p1,random_pchip,Pt123,0.0778086112672,,
p2_to_p1,random_pchip,Pt124,0.111324057202,,
p2_to_p1,random_pchip,Pt125,0.158455331844,,
p2_to_p1,random_pchip,Pt126,0.118496479992,,
p2_to_p1,random_pchip,Pt127,0.0764834968058,,
p2_to_p1,random_pchip,Pt128,0.0906925104044,,
p2_to_p1,random_pchip,Pt129,0.0768981761546,,
p2_to_p1,random_pchip,Pt13,0.0600028590691,,
p2_to_p1,random_pchip,Pt134,0.100218540288,,
p2_to_p1,random_pchip,Pt137,0.0955329949355,,
p2_to_p1,random_pchip,Pt142,0.10233513097,,
p2_to_p1,random_pchip,Pt143,0.0727021415808,,
p2_to_p1,random_pchip,Pt144,0.061860456488,,
p2_to_p1,random_pchip,Pt148,0.169382495356,,
p2_to_p1,random_pchip,Pt149,0.0610776412229,,
p2_to_p1,random_pchip,Pt15,0.0580206782519,,
p2_to_p1,random_pchip,Pt151,0.0714975812338,,
p2_to_p1,random_pchip,Pt17,0.0820467386551,,
p2_to_p1,random_pchip,Pt18,0.0795907169536,,
p2_to_p1,random_pchip,Pt20,0.0818378121892,,
p2_to_p1,random_pchip,Pt21,0.0380047270076,,
p2_to_p1,random_pchip,Pt22,0.104112986697,,
p2_to_p1,random_pchip,Pt23,0.0599480819674,,
p2_to_p1,random_pchip,Pt24,0.0535299251608,,
p2_to_p1,random_pchip,Pt25,0.040414304932,,
p2_to_p1,random_pchip,Pt26,0.0697470187542,,
p2_to_p1,random_pchip,Pt28,0.0534023372402,,
p2_to_p1,random_pchip,Pt29,0.0408315651923,,
p2_to_p1,random_pchip,Pt3,0.0416587089229,,
p2_to_p1,random_pchip,Pt31,0.0759666322618,,
p2_to_p1,random_pchip,Pt32,0.10999516207,,
p2_to_p1,random_pchip,Pt33,0.0428819153503,,
p2_to_p1,random_pchip,Pt35,0.09456883632,,
p2_to_p1,random_pchip,Pt37,0.0448452138081,,
p2_to_p1,random_pchip,Pt38,0.0797698681303,,
p2_to_p1,random_pchip,Pt39,0.0532016947704,,
p2_to_p1,random_pchip,Pt40,0.0748049252522,,
p2_to_p1,random_pchip,Pt42,0.0339899155223,,
p2_to_p1,random_pchip,Pt43,0.118983300499,,
p2_to_p1,random_pchip,Pt44,0.0727981595044,,
p2_to_p1,random_pchip,Pt45,0.0628996786733,,
p2_to_p1,random_pchip,Pt46,0.0704336468673,,
p2_to_p1,random_pchip,Pt49,0.0841871115342,,
p2_to_p1,random_pchip,Pt50,0.0872893891056,,
p2_to_p1,random_pchip,Pt52,0.045251604099,,
p2_to_p1,random_pchip,Pt54,0.09049741742,,
p2_to_p1,random_pchip,Pt55,0.0817574808084,,
p2_to_p1,random_pchip,Pt56,0.0576893603535,,
p2_to_p1,random_pchip,Pt57,0.0465748436721,,
p2_to_p1,random_pchip,Pt58,0.0550981072924,,
p2_to_p1,random_pchip,Pt59,0.0650923587259,,
p2_to_p1,random_pchip,Pt6,0.0711564123734,,
p2_to_p1,random_pchip,Pt61,0.0487330031916,,
p2_to_p1,random_pchip,Pt62,0.0627518559288,,
p2_to_p1,random_pchip,Pt63,0.0642144345462,,
p2_to_p1,random_pchip,Pt65,0.0724462880933,,
p2_to_p1,random_pchip,Pt66,0.0409900514841,,
p2_to_p1,random_pchip,Pt67,0.0723952098179,,
p2_to_p1,random_pchip,Pt68,0.120788024484,,
p2_to_p1,random_pchip,Pt7,0.0754389498067,,
p2_to_p1,random_pchip,Pt70,0.0999130042392,,
p2_to_p1,random_pchip,Pt74,0.0517786583345,,
p2_to_p1,random_pchip,Pt76,0.0629608754114,,
p2_to_p1,random_pchip,Pt77,0.100596478948,,
p2_to_p1,random_pchip,Pt79,0.0644760404375,,
p2_to_p1,random_pchip,Pt8,0.0565350781683,,
p2_to_p1,random_pchip,Pt80,0.0726081330683,,
p2_to_p1,random_pchip,Pt81,0.0585087024888,,
p2_to_p1,random_pchip,Pt84,0.0787179628809,,
p2_to_p1,random_pchip,Pt85,0.065640626471,,
p2_to_p1,random_pchip,Pt86,0.0991968550574,,
p2_to_p1,random_pchip,Pt88,0.179804486083,,
p2_to_p1,random_pchip,Pt89,0.0702266694448,,
p2_to_p1,random_pchip,Pt9,0.136039033576,,
p2_to_p1,random_pchip,Pt93,0.133874111213,,
p2_to_p1,random_pchip,Pt94,0.0566195988496,,
p2_to_p1,random_pchip,Pt95,0.205715811349,,
p2_to_p1,random_pchip,Pt98,0.119076762638,,
p2_to_p1,random_pchip,Pt99,0.12034207425,,
