context,policy,seed,budget_average_rmse
FAC,random,0,0.0788998346208774
FAC,random,1,0.07999039452570883
FAC,random,2,0.08571720022998754
FAC,random,3,0.07993422178556103
FAC,random,4,0.07367196221458011
FAC,random,5,0.09071468258935753
FAC,random,6,0.07792569127480947
FAC,random,7,0.06336132997845047
FAC,random,8,0.06619081148980804
FAC,random,9,0.09089507723706251
FAC,random,10,0.08021851521716941
FAC,random,11,0.07755410084340973
FAC,random,12,0.08008338690131188
FAC,random,13,0.08144481972095224
FAC,random,14,0.07040772729312286
FAC,random,15,0.06437489272852177
FAC,random,16,0.08472111416300113
FAC,random,17,0.07915175946289187
FAC,random,18,0.09839093831125503
FAC,random,19,0.08152868959874278
FAC,random,20,0.08454000907152563
FAC,random,21,0.06949677398772297
FAC,random,22,0.08291770116524218
FAC,random,23,0.07137582468098444
FAC,random,24,0.06992914886842656
FAC,random,25,0.08036494843039144
FAC,random,26,0.08478353832062598
FAC,random,27,0.10411213117811821
FAC,random,28,0.07629495950933363
FAC,random,29,0.09043409174749374
FAC,random,30,0.07349977672340825
FAC,random,31,0.07619421374702531
FAC,random,32,0.07933178880103343
FAC,random,33,0.08205358438943523
FAC,random,34,0.08872736269855169
FAC,random,35,0.08684132012520036
FAC,random,36,0.07953570301985612
FAC,random,37,0.06575350287559362
FAC,random,38,0.0924009030194076
FAC,random,39,0.08210681474720467
FAC,random,40,0.09445302645751726
FAC,random,41,0.06715549546493123
FAC,random,42,0.07483505735485238
FAC,random,43,0.08279663256597464
FAC,random,44,0.079591360492604
FAC,random,45,0.07384072479369323
FAC,random,46,0.08419688788723749
FAC,random,47,0.07975011949191536
FAC,random,48,0.08305103707174091
FAC,random,49,0.08871542923609299
FAC,ridge_variance,0,0.07743750787363313
FAC,space_filling,0,0.07515308660884523
OLA-IBET,random,0,0.1215781636617398
OLA-IBET,random,1,0.13155794194322903
OLA-IBET,random,2,0.12225810156742148
OLA-IBET,random,3,0.11998699506659206
OLA-IBET,random,4,0.09294586460087305
OLA-IBET,random,5,0.1159012507996593
OLA-IBET,random,6,0.13703915745870304
OLA-IBET,random,7,0.10684589114419382
OLA-IBET,random,8,0.11386741590354736
OLA-IBET,random,9,0.11313548332219706
OLA-IBET,random,10,0.12592482151523202
OLA-IBET,random,11,0.11941495407216755
OLA-IBET,random,12,0.11518979439682134
OLA-IBET,random,13,0.10653945282063404
OLA-IBET,random,14,0.11267402227471984
OLA-IBET,random,15,0.11387334505679593
OLA-IBET,random,16,0.11776768936553587
OLA-IBET,random,17,0.12270269576242544
OLA-IBET,random,18,0.10895732640486895
OLA-IBET,random,19,0.1295937384748103
OLA-IBET,random,20,0.14230611048286462
OLA-IBET,random,21,0.13365468620778995
OLA-IBET,random,22,0.12165860746649206
OLA-IBET,random,23,0.11121551904477592
OLA-IBET,random,24,0.1339728278579886
OLA-IBET,random,25,0.12565972796978134
OLA-IBET,random,26,0.12474696713415724
OLA-IBET,random,27,0.10465676350944782
OLA-IBET,random,28,0.1097777476372372
OLA-IBET,random,29,0.1118172366950168
OLA-IBET,random,30,0.12869160539351288
OLA-IBET,random,31,0.11245472099791419
OLA-IBET,random,32,0.12310495752616407
OLA-IBET,random,33,0.12028173250716057
OLA-IBET,random,34,0.10895724072221644
OLA-IBET,random,35,0.11748408012089488
OLA-IBET,random,36,0.12321919836068797
OLA-IBET,random,37,0.11002732728725967
OLA-IBET,random,38,0.13625714960807153
OLA-IBET,random,39,0.12865917952800784
OLA-IBET,random,40,0.11332933093757962
OLA-IBET,random,41,0.10813661957134003
OLA-IBET,random,42,0.11731214264267759
OLA-IBET,random,43,0.12322408929209303
OLA-IBET,random,44,0.1121646160663102
OLA-IBET,random,45,0.12070213411252671
OLA-IBET,random,46,0.1219325217077689
OLA-IBET,random,47,0.12714681989754592
OLA-IBET,random,48,0.11312659610255502
OLA-IBET,random,49,0.11229607393521009
OLA-IBET,ridge_variance,0,0.11536418224972501
OLA-IBET,space_filling,0,0.12213036827326557
