context,policy,budget,mean_rmse,mean_mae,seed_min_rmse,seed_max_rmse
FAC,random,0,0.0794577851207013,0.07140827919156449,0.0794577851207013,0.0794577851207013
FAC,random,1,0.07881992871503957,0.07084635965603739,0.06311293016605729,0.09206391882091725
FAC,random,2,0.0796432001008717,0.07129463015909529,0.062142088163725635,0.10109768887508475
FAC,random,3,0.07880788121493647,0.07008163004670319,0.057810228589837385,0.09848534804702255
FAC,random,4,0.07914898602964973,0.07006270015591755,0.05768661365253831,0.10825708676122948
FAC,random,5,0.08011754663578112,0.07073458244686313,0.05954587856633345,0.11427547540491442
FAC,random,6,0.08040060481391667,0.0709442306440326,0.05835948121764064,0.11150206746429145
FAC,random,7,0.0798274157074744,0.07036098615522367,0.05641194176297691,0.11048018393002594
FAC,random,8,0.08051015343094887,0.07061336047030932,0.056117222270458234,0.10998957254461096
FAC,random,9,0.079888408020067,0.06969101310274867,0.056959622516461486,0.1109253870220089
FAC,random,10,0.07951555013326096,0.06909106682797014,0.05706041920898317,0.1111443023754442
FAC,random,11,0.08007633281066778,0.06970714490198132,0.05696041160582274,0.10909091902672552
FAC,random,12,0.08189613403678546,0.07075132563365587,0.05772422727982936,0.10640873114574846
FAC,random,13,0.08269127656920233,0.07113431609261156,0.0606530912153901,0.10869266455991763
FAC,random,14,0.0817638139018061,0.07006115996649787,0.06053726911007417,0.10974699393880304
FAC,random,15,0.08288196150431668,0.07104229250382496,0.06507940877239762,0.11125121651637661
FAC,ridge_variance,0,0.0794577851207013,0.07140827919156449,0.0794577851207013,0.0794577851207013
FAC,ridge_variance,1,0.09206391882091725,0.08285078741138556,0.09206391882091725,0.09206391882091725
FAC,ridge_variance,2,0.08700498156744321,0.07727338012353582,0.08700498156744321,0.08700498156744321
FAC,ridge_variance,3,0.08482478259813797,0.07548088154463363,0.08482478259813797,0.08482478259813797
FAC,ridge_variance,4,0.08363369392387025,0.0749037560733814,0.08363369392387025,0.08363369392387025
FAC,ridge_variance,5,0.07954976013941621,0.07151972058419966,0.07954976013941621,0.07954976013941621
FAC,ridge_variance,6,0.07541692064249833,0.06398509370148174,0.07541692064249833,0.07541692064249833
FAC,ridge_variance,7,0.07492541274545395,0.06496929947557598,0.07492541274545395,0.07492541274545395
FAC,ridge_variance,8,0.0764821388295383,0.0682839286949063,0.0764821388295383,0.0764821388295383
FAC,ridge_variance,9,0.07011304891821304,0.06282517395931739,0.07011304891821304,0.07011304891821304
FAC,ridge_variance,10,0.07074107143402801,0.06352864046722188,0.07074107143402801,0.07074107143402801
FAC,ridge_variance,11,0.07073060687169216,0.06351599032127278,0.07073060687169216,0.07073060687169216
FAC,ridge_variance,12,0.07343720508182897,0.06633874021153544,0.07343720508182897,0.07343720508182897
FAC,ridge_variance,13,0.07314307383995043,0.06596630393230289,0.07314307383995043,0.07314307383995043
FAC,ridge_variance,14,0.07317225240960357,0.0660973493813953,0.07317225240960357,0.07317225240960357
FAC,ridge_variance,15,0.07318971544311334,0.0659253546400647,0.07318971544311334,0.07318971544311334
FAC,space_filling,0,0.0794577851207013,0.07140827919156449,0.0794577851207013,0.0794577851207013
FAC,space_filling,1,0.09206391882091725,0.08285078741138556,0.09206391882091725,0.09206391882091725
FAC,space_filling,2,0.09191465218776812,0.08287058371387922,0.09191465218776812,0.09191465218776812
FAC,space_filling,3,0.08028494981813418,0.07264631083921147,0.08028494981813418,0.08028494981813418
FAC,space_filling,4,0.07633441701401267,0.06888955652490313,0.07633441701401267,0.07633441701401267
FAC,space_filling,5,0.0702445125498128,0.05883495157044653,0.0702445125498128,0.0702445125498128
FAC,space_filling,6,0.07104767917860604,0.05901975990337464,0.07104767917860604,0.07104767917860604
FAC,space_filling,7,0.07441652540265074,0.06283933514738438,0.07441652540265074,0.07441652540265074
FAC,space_filling,8,0.06747848791091508,0.05717597278210751,0.06747848791091508,0.06747848791091508
FAC,space_filling,9,0.06782487588105715,0.05802552581955324,0.06782487588105715,0.06782487588105715
FAC,space_filling,10,0.07120727654325774,0.0641084002588013,0.07120727654325774,0.07120727654325774
FAC,space_filling,11,0.07094137694317776,0.06389634425123251,0.07094137694317776,0.07094137694317776
FAC,space_filling,12,0.07137553777800527,0.06432094975818949,0.07137553777800527,0.07137553777800527
FAC,space_filling,13,0.07164025189359986,0.06457404518535796,0.07164025189359986,0.07164025189359986
FAC,space_filling,14,0.0723171957878792,0.06510473088311655,0.0723171957878792,0.0723171957878792
FAC,space_filling,15,0.07695149772506779,0.0687840484295195,0.07695149772506779,0.07695149772506779
OLA-IBET,random,0,0.13482948302659928,0.12523659154296582,0.13482948302659928,0.13482948302659928
OLA-IBET,random,1,0.12864730108211808,0.11844464348177176,0.10299553598887384,0.15257775088621345
OLA-IBET,random,2,0.12562260718512058,0.11505663408640202,0.0956874928572301,0.15606257410655755
OLA-IBET,random,3,0.12364401459166635,0.11285472878298114,0.09094736280093037,0.15746539146079444
OLA-IBET,random,4,0.12206861378163149,0.11111663273455427,0.09441297387978903,0.1607786428256544
OLA-IBET,random,5,0.12072684813988005,0.10964095365949031,0.09282339764016637,0.15214782560283885
OLA-IBET,random,6,0.118398526113887,0.10708270917689822,0.08615156471981737,0.15307401099366993
OLA-IBET,random,7,0.11795617289949988,0.10666042656875373,0.08570201056574514,0.1546353823969882
OLA-IBET,random,8,0.11676693389660571,0.10544634405080848,0.08356445638206067,0.145401412753024
OLA-IBET,random,9,0.11704536546556435,0.10577573740934604,0.0857144687628469,0.14844765540104962
OLA-IBET,random,10,0.11502973058129821,0.10356660540505891,0.0867673728257095,0.14322837378283612
OLA-IBET,random,11,0.11481999187756134,0.10336065428766263,0.09106995189122206,0.14521310933188838
OLA-IBET,random,12,0.1137781210142274,0.10220275958737175,0.09197498043534628,0.13936178668859234
OLA-IBET,random,13,0.1132211101668833,0.10161544707660514,0.0920357804495887,0.13630593602102226
OLA-IBET,random,14,0.11219314551520089,0.10045508182642568,0.08953091638981751,0.13394349964817087
OLA-IBET,random,15,0.11277061391224143,0.10113403259916648,0.09211952734486661,0.1410235570501557
OLA-IBET,ridge_variance,0,0.13482948302659928,0.12523659154296582,0.13482948302659928,0.13482948302659928
OLA-IBET,ridge_variance,1,0.11923288447795354,0.10799255723350494,0.11923288447795354,0.11923288447795354
OLA-IBET,ridge_variance,2,0.11787265684308082,0.1064903436870706,0.11787265684308082,0.11787265684308082
OLA-IBET,ridge_variance,3,0.12510366988044322,0.11478230996642305,0.12510366988044322,0.12510366988044322
OLA-IBET,ridge_variance,4,0.11420573523410903,0.10317764745082125,0.11420573523410903,0.11420573523410903
OLA-IBET,ridge_variance,5,0.11246129080945022,0.10114497487873045,0.11246129080945022,0.11246129080945022
OLA-IBET,ridge_variance,6,0.11715205816224865,0.10613172869111101,0.11715205816224865,0.11715205816224865
OLA-IBET,ridge_variance,7,0.11027405577901593,0.09859779548387389,0.11027405577901593,0.11027405577901593
OLA-IBET,ridge_variance,8,0.11260879965990848,0.10110340572825711,0.11260879965990848,0.11260879965990848
OLA-IBET,ridge_variance,9,0.11160046779410411,0.09998955717451835,0.11160046779410411,0.11160046779410411
OLA-IBET,ridge_variance,10,0.11493632647206008,0.10364966719258754,0.11493632647206008,0.11493632647206008
OLA-IBET,ridge_variance,11,0.11275289581977879,0.1011751268564923,0.11275289581977879,0.11275289581977879
OLA-IBET,ridge_variance,12,0.11152546556465387,0.09985248969420221,0.11152546556465387,0.11152546556465387
OLA-IBET,ridge_variance,13,0.11415301684468708,0.10288811308768553,0.11415301684468708,0.11415301684468708
OLA-IBET,ridge_variance,14,0.11235098505242326,0.10090621475519239,0.11235098505242326,0.11235098505242326
OLA-IBET,ridge_variance,15,0.11363536767731675,0.10229321449656377,0.11363536767731675,0.11363536767731675
OLA-IBET,space_filling,0,0.13482948302659928,0.12523659154296582,0.13482948302659928,0.13482948302659928
OLA-IBET,space_filling,1,0.11923288447795354,0.10799255723350494,0.11923288447795354,0.11923288447795354
OLA-IBET,space_filling,2,0.11787265684308082,0.1064903436870706,0.11787265684308082,0.11787265684308082
OLA-IBET,space_filling,3,0.12510366988044322,0.11478230996642305,0.12510366988044322,0.12510366988044322
OLA-IBET,space_filling,4,0.13470577190360647,0.12543399412374767,0.13470577190360647,0.13470577190360647
OLA-IBET,space_filling,5,0.11825888527667927,0.1076830012061678,0.11825888527667927,0.11825888527667927
OLA-IBET,space_filling,6,0.12278995282926156,0.11254035477682138,0.12278995282926156,0.12278995282926156
OLA-IBET,space_filling,7,0.11866546028074622,0.10797262934575551,0.11866546028074622,0.11866546028074622
OLA-IBET,space_filling,8,0.12105614039298399,0.11047940090047766,0.12105614039298399,0.12105614039298399
OLA-IBET,space_filling,9,0.12432954538569031,0.11388547884456908,0.12432954538569031,0.12432954538569031
OLA-IBET,space_filling,10,0.12192646312759679,0.11134027180703146,0.12192646312759679,0.12192646312759679
OLA-IBET,space_filling,11,0.12343816399161818,0.11295249676323782,0.12343816399161818,0.12343816399161818
OLA-IBET,space_filling,12,0.11990310713372612,0.10907121666414407,0.11990310713372612,0.11990310713372612
OLA-IBET,space_filling,13,0.11469867787188863,0.10341794436662748,0.11469867787188863,0.11469867787188863
OLA-IBET,space_filling,14,0.12097722028285923,0.11021797754798968,0.12097722028285923,0.12097722028285923
OLA-IBET,space_filling,15,0.1231643658151002,0.1127267022599003,0.1231643658151002,0.1231643658151002
