policy,budget,macro_rmse,threshold_error,n_compounds
mixture_variance,2,26.321760366900964,0.13888888888888887,6
mixture_variance,3,23.804949761701838,0.13888888888888887,6
mixture_variance,4,24.3884968604054,0.13888888888888887,6
mixture_variance,5,27.230966606197164,0.16666666666666666,5
random,2,26.321760366900964,0.13888888888888887,6
random,3,24.99129680899632,0.13888888888888887,6
random,4,24.21655317261276,0.13888888888888887,6
random,5,27.230966606197182,0.16666666666666666,5
space_filling,2,26.321760366900964,0.13888888888888887,6
space_filling,3,24.25306667362669,0.13888888888888887,6
space_filling,4,24.221197889818068,0.13888888888888887,6
space_filling,5,27.230966606197164,0.16666666666666666,5
