policy,method,budget,mse,rmse
control_first_space,constant,3,1.25144326624,1.11867925083
control_first_space,constant,4,1.24472210866,1.11567114718
control_first_space,constant,5,1.14798886035,1.07144242045
control_first_space,constant,6,1.15509463793,1.07475329166
control_first_space,constant,7,1.13808259284,1.06680953916
control_first_space,constant,8,1.11108889435,1.054082015
control_first_space,constant,9,1.11300126093,1.05498874919
control_first_space,constant,10,1.11511680597,1.05599091188
control_first_space,constant,11,1.11173946221,1.05439056436
control_first_space,constant,12,1.1118382033,1.05443738709
control_first_space,constant,13,1.10490020171,1.0511423318
control_first_space,constant,14,1.10604172021,1.05168518113
control_first_space,constant,15,1.10293668383,1.05020792409
control_first_space,constant,16,1.09822857073,1.04796401214
control_first_space,linear,3,0.554463424738,0.744623008467
control_first_space,linear,4,0.543875352226,0.737479052059
control_first_space,linear,5,0.416107951679,0.645064300422
control_first_space,linear,6,0.38616403723,0.62142098229
control_first_space,linear,7,0.358118607176,0.598430118874
control_first_space,linear,8,0.354048642088,0.595019866969
control_first_space,linear,9,0.375432266976,0.612725278552
control_first_space,linear,10,0.368885578959,0.607359513763
control_first_space,linear,11,0.352102897078,0.593382589126
control_first_space,linear,12,0.352102644263,0.593382376097
control_first_space,linear,13,0.326799796425,0.571664059064
control_first_space,linear,14,0.325049230562,0.570130888974
control_first_space,linear,15,0.317870202032,0.56379978896
control_first_space,linear,16,0.28955279162,0.538101097955
control_first_space,pchip,3,0.788330029041,0.887879512682
control_first_space,pchip,4,0.733153533769,0.856243851814
control_first_space,pchip,5,0.44015926892,0.663445000675
control_first_space,pchip,6,0.387898396941,0.622814897816
control_first_space,pchip,7,0.365342012424,0.604435283901
control_first_space,pchip,8,0.35614404951,0.596778057162
control_first_space,pchip,9,0.375432266976,0.612725278552
control_first_space,pchip,10,0.368885578959,0.607359513763
control_first_space,pchip,11,0.352102897078,0.593382589126
control_first_space,pchip,12,0.352102644263,0.593382376097
control_first_space,pchip,13,0.326799796425,0.571664059064
control_first_space,pchip,14,0.325049230562,0.570130888974
control_first_space,pchip,15,0.317870202032,0.56379978896
control_first_space,pchip,16,0.28955279162,0.538101097955
random,constant,3,1.25144326624,1.11867925083
random,constant,4,1.21611552548,1.10277628079
random,constant,5,1.18571527342,1.08890553926
random,constant,6,1.15390533519,1.07419985812
random,constant,7,1.1327135975,1.06429018482
random,constant,8,1.12229518914,1.05938434439
random,constant,9,1.11544499814,1.0561462958
random,constant,10,1.11440711807,1.05565482904
random,constant,11,1.10934973252,1.05325672679
random,constant,12,1.10749638316,1.05237654058
random,constant,13,1.10328154206,1.05037209696
random,constant,14,1.10273147103,1.05011021852
random,constant,15,1.09953173673,1.04858558865
random,constant,16,1.09822857073,1.04796401214
random,linear,3,0.554463424738,0.744623008467
random,linear,4,0.473651583297,0.688223498071
random,linear,5,0.416148610818,0.645095815223
random,linear,6,0.37828422056,0.615048144913
random,linear,7,0.361060963097,0.600883485459
random,linear,8,0.353550343681,0.594600995358
random,linear,9,0.343419025861,0.58601964631
random,linear,10,0.336309518864,0.579921993775
random,linear,11,0.330391915085,0.57479728173
random,linear,12,0.31834854445,0.564223842504
random,linear,13,0.312132776738,0.558688443355
random,linear,14,0.308543083949,0.555466546202
random,linear,15,0.29776309529,0.545676731491
random,linear,16,0.28955279162,0.538101097955
random,pchip,3,0.788330029041,0.887879512682
random,pchip,4,0.562896397218,0.750264218271
random,pchip,5,0.434097282936,0.658860594463
random,pchip,6,0.385365293725,0.620777974581
random,pchip,7,0.363760475319,0.603125588347
random,pchip,8,0.356060344572,0.59670792233
random,pchip,9,0.344868176184,0.587254779618
random,pchip,10,0.336898821804,0.580429859505
random,pchip,11,0.330625987959,0.575000859094
random,pchip,12,0.318444014271,0.564308438951
random,pchip,13,0.312272964465,0.558813890723
random,pchip,14,0.308543083949,0.555466546202
random,pchip,15,0.29776309529,0.545676731491
random,pchip,16,0.28955279162,0.538101097955
space_filling,constant,3,1.25144326624,1.11867925083
space_filling,constant,4,1.16965979857,1.08150811304
space_filling,constant,5,1.16102622955,1.07750927121
space_filling,constant,6,1.14275669617,1.06899798698
space_filling,constant,7,1.12129383956,1.05891162972
space_filling,constant,8,1.12972409801,1.06288479997
space_filling,constant,9,1.11300126093,1.05498874919
space_filling,constant,10,1.11511680597,1.05599091188
space_filling,constant,11,1.11173946221,1.05439056436
space_filling,constant,12,1.1118382033,1.05443738709
space_filling,constant,13,1.10490020171,1.0511423318
space_filling,constant,14,1.10604172021,1.05168518113
space_filling,constant,15,1.10293668383,1.05020792409
space_filling,constant,16,1.09822857073,1.04796401214
space_filling,linear,3,0.554463424738,0.744623008467
space_filling,linear,4,0.442544603437,0.665240259934
space_filling,linear,5,0.407669114006,0.638489713313
space_filling,linear,6,0.377033074432,0.614030190163
space_filling,linear,7,0.369524428152,0.607885209683
space_filling,linear,8,0.392155104065,0.62622288689
space_filling,linear,9,0.375432266976,0.612725278552
space_filling,linear,10,0.368885578959,0.607359513763
space_filling,linear,11,0.352102897078,0.593382589126
space_filling,linear,12,0.352102644263,0.593382376097
space_filling,linear,13,0.326799796425,0.571664059064
space_filling,linear,14,0.325049230562,0.570130888974
space_filling,linear,15,0.317870202032,0.56379978896
space_filling,linear,16,0.28955279162,0.538101097955
space_filling,pchip,3,0.788330029041,0.887879512682
space_filling,pchip,4,0.471697461179,0.68680234506
space_filling,pchip,5,0.412147839348,0.641987413699
space_filling,pchip,6,0.387334316257,0.622361885286
space_filling,pchip,7,0.371569327849,0.609564867631
space_filling,pchip,8,0.392155104065,0.62622288689
space_filling,pchip,9,0.375432266976,0.612725278552
space_filling,pchip,10,0.368885578959,0.607359513763
space_filling,pchip,11,0.352102897078,0.593382589126
space_filling,pchip,12,0.352102644263,0.593382376097
space_filling,pchip,13,0.326799796425,0.571664059064
space_filling,pchip,14,0.325049230562,0.570130888974
space_filling,pchip,15,0.317870202032,0.56379978896
space_filling,pchip,16,0.28955279162,0.538101097955
