noise_sd,length_scale,compound,policy,budget,squared_error,threshold_error,rmse
10,0.75,Clozapine,decision_voi,2,814.4690243994677,0.0,28.538903700027927
10,0.75,Clozapine,decision_voi,3,803.4173615481747,0.0,28.344617858566636
10,0.75,Clozapine,decision_voi,4,591.2920305650997,0.0,24.31649708665086
10,0.75,Clozapine,decision_voi,5,450.7578371401211,0.0,21.23105831418022
10,0.75,Clozapine,decision_voi_adaptive,2,814.4690243994677,0.0,28.538903700027927
10,0.75,Clozapine,decision_voi_adaptive,3,803.4173615481747,0.0,28.344617858566636
10,0.75,Clozapine,decision_voi_adaptive,4,591.2920305650997,0.0,24.31649708665086
10,0.75,Clozapine,decision_voi_adaptive,5,450.7578371401211,0.0,21.23105831418022
10,0.75,Clozapine,integrated_variance,2,814.4690243994677,0.0,28.538903700027927
10,0.75,Clozapine,integrated_variance,3,602.1922752496054,0.0,24.539606257020615
10,0.75,Clozapine,integrated_variance,4,518.0088435204739,0.0,22.759807633643874
10,0.75,Clozapine,integrated_variance,5,450.7578371401211,0.0,21.23105831418022
10,0.75,Clozapine,random,2,814.4690243994677,0.0,28.538903700027927
10,0.75,Clozapine,random,3,719.9414649654104,0.0,26.831724971857668
10,0.75,Clozapine,random,4,564.1615527000464,0.0,23.752085228460395
10,0.75,Clozapine,random,5,450.7578371401211,0.0,21.23105831418022
10,0.75,Clozapine,space_filling,2,814.4690243994677,0.0,28.538903700027927
10,0.75,Clozapine,space_filling,3,611.2042756092063,0.0,24.72254589659419
10,0.75,Clozapine,space_filling,4,591.2920305650995,0.0,24.316497086650855
10,0.75,Clozapine,space_filling,5,450.7578371401211,0.0,21.23105831418022
10,0.75,Levofloxacin,decision_voi,2,617.6784367645447,0.0,24.853137362605647
10,0.75,Levofloxacin,decision_voi,3,291.2524471193198,0.0,17.066119861272504
10,0.75,Levofloxacin,decision_voi,4,295.6529594288314,0.0,17.19456191442025
10,0.75,Levofloxacin,decision_voi_adaptive,2,617.6784367645447,0.0,24.853137362605647
10,0.75,Levofloxacin,decision_voi_adaptive,3,291.2524471193198,0.0,17.066119861272504
10,0.75,Levofloxacin,decision_voi_adaptive,4,295.6529594288314,0.0,17.19456191442025
10,0.75,Levofloxacin,integrated_variance,2,617.6784367645447,0.0,24.853137362605647
10,0.75,Levofloxacin,integrated_variance,3,296.1983386335417,0.0,17.21041366828647
10,0.75,Levofloxacin,integrated_variance,4,295.6529594288314,0.0,17.19456191442025
10,0.75,Levofloxacin,random,2,617.6784367645447,0.0,24.853137362605647
10,0.75,Levofloxacin,random,3,393.4953238882115,0.0,19.836716560162156
10,0.75,Levofloxacin,random,4,295.6529594288314,0.0,17.19456191442025
10,0.75,Levofloxacin,space_filling,2,617.6784367645447,0.0,24.853137362605647
10,0.75,Levofloxacin,space_filling,3,296.1983386335417,0.0,17.21041366828647
10,0.75,Levofloxacin,space_filling,4,295.6529594288314,0.0,17.19456191442025
10,0.75,Olanzapine,decision_voi,2,493.30849369677713,0.0,22.210549153426555
10,0.75,Olanzapine,decision_voi,3,415.3368982771447,0.0,20.379815952975257
10,0.75,Olanzapine,decision_voi,4,463.6270062175582,0.0,21.531999587069432
10,0.75,Olanzapine,decision_voi,5,522.351959818097,0.0,22.85502045105401
10,0.75,Olanzapine,decision_voi_adaptive,2,493.30849369677713,0.0,22.210549153426555
10,0.75,Olanzapine,decision_voi_adaptive,3,415.3368982771447,0.0,20.379815952975257
10,0.75,Olanzapine,decision_voi_adaptive,4,463.6270062175582,0.0,21.531999587069432
10,0.75,Olanzapine,decision_voi_adaptive,5,522.351959818097,0.0,22.85502045105401
10,0.75,Olanzapine,integrated_variance,2,493.30849369677713,0.0,22.210549153426555
10,0.75,Olanzapine,integrated_variance,3,430.4823825778157,0.0,20.74806936989116
10,0.75,Olanzapine,integrated_variance,4,463.6270062175582,0.0,21.531999587069432
10,0.75,Olanzapine,integrated_variance,5,522.351959818097,0.0,22.85502045105401
10,0.75,Olanzapine,random,2,493.30849369677713,0.0,22.210549153426555
10,0.75,Olanzapine,random,3,455.303302733817,0.0,21.337837349033688
10,0.75,Olanzapine,random,4,470.74404630009076,0.0,21.696636750890466
10,0.75,Olanzapine,random,5,522.3519598180972,0.0,22.855020451054013
10,0.75,Olanzapine,space_filling,2,493.30849369677713,0.0,22.210549153426555
10,0.75,Olanzapine,space_filling,3,415.3368982771447,0.0,20.379815952975257
10,0.75,Olanzapine,space_filling,4,435.7523382276729,0.0,20.874681751530318
10,0.75,Olanzapine,space_filling,5,522.351959818097,0.0,22.85502045105401
10,0.75,Pioglitazone,decision_voi,2,491.4771001285208,0.16666666666666666,22.169282805912346
10,0.75,Pioglitazone,decision_voi,3,490.267467236605,0.16666666666666666,22.14198426601837
10,0.75,Pioglitazone,decision_voi,4,497.22944991221993,0.16666666666666666,22.298642333384784
10,0.75,Pioglitazone,decision_voi,5,569.5291636392716,0.16666666666666666,23.86481015301131
10,0.75,Pioglitazone,decision_voi_adaptive,2,491.4771001285208,0.16666666666666666,22.169282805912346
10,0.75,Pioglitazone,decision_voi_adaptive,3,490.267467236605,0.16666666666666666,22.14198426601837
10,0.75,Pioglitazone,decision_voi_adaptive,4,497.22944991221993,0.16666666666666666,22.298642333384784
10,0.75,Pioglitazone,decision_voi_adaptive,5,569.5291636392716,0.16666666666666666,23.86481015301131
10,0.75,Pioglitazone,integrated_variance,2,491.4771001285208,0.16666666666666666,22.169282805912346
10,0.75,Pioglitazone,integrated_variance,3,498.25602258937096,0.16666666666666666,22.321649190625923
10,0.75,Pioglitazone,integrated_variance,4,515.3237927939567,0.16666666666666666,22.700744322465656
10,0.75,Pioglitazone,integrated_variance,5,569.5291636392717,0.16666666666666666,23.86481015301131
10,0.75,Pioglitazone,random,2,491.4771001285208,0.16666666666666666,22.169282805912346
10,0.75,Pioglitazone,random,3,495.30157590724684,0.16666666666666666,22.255371843832375
10,0.75,Pioglitazone,random,4,512.2707880559091,0.16666666666666666,22.633399834225283
10,0.75,Pioglitazone,random,5,569.5291636392717,0.16666666666666666,23.86481015301131
10,0.75,Pioglitazone,space_filling,2,491.4771001285208,0.16666666666666666,22.169282805912346
10,0.75,Pioglitazone,space_filling,3,505.3451991381521,0.16666666666666666,22.479884322170168
10,0.75,Pioglitazone,space_filling,4,497.22944991221993,0.16666666666666666,22.298642333384784
10,0.75,Pioglitazone,space_filling,5,569.5291636392717,0.16666666666666666,23.86481015301131
10,0.75,Troglitazone,decision_voi,2,2149.4301962645254,0.16666666666666666,46.36194771862508
10,0.75,Troglitazone,decision_voi,3,2325.8918704220155,0.16666666666666666,48.22750118368165
10,0.75,Troglitazone,decision_voi,4,2342.711676685292,0.16666666666666666,48.40156688254309
10,0.75,Troglitazone,decision_voi,5,2308.5506325106394,0.16666666666666666,48.04737903893031
10,0.75,Troglitazone,decision_voi_adaptive,2,2149.4301962645254,0.16666666666666666,46.36194771862508
10,0.75,Troglitazone,decision_voi_adaptive,3,2325.8918704220155,0.16666666666666666,48.22750118368165
10,0.75,Troglitazone,decision_voi_adaptive,4,2342.711676685292,0.16666666666666666,48.40156688254309
10,0.75,Troglitazone,decision_voi_adaptive,5,2308.5506325106394,0.16666666666666666,48.04737903893031
10,0.75,Troglitazone,integrated_variance,2,2149.4301962645254,0.16666666666666666,46.36194771862508
10,0.75,Troglitazone,integrated_variance,3,2120.8928397749582,0.16666666666666666,46.05315233265751
10,0.75,Troglitazone,integrated_variance,4,2314.490574317045,0.16666666666666666,48.109152708367716
10,0.75,Troglitazone,integrated_variance,5,2308.5506325106394,0.16666666666666666,48.04737903893031
10,0.75,Troglitazone,random,2,2149.4301962645254,0.16666666666666666,46.36194771862508
10,0.75,Troglitazone,random,3,2274.136867933604,0.16666666666666666,47.68791112990382
10,0.75,Troglitazone,random,4,2302.4069234190447,0.16666666666666666,47.98340258275818
10,0.75,Troglitazone,random,5,2308.5506325106394,0.16666666666666666,48.04737903893031
10,0.75,Troglitazone,space_filling,2,2149.4301962645254,0.16666666666666666,46.36194771862508
10,0.75,Troglitazone,space_filling,3,2192.1684332430946,0.16666666666666666,46.82059838621346
10,0.75,Troglitazone,space_filling,4,2313.7679832458994,0.16666666666666666,48.10164220944956
10,0.75,Troglitazone,space_filling,5,2308.5506325106394,0.16666666666666666,48.04737903893031
10,0.75,Trovafloxacin,decision_voi,2,748.2561508789448,0.3333333333333333,27.354271163365784
10,0.75,Trovafloxacin,decision_voi,3,790.5002576218791,0.3333333333333333,28.115836420456695
10,0.75,Trovafloxacin,decision_voi,4,817.4731774461665,0.3333333333333333,28.59148784946608
10,0.75,Trovafloxacin,decision_voi,5,811.7465540476837,0.3333333333333333,28.491166245832826
10,0.75,Trovafloxacin,decision_voi_adaptive,2,748.2561508789448,0.3333333333333333,27.354271163365784
10,0.75,Trovafloxacin,decision_voi_adaptive,3,790.5002576218791,0.3333333333333333,28.115836420456695
10,0.75,Trovafloxacin,decision_voi_adaptive,4,817.4731774461665,0.3333333333333333,28.59148784946608
10,0.75,Trovafloxacin,decision_voi_adaptive,5,811.7465540476837,0.3333333333333333,28.491166245832826
10,0.75,Trovafloxacin,integrated_variance,2,748.2561508789448,0.3333333333333333,27.354271163365784
10,0.75,Trovafloxacin,integrated_variance,3,759.0770987655163,0.3333333333333333,27.55135384632698
10,0.75,Trovafloxacin,integrated_variance,4,817.3985171131104,0.3333333333333333,28.5901821804813
10,0.75,Trovafloxacin,integrated_variance,5,811.7465540476838,0.3333333333333333,28.491166245832826
10,0.75,Trovafloxacin,random,2,748.2561508789448,0.3333333333333333,27.354271163365784
10,0.75,Trovafloxacin,random,3,776.5488539758982,0.3333333333333333,27.866626167799684
10,0.75,Trovafloxacin,random,4,800.71607525522,0.3333333333333333,28.29692695780268
10,0.75,Trovafloxacin,random,5,811.7465540476837,0.3333333333333333,28.491166245832826
10,0.75,Trovafloxacin,space_filling,2,748.2561508789448,0.3333333333333333,27.354271163365784
10,0.75,Trovafloxacin,space_filling,3,784.586635994794,0.3333333333333333,28.010473683870362
10,0.75,Trovafloxacin,space_filling,4,817.4731774461665,0.3333333333333333,28.59148784946608
10,0.75,Trovafloxacin,space_filling,5,811.7465540476838,0.3333333333333333,28.491166245832826
10,1.5,Clozapine,decision_voi,2,781.3750848077522,0.0,27.953087214255103
10,1.5,Clozapine,decision_voi,3,469.6918911239927,0.0,21.672376222371017
10,1.5,Clozapine,decision_voi,4,191.25910493649613,0.0,13.8296458716952
10,1.5,Clozapine,decision_voi,5,221.55858842782473,0.0,14.884844252723127
10,1.5,Clozapine,decision_voi_adaptive,2,781.3750848077522,0.0,27.953087214255103
10,1.5,Clozapine,decision_voi_adaptive,3,469.6918911239927,0.0,21.672376222371017
10,1.5,Clozapine,decision_voi_adaptive,4,191.25910493649613,0.0,13.8296458716952
10,1.5,Clozapine,decision_voi_adaptive,5,221.55858842782473,0.0,14.884844252723127
10,1.5,Clozapine,integrated_variance,2,781.3750848077522,0.0,27.953087214255103
10,1.5,Clozapine,integrated_variance,3,295.50748626348695,0.0,17.19033118539276
10,1.5,Clozapine,integrated_variance,4,199.20910991981364,0.0,14.114145738223538
10,1.5,Clozapine,integrated_variance,5,221.55858842782462,0.0,14.884844252723124
10,1.5,Clozapine,random,2,781.3750848077522,0.0,27.953087214255103
10,1.5,Clozapine,random,3,404.07887575856057,0.0,20.10171325431145
10,1.5,Clozapine,random,4,232.562292350731,0.0,15.249993191825727
10,1.5,Clozapine,random,5,221.55858842782473,0.0,14.884844252723127
10,1.5,Clozapine,space_filling,2,781.3750848077522,0.0,27.953087214255103
10,1.5,Clozapine,space_filling,3,288.267417495734,0.0,16.978439783906353
10,1.5,Clozapine,space_filling,4,219.55553724779483,0.0,14.81740656281641
10,1.5,Clozapine,space_filling,5,221.55858842782462,0.0,14.884844252723124
10,1.5,Levofloxacin,decision_voi,2,236.84602703243254,0.0,15.389802696345154
10,1.5,Levofloxacin,decision_voi,3,193.13169508183526,0.0,13.897182990873915
10,1.5,Levofloxacin,decision_voi,4,191.07864914703634,0.0,13.82312009450241
10,1.5,Levofloxacin,decision_voi_adaptive,2,236.84602703243254,0.0,15.389802696345154
10,1.5,Levofloxacin,decision_voi_adaptive,3,176.8400969155227,0.0,13.298123811858675
10,1.5,Levofloxacin,decision_voi_adaptive,4,191.07864914703634,0.0,13.82312009450241
10,1.5,Levofloxacin,integrated_variance,2,236.84602703243254,0.0,15.389802696345154
10,1.5,Levofloxacin,integrated_variance,3,193.13169508183526,0.0,13.897182990873915
10,1.5,Levofloxacin,integrated_variance,4,191.07864914703634,0.0,13.82312009450241
10,1.5,Levofloxacin,random,2,236.84602703243254,0.0,15.389802696345154
10,1.5,Levofloxacin,random,3,224.88878661533892,0.0,14.9962924289752
10,1.5,Levofloxacin,random,4,191.0786491470364,0.0,13.823120094502412
10,1.5,Levofloxacin,space_filling,2,236.84602703243254,0.0,15.389802696345154
10,1.5,Levofloxacin,space_filling,3,193.13169508183526,0.0,13.897182990873915
10,1.5,Levofloxacin,space_filling,4,191.07864914703634,0.0,13.82312009450241
10,1.5,Olanzapine,decision_voi,2,242.5624807689567,0.0,15.574417509780476
10,1.5,Olanzapine,decision_voi,3,267.25665138702874,0.0,16.34798615692553
10,1.5,Olanzapine,decision_voi,4,370.39729141787706,0.0,19.24570838960928
10,1.5,Olanzapine,decision_voi,5,587.8709213651539,0.0,24.246049603289066
10,1.5,Olanzapine,decision_voi_adaptive,2,242.5624807689567,0.0,15.574417509780476
10,1.5,Olanzapine,decision_voi_adaptive,3,267.25665138702874,0.0,16.34798615692553
10,1.5,Olanzapine,decision_voi_adaptive,4,370.39729141787706,0.0,19.24570838960928
10,1.5,Olanzapine,decision_voi_adaptive,5,587.8709213651539,0.0,24.246049603289066
10,1.5,Olanzapine,integrated_variance,2,242.5624807689567,0.0,15.574417509780476
10,1.5,Olanzapine,integrated_variance,3,252.69343414273274,0.0,15.896333984373024
10,1.5,Olanzapine,integrated_variance,4,370.39729141787694,0.0,19.245708389609277
10,1.5,Olanzapine,integrated_variance,5,587.8709213651538,0.0,24.246049603289062
10,1.5,Olanzapine,random,2,242.5624807689567,0.0,15.574417509780476
10,1.5,Olanzapine,random,3,278.8606167795529,0.0,16.699120239687865
10,1.5,Olanzapine,random,4,363.9074446104358,0.0,19.07635826384155
10,1.5,Olanzapine,random,5,587.870921365154,0.0,24.24604960328907
10,1.5,Olanzapine,space_filling,2,242.5624807689567,0.0,15.574417509780476
10,1.5,Olanzapine,space_filling,3,267.25665138702874,0.0,16.34798615692553
10,1.5,Olanzapine,space_filling,4,308.49896597763995,0.0,17.56413863466239
10,1.5,Olanzapine,space_filling,5,587.8709213651539,0.0,24.246049603289066
10,1.5,Pioglitazone,decision_voi,2,535.2801261923478,0.16666666666666666,23.136121675690326
10,1.5,Pioglitazone,decision_voi,3,335.4086859341057,0.16666666666666666,18.314166263690677
10,1.5,Pioglitazone,decision_voi,4,387.54343176976516,0.16666666666666666,19.686122822175147
10,1.5,Pioglitazone,decision_voi,5,608.1711923627898,0.16666666666666666,24.661127151101383
10,1.5,Pioglitazone,decision_voi_adaptive,2,535.2801261923478,0.16666666666666666,23.136121675690326
10,1.5,Pioglitazone,decision_voi_adaptive,3,335.4086859341057,0.16666666666666666,18.314166263690677
10,1.5,Pioglitazone,decision_voi_adaptive,4,387.54343176976516,0.16666666666666666,19.686122822175147
10,1.5,Pioglitazone,decision_voi_adaptive,5,608.1711923627898,0.16666666666666666,24.661127151101383
10,1.5,Pioglitazone,integrated_variance,2,535.2801261923478,0.16666666666666666,23.136121675690326
10,1.5,Pioglitazone,integrated_variance,3,533.5425178831799,0.16666666666666666,23.098539301938118
10,1.5,Pioglitazone,integrated_variance,4,412.0518882791528,0.16666666666666666,20.299061265958898
10,1.5,Pioglitazone,integrated_variance,5,608.1711923627901,0.16666666666666666,24.66112715110139
10,1.5,Pioglitazone,random,2,535.2801261923478,0.16666666666666666,23.136121675690326
10,1.5,Pioglitazone,random,3,414.66197391411634,0.16666666666666666,20.36325057337645
10,1.5,Pioglitazone,random,4,460.8722532626555,0.16666666666666666,21.467935468103484
10,1.5,Pioglitazone,random,5,608.1711923627898,0.16666666666666666,24.661127151101383
10,1.5,Pioglitazone,space_filling,2,535.2801261923478,0.16666666666666666,23.136121675690326
10,1.5,Pioglitazone,space_filling,3,497.7385881517753,0.16666666666666666,22.31005576308081
10,1.5,Pioglitazone,space_filling,4,346.25378088554135,0.16666666666666666,18.607895659787577
10,1.5,Pioglitazone,space_filling,5,608.1711923627901,0.16666666666666666,24.66112715110139
10,1.5,Troglitazone,decision_voi,2,2953.441346164523,0.3333333333333333,54.3455733815048
10,1.5,Troglitazone,decision_voi,3,3545.302406888168,0.3333333333333333,59.54244206352447
10,1.5,Troglitazone,decision_voi,4,3648.8604176879476,0.3333333333333333,60.405797881395024
10,1.5,Troglitazone,decision_voi,5,3507.3657163575313,0.3333333333333333,59.2230167785932
10,1.5,Troglitazone,decision_voi_adaptive,2,2953.441346164523,0.3333333333333333,54.3455733815048
10,1.5,Troglitazone,decision_voi_adaptive,3,3545.302406888168,0.3333333333333333,59.54244206352447
10,1.5,Troglitazone,decision_voi_adaptive,4,3648.8604176879476,0.3333333333333333,60.405797881395024
10,1.5,Troglitazone,decision_voi_adaptive,5,3507.3657163575313,0.3333333333333333,59.2230167785932
10,1.5,Troglitazone,integrated_variance,2,2953.441346164523,0.3333333333333333,54.3455733815048
10,1.5,Troglitazone,integrated_variance,3,2993.6127641006083,0.3333333333333333,54.71391746256713
10,1.5,Troglitazone,integrated_variance,4,3622.723080523428,0.3333333333333333,60.18906113674999
10,1.5,Troglitazone,integrated_variance,5,3507.3657163575313,0.3333333333333333,59.2230167785932
10,1.5,Troglitazone,random,2,2953.441346164523,0.3333333333333333,54.3455733815048
10,1.5,Troglitazone,random,3,3530.6675835923256,0.3333333333333333,59.419420929459804
10,1.5,Troglitazone,random,4,3635.218683120965,0.3333333333333333,60.292774717381896
10,1.5,Troglitazone,random,5,3507.3657163575313,0.3333333333333333,59.2230167785932
10,1.5,Troglitazone,space_filling,2,2953.441346164523,0.3333333333333333,54.3455733815048
10,1.5,Troglitazone,space_filling,3,2963.7452757453425,0.3333333333333333,54.44029092267365
10,1.5,Troglitazone,space_filling,4,3648.8604176879476,0.3333333333333333,60.405797881395024
10,1.5,Troglitazone,space_filling,5,3507.3657163575313,0.3333333333333333,59.2230167785932
10,1.5,Trovafloxacin,decision_voi,2,317.5466233710121,0.3333333333333333,17.81983791651911
10,1.5,Trovafloxacin,decision_voi,3,326.5392553964446,0.3333333333333333,18.07039721191664
10,1.5,Trovafloxacin,decision_voi,4,476.52340188314065,0.3333333333333333,21.82941597668478
10,1.5,Trovafloxacin,decision_voi,5,385.8175726847621,0.3333333333333333,19.64223950278486
10,1.5,Trovafloxacin,decision_voi_adaptive,2,317.5466233710121,0.3333333333333333,17.81983791651911
10,1.5,Trovafloxacin,decision_voi_adaptive,3,326.5392553964446,0.3333333333333333,18.07039721191664
10,1.5,Trovafloxacin,decision_voi_adaptive,4,476.52340188314065,0.3333333333333333,21.82941597668478
10,1.5,Trovafloxacin,decision_voi_adaptive,5,385.8175726847621,0.3333333333333333,19.64223950278486
10,1.5,Trovafloxacin,integrated_variance,2,317.5466233710121,0.3333333333333333,17.81983791651911
10,1.5,Trovafloxacin,integrated_variance,3,411.2249521069137,0.3333333333333333,20.27868220834169
10,1.5,Trovafloxacin,integrated_variance,4,460.05746726019873,0.3333333333333333,21.448950260098947
10,1.5,Trovafloxacin,integrated_variance,5,385.81757268476207,0.3333333333333333,19.64223950278486
10,1.5,Trovafloxacin,random,2,317.5466233710121,0.3333333333333333,17.81983791651911
10,1.5,Trovafloxacin,random,3,351.7897990924625,0.3333333333333333,18.756060329729763
10,1.5,Trovafloxacin,random,4,422.8357548166855,0.3333333333333333,20.562970476482366
10,1.5,Trovafloxacin,random,5,385.81757268476207,0.3333333333333333,19.64223950278486
10,1.5,Trovafloxacin,space_filling,2,317.5466233710121,0.3333333333333333,17.81983791651911
10,1.5,Trovafloxacin,space_filling,3,466.6531228875497,0.3333333333333333,21.602155514845034
10,1.5,Trovafloxacin,space_filling,4,476.5234018831402,0.3333333333333333,21.829415976684768
10,1.5,Trovafloxacin,space_filling,5,385.8175726847621,0.3333333333333333,19.64223950278486
10,3.0,Clozapine,decision_voi,2,915.0917415278728,0.0,30.250483327177978
10,3.0,Clozapine,decision_voi,3,254.6026708602022,0.0,15.956273714755655
10,3.0,Clozapine,decision_voi,4,159.5211738565791,0.0,12.630169193505647
10,3.0,Clozapine,decision_voi,5,166.3638618600157,0.0,12.89821157602928
10,3.0,Clozapine,decision_voi_adaptive,2,915.0917415278728,0.0,30.250483327177978
10,3.0,Clozapine,decision_voi_adaptive,3,254.6026708602022,0.0,15.956273714755655
10,3.0,Clozapine,decision_voi_adaptive,4,159.5211738565791,0.0,12.630169193505647
10,3.0,Clozapine,decision_voi_adaptive,5,166.3638618600157,0.0,12.89821157602928
10,3.0,Clozapine,integrated_variance,2,915.0917415278728,0.0,30.250483327177978
10,3.0,Clozapine,integrated_variance,3,193.97383748566486,0.0,13.927449065987098
10,3.0,Clozapine,integrated_variance,4,162.9795606104374,0.0,12.766344841435131
10,3.0,Clozapine,integrated_variance,5,166.36386186001585,0.0,12.898211576029285
10,3.0,Clozapine,random,2,915.0917415278727,0.0,30.250483327177978
10,3.0,Clozapine,random,3,309.0628355139749,0.0,17.580183034143158
10,3.0,Clozapine,random,4,168.3043144304659,0.0,12.973215269564669
10,3.0,Clozapine,random,5,166.36386186001582,0.0,12.898211576029283
10,3.0,Clozapine,space_filling,2,915.0917415278728,0.0,30.250483327177978
10,3.0,Clozapine,space_filling,3,195.097789852309,0.0,13.967741043286455
10,3.0,Clozapine,space_filling,4,159.52117385657917,0.0,12.630169193505651
10,3.0,Clozapine,space_filling,5,166.36386186001576,0.0,12.898211576029281
10,3.0,Levofloxacin,decision_voi,2,146.83767309922683,0.0,12.117659555344293
10,3.0,Levofloxacin,decision_voi,3,119.0622901208088,0.0,10.911566804121614
10,3.0,Levofloxacin,decision_voi,4,99.13387985195263,0.0,9.956599813789476
10,3.0,Levofloxacin,decision_voi_adaptive,2,146.83767309922683,0.0,12.117659555344293
10,3.0,Levofloxacin,decision_voi_adaptive,3,119.0622901208088,0.0,10.911566804121614
10,3.0,Levofloxacin,decision_voi_adaptive,4,99.13387985195263,0.0,9.956599813789476
10,3.0,Levofloxacin,integrated_variance,2,146.83767309922683,0.0,12.117659555344293
10,3.0,Levofloxacin,integrated_variance,3,129.33462190198733,0.0,11.372538058937739
10,3.0,Levofloxacin,integrated_variance,4,99.13387985195249,0.0,9.956599813789468
10,3.0,Levofloxacin,random,2,146.83767309922683,0.0,12.117659555344293
10,3.0,Levofloxacin,random,3,120.23663650303067,0.0,10.965246759787519
10,3.0,Levofloxacin,random,4,99.13387985195257,0.0,9.956599813789474
10,3.0,Levofloxacin,space_filling,2,146.83767309922683,0.0,12.117659555344293
10,3.0,Levofloxacin,space_filling,3,129.33462190198733,0.0,11.372538058937739
10,3.0,Levofloxacin,space_filling,4,99.13387985195249,0.0,9.956599813789468
10,3.0,Olanzapine,decision_voi,2,264.88365450182806,0.0,16.275246680214345
10,3.0,Olanzapine,decision_voi,3,257.37487105889505,0.0,16.042907188502184
10,3.0,Olanzapine,decision_voi,4,326.6759285719126,0.0,18.074178503376373
10,3.0,Olanzapine,decision_voi,5,380.9508113108797,0.0,19.517961248831284
10,3.0,Olanzapine,decision_voi_adaptive,2,264.88365450182806,0.0,16.275246680214345
10,3.0,Olanzapine,decision_voi_adaptive,3,257.37487105889505,0.0,16.042907188502184
10,3.0,Olanzapine,decision_voi_adaptive,4,373.0212328154189,0.0,19.31375760475985
10,3.0,Olanzapine,decision_voi_adaptive,5,380.9508113108796,0.0,19.517961248831284
10,3.0,Olanzapine,integrated_variance,2,264.88365450182806,0.0,16.275246680214345
10,3.0,Olanzapine,integrated_variance,3,228.27744158420344,0.0,15.108853086326686
10,3.0,Olanzapine,integrated_variance,4,373.02123281541895,0.0,19.31375760475985
10,3.0,Olanzapine,integrated_variance,5,380.95081131087954,0.0,19.51796124883128
10,3.0,Olanzapine,random,2,264.88365450182806,0.0,16.275246680214345
10,3.0,Olanzapine,random,3,313.2388053068549,0.0,17.698553763142765
10,3.0,Olanzapine,random,4,300.26170474243895,0.0,17.328061193983558
10,3.0,Olanzapine,random,5,380.95081131087954,0.0,19.51796124883128
10,3.0,Olanzapine,space_filling,2,264.88365450182806,0.0,16.275246680214345
10,3.0,Olanzapine,space_filling,3,257.37487105889505,0.0,16.042907188502184
10,3.0,Olanzapine,space_filling,4,280.7636388725186,0.0,16.75600306972157
10,3.0,Olanzapine,space_filling,5,380.9508113108797,0.0,19.517961248831284
10,3.0,Pioglitazone,decision_voi,2,754.4610037510616,0.16666666666666666,27.467453535977114
10,3.0,Pioglitazone,decision_voi,3,369.88590856861765,0.16666666666666666,19.232418167474876
10,3.0,Pioglitazone,decision_voi,4,400.1724594545235,0.16666666666666666,20.004311021740378
10,3.0,Pioglitazone,decision_voi,5,488.5677861839769,0.16666666666666666,22.103569534895872
10,3.0,Pioglitazone,decision_voi_adaptive,2,754.4610037510616,0.16666666666666666,27.467453535977114
10,3.0,Pioglitazone,decision_voi_adaptive,3,369.88590856861765,0.16666666666666666,19.232418167474876
10,3.0,Pioglitazone,decision_voi_adaptive,4,400.1724594545235,0.16666666666666666,20.004311021740378
10,3.0,Pioglitazone,decision_voi_adaptive,5,488.5677861839769,0.16666666666666666,22.103569534895872
10,3.0,Pioglitazone,integrated_variance,2,754.4610037510616,0.16666666666666666,27.467453535977114
10,3.0,Pioglitazone,integrated_variance,3,553.5310031975423,0.16666666666666666,23.527239600036854
10,3.0,Pioglitazone,integrated_variance,4,466.6842518647834,0.16666666666666666,21.60287600910544
10,3.0,Pioglitazone,integrated_variance,5,488.56778618397703,0.16666666666666666,22.103569534895875
10,3.0,Pioglitazone,random,2,754.4610037510616,0.16666666666666666,27.467453535977114
10,3.0,Pioglitazone,random,3,385.0536269484872,0.16666666666666666,19.622783363949345
10,3.0,Pioglitazone,random,4,412.77807727232283,0.16666666666666666,20.3169406474578
10,3.0,Pioglitazone,random,5,488.56778618397715,0.16666666666666666,22.10356953489588
10,3.0,Pioglitazone,space_filling,2,754.4610037510616,0.16666666666666666,27.467453535977114
10,3.0,Pioglitazone,space_filling,3,497.4562193936054,0.16666666666666666,22.303726580856512
10,3.0,Pioglitazone,space_filling,4,341.20099018228933,0.16666666666666666,18.47162662524038
10,3.0,Pioglitazone,space_filling,5,488.5677861839775,0.16666666666666666,22.103569534895886
10,3.0,Troglitazone,decision_voi,2,3864.9439489180804,0.5,62.168673372672835
10,3.0,Troglitazone,decision_voi,3,3204.851464729048,0.3333333333333333,56.61140754944226
10,3.0,Troglitazone,decision_voi,4,3671.96593665736,0.3333333333333333,60.596748565062136
10,3.0,Troglitazone,decision_voi,5,3668.6725831297967,0.3333333333333333,60.56956812731784
10,3.0,Troglitazone,decision_voi_adaptive,2,3864.9439489180804,0.5,62.168673372672835
10,3.0,Troglitazone,decision_voi_adaptive,3,3204.851464729048,0.3333333333333333,56.61140754944226
10,3.0,Troglitazone,decision_voi_adaptive,4,3671.96593665736,0.3333333333333333,60.596748565062136
10,3.0,Troglitazone,decision_voi_adaptive,5,3668.6725831297967,0.3333333333333333,60.56956812731784
10,3.0,Troglitazone,integrated_variance,2,3864.9439489180804,0.5,62.168673372672835
10,3.0,Troglitazone,integrated_variance,3,3412.8013448727665,0.3333333333333333,58.419186444803955
10,3.0,Troglitazone,integrated_variance,4,3645.285288998793,0.3333333333333333,60.376198033652244
10,3.0,Troglitazone,integrated_variance,5,3668.672583129797,0.3333333333333333,60.569568127317844
10,3.0,Troglitazone,random,2,3864.9439489180804,0.5,62.168673372672835
10,3.0,Troglitazone,random,3,4054.1216096727308,0.3333333333333333,63.67198449610889
10,3.0,Troglitazone,random,4,3772.1162276230352,0.3333333333333333,61.41755634688696
10,3.0,Troglitazone,random,5,3668.6725831297967,0.3333333333333333,60.56956812731784
10,3.0,Troglitazone,space_filling,2,3864.9439489180804,0.5,62.168673372672835
10,3.0,Troglitazone,space_filling,3,3204.851464729048,0.3333333333333333,56.61140754944226
10,3.0,Troglitazone,space_filling,4,3671.96593665736,0.3333333333333333,60.596748565062136
10,3.0,Troglitazone,space_filling,5,3668.6725831297967,0.3333333333333333,60.56956812731784
10,3.0,Trovafloxacin,decision_voi,2,344.1674631425142,0.0,18.551750945463723
10,3.0,Trovafloxacin,decision_voi,3,435.8263042619188,0.16666666666666666,20.87645334490317
10,3.0,Trovafloxacin,decision_voi,4,441.59268482463995,0.16666666666666666,21.014106805302003
10,3.0,Trovafloxacin,decision_voi,5,352.2448952643064,0.16666666666666666,18.768188385251957
10,3.0,Trovafloxacin,decision_voi_adaptive,2,344.1674631425142,0.0,18.551750945463723
10,3.0,Trovafloxacin,decision_voi_adaptive,3,435.8263042619188,0.16666666666666666,20.87645334490317
10,3.0,Trovafloxacin,decision_voi_adaptive,4,441.59268482463995,0.16666666666666666,21.014106805302003
10,3.0,Trovafloxacin,decision_voi_adaptive,5,352.2448952643064,0.16666666666666666,18.768188385251957
10,3.0,Trovafloxacin,integrated_variance,2,344.1674631425142,0.0,18.551750945463723
10,3.0,Trovafloxacin,integrated_variance,3,366.7011854102731,0.0,19.14944347521027
10,3.0,Trovafloxacin,integrated_variance,4,351.82447189053534,0.16666666666666666,18.756984616151268
10,3.0,Trovafloxacin,integrated_variance,5,352.2448952643065,0.16666666666666666,18.768188385251957
10,3.0,Trovafloxacin,random,2,344.1674631425142,0.0,18.551750945463723
10,3.0,Trovafloxacin,random,3,333.30708769818415,0.09999999999999999,18.25669980303626
10,3.0,Trovafloxacin,random,4,390.19923420428177,0.14166666666666666,19.75346132211471
10,3.0,Trovafloxacin,random,5,352.24489526430665,0.16666666666666666,18.76818838525196
10,3.0,Trovafloxacin,space_filling,2,344.1674631425142,0.0,18.551750945463723
10,3.0,Trovafloxacin,space_filling,3,433.1954196676902,0.16666666666666666,20.813347151952524
10,3.0,Trovafloxacin,space_filling,4,441.5926848246397,0.16666666666666666,21.014106805301996
10,3.0,Trovafloxacin,space_filling,5,352.24489526430625,0.16666666666666666,18.76818838525195
20,0.75,Clozapine,decision_voi,2,837.7039732571129,0.0,28.943116163556283
20,0.75,Clozapine,decision_voi,3,836.3691103147194,0.0,28.920046858791903
20,0.75,Clozapine,decision_voi,4,639.8905212944833,0.0,25.296057425901044
20,0.75,Clozapine,decision_voi,5,499.4387353720835,0.0,22.34812599239774
20,0.75,Clozapine,decision_voi_adaptive,2,837.7039732571129,0.0,28.943116163556283
20,0.75,Clozapine,decision_voi_adaptive,3,836.3691103147194,0.0,28.920046858791903
20,0.75,Clozapine,decision_voi_adaptive,4,639.8905212944833,0.0,25.296057425901044
20,0.75,Clozapine,decision_voi_adaptive,5,499.4387353720835,0.0,22.34812599239774
20,0.75,Clozapine,integrated_variance,2,837.7039732571129,0.0,28.943116163556283
20,0.75,Clozapine,integrated_variance,3,643.8371329259982,0.0,25.373945947093016
20,0.75,Clozapine,integrated_variance,4,566.718810684973,0.0,23.805856646736597
20,0.75,Clozapine,integrated_variance,5,499.4387353720834,0.0,22.348125992397737
20,0.75,Clozapine,random,2,837.7039732571129,0.0,28.943116163556283
20,0.75,Clozapine,random,3,756.2947606352369,0.0,27.500813817689775
20,0.75,Clozapine,random,4,612.0925727623547,0.0,24.740504699022505
20,0.75,Clozapine,random,5,499.4387353720834,0.0,22.348125992397737
20,0.75,Clozapine,space_filling,2,837.7039732571129,0.0,28.943116163556283
20,0.75,Clozapine,space_filling,3,653.5349675875408,0.0,25.564329985108955
20,0.75,Clozapine,space_filling,4,639.8905212944833,0.0,25.296057425901044
20,0.75,Clozapine,space_filling,5,499.4387353720835,0.0,22.34812599239774
20,0.75,Levofloxacin,decision_voi,2,648.6001498277908,0.0,25.467629450496386
20,0.75,Levofloxacin,decision_voi,3,308.84945620511127,0.0,17.57411324093228
20,0.75,Levofloxacin,decision_voi,4,298.86486311574674,0.0,17.287708440268965
20,0.75,Levofloxacin,decision_voi_adaptive,2,648.6001498277908,0.0,25.467629450496386
20,0.75,Levofloxacin,decision_voi_adaptive,3,308.84945620511127,0.0,17.57411324093228
20,0.75,Levofloxacin,decision_voi_adaptive,4,298.86486311574674,0.0,17.287708440268965
20,0.75,Levofloxacin,integrated_variance,2,648.6001498277908,0.0,25.467629450496386
20,0.75,Levofloxacin,integrated_variance,3,311.8631754984909,0.0,17.65964822691808
20,0.75,Levofloxacin,integrated_variance,4,298.86486311574674,0.0,17.287708440268965
20,0.75,Levofloxacin,random,2,648.6001498277908,0.0,25.467629450496386
20,0.75,Levofloxacin,random,3,398.6319885491612,0.0,19.965770422128998
20,0.75,Levofloxacin,random,4,298.86486311574674,0.0,17.287708440268965
20,0.75,Levofloxacin,space_filling,2,648.6001498277908,0.0,25.467629450496386
20,0.75,Levofloxacin,space_filling,3,311.8631754984909,0.0,17.65964822691808
20,0.75,Levofloxacin,space_filling,4,298.86486311574674,0.0,17.287708440268965
20,0.75,Olanzapine,decision_voi,2,515.6178033171718,0.0,22.70721918943779
20,0.75,Olanzapine,decision_voi,3,441.3375255329848,0.0,21.008034785124114
20,0.75,Olanzapine,decision_voi,4,474.6281181732854,0.0,21.78596149297261
20,0.75,Olanzapine,decision_voi,5,510.7753584709248,0.0,22.60033978662544
20,0.75,Olanzapine,decision_voi_adaptive,2,515.6178033171718,0.0,22.70721918943779
20,0.75,Olanzapine,decision_voi_adaptive,3,441.3375255329848,0.0,21.008034785124114
20,0.75,Olanzapine,decision_voi_adaptive,4,474.6281181732854,0.0,21.78596149297261
20,0.75,Olanzapine,decision_voi_adaptive,5,510.7753584709248,0.0,22.60033978662544
20,0.75,Olanzapine,integrated_variance,2,515.6178033171718,0.0,22.70721918943779
20,0.75,Olanzapine,integrated_variance,3,455.6294291541819,0.0,21.345477955627555
20,0.75,Olanzapine,integrated_variance,4,474.6281181732854,0.0,21.78596149297261
20,0.75,Olanzapine,integrated_variance,5,510.7753584709248,0.0,22.60033978662544
20,0.75,Olanzapine,random,2,515.6178033171718,0.0,22.70721918943779
20,0.75,Olanzapine,random,3,476.87369185196775,0.0,21.837437849985236
20,0.75,Olanzapine,random,4,481.1433415293174,0.0,21.93497986161185
20,0.75,Olanzapine,random,5,510.7753584709248,0.0,22.60033978662544
20,0.75,Olanzapine,space_filling,2,515.6178033171718,0.0,22.70721918943779
20,0.75,Olanzapine,space_filling,3,441.3375255329848,0.0,21.008034785124114
20,0.75,Olanzapine,space_filling,4,455.7650101278121,0.0,21.348653590515074
20,0.75,Olanzapine,space_filling,5,510.7753584709248,0.0,22.60033978662544
20,0.75,Pioglitazone,decision_voi,2,499.8236231590722,0.16666666666666666,22.35673552106998
20,0.75,Pioglitazone,decision_voi,3,504.0964683713355,0.16666666666666666,22.452092739237816
20,0.75,Pioglitazone,decision_voi,4,510.04514964398726,0.16666666666666666,22.58417918906922
20,0.75,Pioglitazone,decision_voi,5,564.1707396315442,0.16666666666666666,23.752278619777602
20,0.75,Pioglitazone,decision_voi_adaptive,2,499.8236231590722,0.16666666666666666,22.35673552106998
20,0.75,Pioglitazone,decision_voi_adaptive,3,504.0964683713355,0.16666666666666666,22.452092739237816
20,0.75,Pioglitazone,decision_voi_adaptive,4,510.04514964398726,0.16666666666666666,22.58417918906922
20,0.75,Pioglitazone,decision_voi_adaptive,5,564.1707396315442,0.16666666666666666,23.752278619777602
20,0.75,Pioglitazone,integrated_variance,2,499.8236231590722,0.16666666666666666,22.35673552106998
20,0.75,Pioglitazone,integrated_variance,3,505.34432376972205,0.16666666666666666,22.479864852123157
20,0.75,Pioglitazone,integrated_variance,4,525.0730990751359,0.16666666666666666,22.914473571852703
20,0.75,Pioglitazone,integrated_variance,5,564.1707396315442,0.16666666666666666,23.752278619777602
20,0.75,Pioglitazone,random,2,499.8236231590722,0.16666666666666666,22.35673552106998
20,0.75,Pioglitazone,random,3,505.91140258776613,0.16666666666666666,22.492474354498352
20,0.75,Pioglitazone,random,4,520.0742808221221,0.16666666666666666,22.805137158590433
20,0.75,Pioglitazone,random,5,564.1707396315442,0.16666666666666666,23.752278619777602
20,0.75,Pioglitazone,space_filling,2,499.8236231590722,0.16666666666666666,22.35673552106998
20,0.75,Pioglitazone,space_filling,3,513.1300721057446,0.16666666666666666,22.652374535702535
20,0.75,Pioglitazone,space_filling,4,510.04514964398726,0.16666666666666666,22.58417918906922
20,0.75,Pioglitazone,space_filling,5,564.1707396315442,0.16666666666666666,23.752278619777602
20,0.75,Troglitazone,decision_voi,2,2101.0081766414796,0.16666666666666666,45.83675573861527
20,0.75,Troglitazone,decision_voi,3,2245.062932748068,0.16666666666666666,47.38209506499336
20,0.75,Troglitazone,decision_voi,4,2230.9549889730747,0.16666666666666666,47.23298623814796
20,0.75,Troglitazone,decision_voi,5,2226.009720612817,0.16666666666666666,47.18060746337225
20,0.75,Troglitazone,decision_voi_adaptive,2,2101.0081766414796,0.16666666666666666,45.83675573861527
20,0.75,Troglitazone,decision_voi_adaptive,3,2245.062932748068,0.16666666666666666,47.38209506499336
20,0.75,Troglitazone,decision_voi_adaptive,4,2230.9549889730747,0.16666666666666666,47.23298623814796
20,0.75,Troglitazone,decision_voi_adaptive,5,2226.009720612817,0.16666666666666666,47.18060746337225
20,0.75,Troglitazone,integrated_variance,2,2101.0081766414796,0.16666666666666666,45.83675573861527
20,0.75,Troglitazone,integrated_variance,3,2073.3281150467947,0.16666666666666666,45.53381287622194
20,0.75,Troglitazone,integrated_variance,4,2228.4427123518217,0.16666666666666666,47.20638423298084
20,0.75,Troglitazone,integrated_variance,5,2226.009720612817,0.16666666666666666,47.18060746337225
20,0.75,Troglitazone,random,2,2101.0081766414796,0.16666666666666666,45.83675573861527
20,0.75,Troglitazone,random,3,2199.1794916938807,0.16666666666666666,46.89541013461638
20,0.75,Troglitazone,random,4,2219.552560136639,0.16666666666666666,47.112127527173286
20,0.75,Troglitazone,random,5,2226.009720612817,0.16666666666666666,47.18060746337225
20,0.75,Troglitazone,space_filling,2,2101.0081766414796,0.16666666666666666,45.83675573861527
20,0.75,Troglitazone,space_filling,3,2133.350323589078,0.16666666666666666,46.18820545971751
20,0.75,Troglitazone,space_filling,4,2227.495165971037,0.16666666666666666,47.19634695578713
20,0.75,Troglitazone,space_filling,5,2226.009720612817,0.16666666666666666,47.18060746337225
20,0.75,Trovafloxacin,decision_voi,2,804.9541084336579,0.3333333333333333,28.371713174104553
20,0.75,Trovafloxacin,decision_voi,3,847.2813172334686,0.3333333333333333,29.10809710773737
20,0.75,Trovafloxacin,decision_voi,4,869.0920767258191,0.3333333333333333,29.480367649095204
20,0.75,Trovafloxacin,decision_voi,5,866.8332763395268,0.3333333333333333,29.44203247636832
20,0.75,Trovafloxacin,decision_voi_adaptive,2,804.9541084336579,0.3333333333333333,28.371713174104553
20,0.75,Trovafloxacin,decision_voi_adaptive,3,847.2813172334686,0.3333333333333333,29.10809710773737
20,0.75,Trovafloxacin,decision_voi_adaptive,4,869.0920767258191,0.3333333333333333,29.480367649095204
20,0.75,Trovafloxacin,decision_voi_adaptive,5,866.8332763395268,0.3333333333333333,29.44203247636832
20,0.75,Trovafloxacin,integrated_variance,2,804.9541084336579,0.3333333333333333,28.371713174104553
20,0.75,Trovafloxacin,integrated_variance,3,813.8155792750636,0.3333333333333333,28.52745308076176
20,0.75,Trovafloxacin,integrated_variance,4,869.5787194773951,0.3333333333333333,29.488620169099047
20,0.75,Trovafloxacin,integrated_variance,5,866.8332763395268,0.3333333333333333,29.44203247636832
20,0.75,Trovafloxacin,random,2,804.9541084336579,0.3333333333333333,28.371713174104553
20,0.75,Trovafloxacin,random,3,832.8649574454208,0.3333333333333333,28.859399810900793
20,0.75,Trovafloxacin,random,4,854.7468821653315,0.3333333333333333,29.236054490394757
20,0.75,Trovafloxacin,random,5,866.8332763395268,0.3333333333333333,29.44203247636832
20,0.75,Trovafloxacin,space_filling,2,804.9541084336579,0.3333333333333333,28.371713174104553
20,0.75,Trovafloxacin,space_filling,3,837.5691548293894,0.3333333333333333,28.940787045783487
20,0.75,Trovafloxacin,space_filling,4,869.0920767258191,0.3333333333333333,29.480367649095204
20,0.75,Trovafloxacin,space_filling,5,866.8332763395268,0.3333333333333333,29.44203247636832
20,1.5,Clozapine,decision_voi,2,781.6084993652312,0.0,27.95726201481882
20,1.5,Clozapine,decision_voi,3,578.1442278016485,0.0,24.0446299160883
20,1.5,Clozapine,decision_voi,4,262.1639980588818,0.0,16.19147918069507
20,1.5,Clozapine,decision_voi,5,257.02897987259644,0.0,16.03212337379539
20,1.5,Clozapine,decision_voi_adaptive,2,781.6084993652312,0.0,27.95726201481882
20,1.5,Clozapine,decision_voi_adaptive,3,578.1442278016485,0.0,24.0446299160883
20,1.5,Clozapine,decision_voi_adaptive,4,262.1639980588818,0.0,16.19147918069507
20,1.5,Clozapine,decision_voi_adaptive,5,257.02897987259644,0.0,16.03212337379539
20,1.5,Clozapine,integrated_variance,2,781.6084993652312,0.0,27.95726201481882
20,1.5,Clozapine,integrated_variance,3,341.94404078864926,0.0,18.49172898321434
20,1.5,Clozapine,integrated_variance,4,267.26799695535726,0.0,16.348333155259507
20,1.5,Clozapine,integrated_variance,5,257.0289798725966,0.0,16.032123373795393
20,1.5,Clozapine,random,2,781.6084993652312,0.0,27.95726201481882
20,1.5,Clozapine,random,3,488.73544804321324,0.0,22.10736185172743
20,1.5,Clozapine,random,4,298.1445200131955,0.0,17.266861904040223
20,1.5,Clozapine,random,5,257.0289798725965,0.0,16.03212337379539
20,1.5,Clozapine,space_filling,2,781.6084993652312,0.0,27.95726201481882
20,1.5,Clozapine,space_filling,3,340.48286694970005,0.0,18.45217783758058
20,1.5,Clozapine,space_filling,4,297.5295930603957,0.0,17.249046149291726
20,1.5,Clozapine,space_filling,5,257.0289798725966,0.0,16.032123373795393
20,1.5,Levofloxacin,decision_voi,2,279.3589270384256,0.0,16.714033835026946
20,1.5,Levofloxacin,decision_voi,3,186.70631499208145,0.0,13.66405192437739
20,1.5,Levofloxacin,decision_voi,4,155.81846103439486,0.0,12.482726506432593
20,1.5,Levofloxacin,decision_voi_adaptive,2,279.3589270384256,0.0,16.714033835026946
20,1.5,Levofloxacin,decision_voi_adaptive,3,180.70036331773727,0.0,13.44248352491969
20,1.5,Levofloxacin,decision_voi_adaptive,4,155.81846103439486,0.0,12.482726506432593
20,1.5,Levofloxacin,integrated_variance,2,279.3589270384256,0.0,16.714033835026946
20,1.5,Levofloxacin,integrated_variance,3,186.70631499208145,0.0,13.66405192437739
20,1.5,Levofloxacin,integrated_variance,4,155.81846103439486,0.0,12.482726506432593
20,1.5,Levofloxacin,random,2,279.3589270384256,0.0,16.714033835026946
20,1.5,Levofloxacin,random,3,191.55994297508246,0.0,13.840518161365292
20,1.5,Levofloxacin,random,4,155.81846103439483,0.0,12.482726506432591
20,1.5,Levofloxacin,space_filling,2,279.3589270384256,0.0,16.714033835026946
20,1.5,Levofloxacin,space_filling,3,186.70631499208145,0.0,13.66405192437739
20,1.5,Levofloxacin,space_filling,4,155.81846103439486,0.0,12.482726506432593
20,1.5,Olanzapine,decision_voi,2,260.14909045417227,0.0,16.129137932765417
20,1.5,Olanzapine,decision_voi,3,274.4511521711209,0.0,16.566567301982655
20,1.5,Olanzapine,decision_voi,4,349.8318803678369,0.0,18.703793208005614
20,1.5,Olanzapine,decision_voi,5,429.70420941986214,0.0,20.72930798217495
20,1.5,Olanzapine,decision_voi_adaptive,2,260.14909045417227,0.0,16.129137932765417
20,1.5,Olanzapine,decision_voi_adaptive,3,274.4511521711209,0.0,16.566567301982655
20,1.5,Olanzapine,decision_voi_adaptive,4,349.8318803678369,0.0,18.703793208005614
20,1.5,Olanzapine,decision_voi_adaptive,5,429.70420941986214,0.0,20.72930798217495
20,1.5,Olanzapine,integrated_variance,2,260.14909045417227,0.0,16.129137932765417
20,1.5,Olanzapine,integrated_variance,3,260.5427908165262,0.0,16.141337950012886
20,1.5,Olanzapine,integrated_variance,4,349.8318803678369,0.0,18.703793208005614
20,1.5,Olanzapine,integrated_variance,5,429.70420941986225,0.0,20.729307982174955
20,1.5,Olanzapine,random,2,260.14909045417227,0.0,16.129137932765417
20,1.5,Olanzapine,random,3,273.54427502782846,0.0,16.539173952402475
20,1.5,Olanzapine,random,4,327.91185672732814,0.0,18.108336663739387
20,1.5,Olanzapine,random,5,429.70420941986214,0.0,20.72930798217495
20,1.5,Olanzapine,space_filling,2,260.14909045417227,0.0,16.129137932765417
20,1.5,Olanzapine,space_filling,3,274.4511521711209,0.0,16.566567301982655
20,1.5,Olanzapine,space_filling,4,305.07659976809333,0.0,17.466442103877174
20,1.5,Olanzapine,space_filling,5,429.70420941986214,0.0,20.72930798217495
20,1.5,Pioglitazone,decision_voi,2,516.512741006443,0.16666666666666666,22.72691666298891
20,1.5,Pioglitazone,decision_voi,3,435.34761686511183,0.16666666666666666,20.864985426908685
20,1.5,Pioglitazone,decision_voi,4,443.4733960110948,0.16666666666666666,21.058808038706626
20,1.5,Pioglitazone,decision_voi,5,549.2219546825733,0.16666666666666666,23.435484946605506
20,1.5,Pioglitazone,decision_voi_adaptive,2,516.512741006443,0.16666666666666666,22.72691666298891
20,1.5,Pioglitazone,decision_voi_adaptive,3,435.34761686511183,0.16666666666666666,20.864985426908685
20,1.5,Pioglitazone,decision_voi_adaptive,4,443.4733960110948,0.16666666666666666,21.058808038706626
20,1.5,Pioglitazone,decision_voi_adaptive,5,549.2219546825733,0.16666666666666666,23.435484946605506
20,1.5,Pioglitazone,integrated_variance,2,516.512741006443,0.16666666666666666,22.72691666298891
20,1.5,Pioglitazone,integrated_variance,3,511.9526384001726,0.16666666666666666,22.626370420378354
20,1.5,Pioglitazone,integrated_variance,4,454.2617372491854,0.16666666666666666,21.313416836565306
20,1.5,Pioglitazone,integrated_variance,5,549.2219546825733,0.16666666666666666,23.435484946605506
20,1.5,Pioglitazone,random,2,516.512741006443,0.16666666666666666,22.72691666298891
20,1.5,Pioglitazone,random,3,438.94974292904743,0.16666666666666666,20.9511274858669
20,1.5,Pioglitazone,random,4,455.8951657806022,0.16666666666666666,21.351701706903885
20,1.5,Pioglitazone,random,5,549.2219546825733,0.16666666666666666,23.435484946605506
20,1.5,Pioglitazone,space_filling,2,516.512741006443,0.16666666666666666,22.72691666298891
20,1.5,Pioglitazone,space_filling,3,490.4558936197389,0.16666666666666666,22.146238814293927
20,1.5,Pioglitazone,space_filling,4,406.62855945223674,0.16666666666666666,20.16503308830007
20,1.5,Pioglitazone,space_filling,5,549.2219546825733,0.16666666666666666,23.435484946605506
20,1.5,Troglitazone,decision_voi,2,2751.6660593829183,0.3333333333333333,52.45632525618735
20,1.5,Troglitazone,decision_voi,3,3131.205440491678,0.3333333333333333,55.95717505817889
20,1.5,Troglitazone,decision_voi,4,3133.9268505242144,0.3333333333333333,55.98148667661671
20,1.5,Troglitazone,decision_voi,5,3107.26429471765,0.3333333333333333,55.742840748545014
20,1.5,Troglitazone,decision_voi_adaptive,2,2751.6660593829183,0.3333333333333333,52.45632525618735
20,1.5,Troglitazone,decision_voi_adaptive,3,3131.205440491678,0.3333333333333333,55.95717505817889
20,1.5,Troglitazone,decision_voi_adaptive,4,3133.9268505242144,0.3333333333333333,55.98148667661671
20,1.5,Troglitazone,decision_voi_adaptive,5,3107.26429471765,0.3333333333333333,55.742840748545014
20,1.5,Troglitazone,integrated_variance,2,2751.6660593829183,0.3333333333333333,52.45632525618735
20,1.5,Troglitazone,integrated_variance,3,2783.8991570710728,0.3333333333333333,52.76266821409881
20,1.5,Troglitazone,integrated_variance,4,3122.820662890284,0.3333333333333333,55.882203454143465
20,1.5,Troglitazone,integrated_variance,5,3107.26429471765,0.3333333333333333,55.742840748545014
20,1.5,Troglitazone,random,2,2751.6660593829183,0.3333333333333333,52.45632525618735
20,1.5,Troglitazone,random,3,3101.000073927498,0.3333333333333333,55.68662383308489
20,1.5,Troglitazone,random,4,3137.710691426442,0.3333333333333333,56.01527194816108
20,1.5,Troglitazone,random,5,3107.26429471765,0.3333333333333333,55.742840748545014
20,1.5,Troglitazone,space_filling,2,2751.6660593829183,0.3333333333333333,52.45632525618735
20,1.5,Troglitazone,space_filling,3,2782.7917015315875,0.3333333333333333,52.752172481629486
20,1.5,Troglitazone,space_filling,4,3133.9268505242144,0.3333333333333333,55.98148667661671
20,1.5,Troglitazone,space_filling,5,3107.26429471765,0.3333333333333333,55.742840748545014
20,1.5,Trovafloxacin,decision_voi,2,370.6331648622813,0.3333333333333333,19.251835363473305
20,1.5,Trovafloxacin,decision_voi,3,435.5211578926701,0.3333333333333333,20.869143678950273
20,1.5,Trovafloxacin,decision_voi,4,530.4008624611389,0.3333333333333333,23.030433397162522
20,1.5,Trovafloxacin,decision_voi,5,489.87073284409286,0.3333333333333333,22.133023581157925
20,1.5,Trovafloxacin,decision_voi_adaptive,2,370.6331648622813,0.3333333333333333,19.251835363473305
20,1.5,Trovafloxacin,decision_voi_adaptive,3,435.5211578926701,0.3333333333333333,20.869143678950273
20,1.5,Trovafloxacin,decision_voi_adaptive,4,530.4008624611389,0.3333333333333333,23.030433397162522
20,1.5,Trovafloxacin,decision_voi_adaptive,5,489.87073284409286,0.3333333333333333,22.133023581157925
20,1.5,Trovafloxacin,integrated_variance,2,370.6331648622813,0.3333333333333333,19.251835363473305
20,1.5,Trovafloxacin,integrated_variance,3,438.0061108416996,0.3333333333333333,20.928595529602543
20,1.5,Trovafloxacin,integrated_variance,4,520.7171674140276,0.3333333333333333,22.819228019677343
20,1.5,Trovafloxacin,integrated_variance,5,489.8707328440928,0.3333333333333333,22.133023581157925
20,1.5,Trovafloxacin,random,2,370.6331648622813,0.3333333333333333,19.251835363473305
20,1.5,Trovafloxacin,random,3,429.90793175984527,0.3333333333333333,20.734221272086522
20,1.5,Trovafloxacin,random,4,489.9607410541328,0.3333333333333333,22.135056834219622
20,1.5,Trovafloxacin,random,5,489.8707328440928,0.3333333333333333,22.133023581157925
20,1.5,Trovafloxacin,space_filling,2,370.6331648622813,0.3333333333333333,19.251835363473305
20,1.5,Trovafloxacin,space_filling,3,499.46761764915755,0.3333333333333333,22.34877217319013
20,1.5,Trovafloxacin,space_filling,4,530.4008624611389,0.3333333333333333,23.030433397162522
20,1.5,Trovafloxacin,space_filling,5,489.8707328440928,0.3333333333333333,22.133023581157925
20,3.0,Clozapine,decision_voi,2,898.704029005356,0.0,29.978392702167273
20,3.0,Clozapine,decision_voi,3,441.0187444093651,0.0,21.000446290718802
20,3.0,Clozapine,decision_voi,4,318.7608870536764,0.0,17.85387596724242
20,3.0,Clozapine,decision_voi,5,268.72737765621423,0.0,16.39290632121755
20,3.0,Clozapine,decision_voi_adaptive,2,898.704029005356,0.0,29.978392702167273
20,3.0,Clozapine,decision_voi_adaptive,3,441.0187444093651,0.0,21.000446290718802
20,3.0,Clozapine,decision_voi_adaptive,4,318.7608870536764,0.0,17.85387596724242
20,3.0,Clozapine,decision_voi_adaptive,5,268.72737765621423,0.0,16.39290632121755
20,3.0,Clozapine,integrated_variance,2,898.704029005356,0.0,29.978392702167273
20,3.0,Clozapine,integrated_variance,3,309.91173158521747,0.0,17.60431002866109
20,3.0,Clozapine,integrated_variance,4,283.61750568104895,0.0,16.840947291677182
20,3.0,Clozapine,integrated_variance,5,268.7273776562143,0.0,16.39290632121755
20,3.0,Clozapine,random,2,898.704029005356,0.0,29.978392702167273
20,3.0,Clozapine,random,3,508.105955598084,0.0,22.54120572635998
20,3.0,Clozapine,random,4,316.33075698963495,0.0,17.785689668653138
20,3.0,Clozapine,random,5,268.72737765621423,0.0,16.39290632121755
20,3.0,Clozapine,space_filling,2,898.704029005356,0.0,29.978392702167273
20,3.0,Clozapine,space_filling,3,312.94701129254753,0.0,17.690308400153672
20,3.0,Clozapine,space_filling,4,318.7608870536765,0.0,17.853875967242423
20,3.0,Clozapine,space_filling,5,268.72737765621434,0.0,16.392906321217552
20,3.0,Levofloxacin,decision_voi,2,187.58110586978987,0.0,13.69602518505971
20,3.0,Levofloxacin,decision_voi,3,138.10587782267538,0.0,11.751845719829518
20,3.0,Levofloxacin,decision_voi,4,112.4827047752284,0.0,10.605786381745975
20,3.0,Levofloxacin,decision_voi_adaptive,2,187.58110586978987,0.0,13.69602518505971
20,3.0,Levofloxacin,decision_voi_adaptive,3,138.10587782267538,0.0,11.751845719829518
20,3.0,Levofloxacin,decision_voi_adaptive,4,112.4827047752284,0.0,10.605786381745975
20,3.0,Levofloxacin,integrated_variance,2,187.58110586978987,0.0,13.69602518505971
20,3.0,Levofloxacin,integrated_variance,3,127.99109940991532,0.0,11.313315137921126
20,3.0,Levofloxacin,integrated_variance,4,112.4827047752284,0.0,10.605786381745975
20,3.0,Levofloxacin,random,2,187.58110586978987,0.0,13.69602518505971
20,3.0,Levofloxacin,random,3,130.03426539315902,0.0,11.40325678888093
20,3.0,Levofloxacin,random,4,112.48270477522848,0.0,10.60578638174598
20,3.0,Levofloxacin,space_filling,2,187.58110586978987,0.0,13.69602518505971
20,3.0,Levofloxacin,space_filling,3,135.86887786187313,0.0,11.656280618699652
20,3.0,Levofloxacin,space_filling,4,112.48270477522848,0.0,10.60578638174598
20,3.0,Olanzapine,decision_voi,2,236.29329038850094,0.0,15.371834320877289
20,3.0,Olanzapine,decision_voi,3,259.65934384421263,0.0,16.11394873531043
20,3.0,Olanzapine,decision_voi,4,293.37196981381067,0.0,17.128104676636312
20,3.0,Olanzapine,decision_voi,5,273.8210513351632,0.0,16.547539132304937
20,3.0,Olanzapine,decision_voi_adaptive,2,236.29329038850094,0.0,15.371834320877289
20,3.0,Olanzapine,decision_voi_adaptive,3,259.65934384421263,0.0,16.11394873531043
20,3.0,Olanzapine,decision_voi_adaptive,4,293.37196981381067,0.0,17.128104676636312
20,3.0,Olanzapine,decision_voi_adaptive,5,273.8210513351632,0.0,16.547539132304937
20,3.0,Olanzapine,integrated_variance,2,236.29329038850094,0.0,15.371834320877289
20,3.0,Olanzapine,integrated_variance,3,233.28909835814196,0.0,15.273804318444766
20,3.0,Olanzapine,integrated_variance,4,323.1647610663531,0.0,17.976783946700618
20,3.0,Olanzapine,integrated_variance,5,273.82105133516313,0.0,16.547539132304934
20,3.0,Olanzapine,random,2,236.29329038850094,0.0,15.371834320877289
20,3.0,Olanzapine,random,3,271.181897186597,0.0,16.467601439997175
20,3.0,Olanzapine,random,4,262.70179763897704,0.0,16.208078159947807
20,3.0,Olanzapine,random,5,273.82105133516325,0.0,16.547539132304937
20,3.0,Olanzapine,space_filling,2,236.29329038850094,0.0,15.371834320877289
20,3.0,Olanzapine,space_filling,3,259.65934384421263,0.0,16.11394873531043
20,3.0,Olanzapine,space_filling,4,271.1382025988458,0.0,16.46627470312717
20,3.0,Olanzapine,space_filling,5,273.8210513351632,0.0,16.547539132304937
20,3.0,Pioglitazone,decision_voi,2,695.8131667105043,0.16666666666666666,26.378270730101022
20,3.0,Pioglitazone,decision_voi,3,460.0437326770816,0.16666666666666666,21.44863008858798
20,3.0,Pioglitazone,decision_voi,4,455.64259770831353,0.16666666666666666,21.34578641578505
20,3.0,Pioglitazone,decision_voi,5,477.93591111214255,0.16666666666666666,21.861745381193664
20,3.0,Pioglitazone,decision_voi_adaptive,2,695.8131667105043,0.16666666666666666,26.378270730101022
20,3.0,Pioglitazone,decision_voi_adaptive,3,460.0437326770816,0.16666666666666666,21.44863008858798
20,3.0,Pioglitazone,decision_voi_adaptive,4,455.64259770831353,0.16666666666666666,21.34578641578505
20,3.0,Pioglitazone,decision_voi_adaptive,5,477.93591111214255,0.16666666666666666,21.861745381193664
20,3.0,Pioglitazone,integrated_variance,2,695.8131667105043,0.16666666666666666,26.378270730101022
20,3.0,Pioglitazone,integrated_variance,3,539.3855057499935,0.16666666666666666,23.224674502562863
20,3.0,Pioglitazone,integrated_variance,4,524.2864744924141,0.16666666666666666,22.897302777672614
20,3.0,Pioglitazone,integrated_variance,5,477.93591111214255,0.16666666666666666,21.861745381193664
20,3.0,Pioglitazone,random,2,695.8131667105043,0.16666666666666666,26.378270730101022
20,3.0,Pioglitazone,random,3,484.54587413963554,0.16666666666666666,22.012402734359455
20,3.0,Pioglitazone,random,4,457.39640591313645,0.16666666666666666,21.386827859996828
20,3.0,Pioglitazone,random,5,477.9359111121427,0.16666666666666666,21.861745381193668
20,3.0,Pioglitazone,space_filling,2,695.8131667105043,0.16666666666666666,26.378270730101022
20,3.0,Pioglitazone,space_filling,3,502.1041481233069,0.16666666666666666,22.407680560988613
20,3.0,Pioglitazone,space_filling,4,455.6425977083136,0.16666666666666666,21.34578641578505
20,3.0,Pioglitazone,space_filling,5,477.9359111121427,0.16666666666666666,21.861745381193668
20,3.0,Troglitazone,decision_voi,2,3478.9821250448963,0.5,58.982896885833746
20,3.0,Troglitazone,decision_voi,3,2967.588585055042,0.3333333333333333,54.47557787720147
20,3.0,Troglitazone,decision_voi,4,2950.5110473977843,0.3333333333333333,54.318606824897344
20,3.0,Troglitazone,decision_voi,5,2949.4713956011424,0.3333333333333333,54.309036040065585
20,3.0,Troglitazone,decision_voi_adaptive,2,3478.9821250448963,0.5,58.982896885833746
20,3.0,Troglitazone,decision_voi_adaptive,3,2967.588585055042,0.3333333333333333,54.47557787720147
20,3.0,Troglitazone,decision_voi_adaptive,4,2950.5110473977843,0.3333333333333333,54.318606824897344
20,3.0,Troglitazone,decision_voi_adaptive,5,2949.4713956011424,0.3333333333333333,54.309036040065585
20,3.0,Troglitazone,integrated_variance,2,3478.9821250448963,0.5,58.982896885833746
20,3.0,Troglitazone,integrated_variance,3,3110.6051658375413,0.3333333333333333,55.77279951587101
20,3.0,Troglitazone,integrated_variance,4,2947.529298525357,0.3333333333333333,54.29115304103751
20,3.0,Troglitazone,integrated_variance,5,2949.471395601142,0.3333333333333333,54.30903604006558
20,3.0,Troglitazone,random,2,3478.9821250448963,0.5,58.982896885833746
20,3.0,Troglitazone,random,3,3133.899340344553,0.3333333333333333,55.981240968243576
20,3.0,Troglitazone,random,4,3002.9659126792462,0.3333333333333333,54.799324016626755
20,3.0,Troglitazone,random,5,2949.471395601142,0.3333333333333333,54.30903604006558
20,3.0,Troglitazone,space_filling,2,3478.9821250448963,0.5,58.982896885833746
20,3.0,Troglitazone,space_filling,3,2967.588585055042,0.3333333333333333,54.47557787720147
20,3.0,Troglitazone,space_filling,4,2950.5110473977843,0.3333333333333333,54.318606824897344
20,3.0,Troglitazone,space_filling,5,2949.4713956011424,0.3333333333333333,54.309036040065585
20,3.0,Trovafloxacin,decision_voi,2,365.4623231714577,0.16666666666666666,19.117068895922767
20,3.0,Trovafloxacin,decision_voi,3,522.7045967946143,0.3333333333333333,22.862733799670902
20,3.0,Trovafloxacin,decision_voi,4,460.0654253235164,0.3333333333333333,21.44913577101689
20,3.0,Trovafloxacin,decision_voi,5,442.02558461825424,0.3333333333333333,21.024404500918788
20,3.0,Trovafloxacin,decision_voi_adaptive,2,365.4623231714577,0.16666666666666666,19.117068895922767
20,3.0,Trovafloxacin,decision_voi_adaptive,3,522.7045967946143,0.3333333333333333,22.862733799670902
20,3.0,Trovafloxacin,decision_voi_adaptive,4,460.0654253235164,0.3333333333333333,21.44913577101689
20,3.0,Trovafloxacin,decision_voi_adaptive,5,442.02558461825424,0.3333333333333333,21.024404500918788
20,3.0,Trovafloxacin,integrated_variance,2,365.4623231714577,0.16666666666666666,19.117068895922767
20,3.0,Trovafloxacin,integrated_variance,3,357.64697724804824,0.3333333333333333,18.911556711388098
20,3.0,Trovafloxacin,integrated_variance,4,444.22929438282887,0.3333333333333333,21.076747718346606
20,3.0,Trovafloxacin,integrated_variance,5,442.02558461825447,0.3333333333333333,21.024404500918795
20,3.0,Trovafloxacin,random,2,365.4623231714577,0.16666666666666666,19.117068895922767
20,3.0,Trovafloxacin,random,3,431.7954126880649,0.3333333333333333,20.77968750217541
20,3.0,Trovafloxacin,random,4,441.51793594506194,0.3333333333333333,21.012328189542966
20,3.0,Trovafloxacin,random,5,442.0255846182543,0.3333333333333333,21.02440450091879
20,3.0,Trovafloxacin,space_filling,2,365.4623231714577,0.16666666666666666,19.117068895922767
20,3.0,Trovafloxacin,space_filling,3,431.63665841040046,0.3333333333333333,20.775867211993834
20,3.0,Trovafloxacin,space_filling,4,460.0654253235166,0.3333333333333333,21.449135771016895
20,3.0,Trovafloxacin,space_filling,5,442.0255846182544,0.3333333333333333,21.024404500918795
40,0.75,Clozapine,decision_voi,2,912.5861732217145,0.0,30.20904124962781
40,0.75,Clozapine,decision_voi,3,926.6697797898146,0.0,30.441251284889958
40,0.75,Clozapine,decision_voi,4,777.7608267449142,0.0,27.888363644088447
40,0.75,Clozapine,decision_voi,5,646.125233491915,0.0,25.418993557808598
40,0.75,Clozapine,decision_voi_adaptive,2,912.5861732217145,0.0,30.20904124962781
40,0.75,Clozapine,decision_voi_adaptive,3,926.6697797898146,0.0,30.441251284889958
40,0.75,Clozapine,decision_voi_adaptive,4,777.7608267449142,0.0,27.888363644088447
40,0.75,Clozapine,decision_voi_adaptive,5,646.125233491915,0.0,25.418993557808598
40,0.75,Clozapine,integrated_variance,2,912.5861732217145,0.0,30.20904124962781
40,0.75,Clozapine,integrated_variance,3,768.6890102616231,0.0,27.725241392305733
40,0.75,Clozapine,integrated_variance,4,710.3545456364435,0.0,26.652477288920885
40,0.75,Clozapine,integrated_variance,5,646.1252334919151,0.0,25.418993557808598
40,0.75,Clozapine,random,2,912.5861732217145,0.0,30.20904124962781
40,0.75,Clozapine,random,3,859.9882418860924,0.0,29.325556122366926
40,0.75,Clozapine,random,4,748.8640405696002,0.0,27.365380329343136
40,0.75,Clozapine,random,5,646.1252334919151,0.0,25.418993557808598
40,0.75,Clozapine,space_filling,2,912.5861732217145,0.0,30.20904124962781
40,0.75,Clozapine,space_filling,3,778.4349124388477,0.0,27.900446455905463
40,0.75,Clozapine,space_filling,4,777.7608267449142,0.0,27.888363644088447
40,0.75,Clozapine,space_filling,5,646.1252334919151,0.0,25.418993557808598
40,0.75,Levofloxacin,decision_voi,2,735.4302474819236,0.0,27.118817221293476
40,0.75,Levofloxacin,decision_voi,3,398.9627710540946,0.0,19.974052444461403
40,0.75,Levofloxacin,decision_voi,4,366.5894335605365,0.0,19.146525365207562
40,0.75,Levofloxacin,decision_voi_adaptive,2,735.4302474819236,0.0,27.118817221293476
40,0.75,Levofloxacin,decision_voi_adaptive,3,398.9627710540946,0.0,19.974052444461403
40,0.75,Levofloxacin,decision_voi_adaptive,4,366.5894335605365,0.0,19.146525365207562
40,0.75,Levofloxacin,integrated_variance,2,735.4302474819236,0.0,27.118817221293476
40,0.75,Levofloxacin,integrated_variance,3,399.3313833565447,0.0,19.98327759294117
40,0.75,Levofloxacin,integrated_variance,4,366.5894335605365,0.0,19.146525365207562
40,0.75,Levofloxacin,random,2,735.4302474819236,0.0,27.118817221293476
40,0.75,Levofloxacin,random,3,472.069000442413,0.0,21.727148925765963
40,0.75,Levofloxacin,random,4,366.5894335605365,0.0,19.146525365207562
40,0.75,Levofloxacin,space_filling,2,735.4302474819236,0.0,27.118817221293476
40,0.75,Levofloxacin,space_filling,3,399.3313833565447,0.0,19.98327759294117
40,0.75,Levofloxacin,space_filling,4,366.5894335605365,0.0,19.146525365207562
40,0.75,Olanzapine,decision_voi,2,583.9051272861295,0.0,24.164128937044875
40,0.75,Olanzapine,decision_voi,3,523.0048753777238,0.0,22.869299844501665
40,0.75,Olanzapine,decision_voi,4,525.6575373332571,0.0,22.927222625805705
40,0.75,Olanzapine,decision_voi,5,527.095506408031,0.0,22.95856063450039
40,0.75,Olanzapine,decision_voi_adaptive,2,583.9051272861295,0.0,24.164128937044875
40,0.75,Olanzapine,decision_voi_adaptive,3,523.0048753777238,0.0,22.869299844501665
40,0.75,Olanzapine,decision_voi_adaptive,4,525.6575373332571,0.0,22.927222625805705
40,0.75,Olanzapine,decision_voi_adaptive,5,527.095506408031,0.0,22.95856063450039
40,0.75,Olanzapine,integrated_variance,2,583.9051272861295,0.0,24.164128937044875
40,0.75,Olanzapine,integrated_variance,3,534.4413065367304,0.0,23.11798664539649
40,0.75,Olanzapine,integrated_variance,4,525.6575373332571,0.0,22.927222625805705
40,0.75,Olanzapine,integrated_variance,5,527.095506408031,0.0,22.95856063450039
40,0.75,Olanzapine,random,2,583.9051272861296,0.0,24.16412893704488
40,0.75,Olanzapine,random,3,547.7877753744459,0.0,23.404866489139515
40,0.75,Olanzapine,random,4,532.7436071367929,0.0,23.081239289448757
40,0.75,Olanzapine,random,5,527.0955064080312,0.0,22.958560634500394
40,0.75,Olanzapine,space_filling,2,583.9051272861295,0.0,24.164128937044875
40,0.75,Olanzapine,space_filling,3,523.0048753777238,0.0,22.869299844501665
40,0.75,Olanzapine,space_filling,4,524.4247887885059,0.0,22.90032289703588
40,0.75,Olanzapine,space_filling,5,527.095506408031,0.0,22.95856063450039
40,0.75,Pioglitazone,decision_voi,2,528.3839570166455,0.16666666666666666,22.986603860001708
40,0.75,Pioglitazone,decision_voi,3,540.4982530190206,0.16666666666666666,23.248618303439468
40,0.75,Pioglitazone,decision_voi,4,543.6864433688448,0.16666666666666666,23.31708479567814
40,0.75,Pioglitazone,decision_voi,5,568.3999980359121,0.16666666666666666,23.841140871105814
40,0.75,Pioglitazone,decision_voi_adaptive,2,528.3839570166455,0.16666666666666666,22.986603860001708
40,0.75,Pioglitazone,decision_voi_adaptive,3,540.4982530190206,0.16666666666666666,23.248618303439468
40,0.75,Pioglitazone,decision_voi_adaptive,4,543.6864433688448,0.16666666666666666,23.31708479567814
40,0.75,Pioglitazone,decision_voi_adaptive,5,568.3999980359121,0.16666666666666666,23.841140871105814
40,0.75,Pioglitazone,integrated_variance,2,528.3839570166455,0.16666666666666666,22.986603860001708
40,0.75,Pioglitazone,integrated_variance,3,531.2455889590126,0.16666666666666666,23.048765454119504
40,0.75,Pioglitazone,integrated_variance,4,552.2700647903475,0.16666666666666666,23.500426906555283
40,0.75,Pioglitazone,integrated_variance,5,568.3999980359121,0.16666666666666666,23.841140871105814
40,0.75,Pioglitazone,random,2,528.3839570166455,0.16666666666666666,22.986603860001708
40,0.75,Pioglitazone,random,3,537.418728026127,0.16666666666666666,23.18229341601316
40,0.75,Pioglitazone,random,4,546.6069877575154,0.16666666666666666,23.379627622302188
40,0.75,Pioglitazone,random,5,568.3999980359121,0.16666666666666666,23.841140871105814
40,0.75,Pioglitazone,space_filling,2,528.3839570166455,0.16666666666666666,22.986603860001708
40,0.75,Pioglitazone,space_filling,3,539.2718840256343,0.16666666666666666,23.222228231279495
40,0.75,Pioglitazone,space_filling,4,543.6864433688448,0.16666666666666666,23.31708479567814
40,0.75,Pioglitazone,space_filling,5,568.3999980359121,0.16666666666666666,23.841140871105814
40,0.75,Troglitazone,decision_voi,2,1991.8862507272186,0.16666666666666666,44.6305528839518
40,0.75,Troglitazone,decision_voi,3,2070.8300247753814,0.16666666666666666,45.50637345224712
40,0.75,Troglitazone,decision_voi,4,2049.9348534967207,0.16666666666666666,45.27620626219384
40,0.75,Troglitazone,decision_voi,5,2049.8883613088624,0.16666666666666666,45.27569283079898
40,0.75,Troglitazone,decision_voi_adaptive,2,1991.8862507272186,0.16666666666666666,44.6305528839518
40,0.75,Troglitazone,decision_voi_adaptive,3,2070.8300247753814,0.16666666666666666,45.50637345224712
40,0.75,Troglitazone,decision_voi_adaptive,4,2049.9348534967207,0.16666666666666666,45.27620626219384
40,0.75,Troglitazone,decision_voi_adaptive,5,2049.8883613088624,0.16666666666666666,45.27569283079898
40,0.75,Troglitazone,integrated_variance,2,1991.8862507272186,0.16666666666666666,44.6305528839518
40,0.75,Troglitazone,integrated_variance,3,1968.386830550268,0.16666666666666666,44.36650572842387
40,0.75,Troglitazone,integrated_variance,4,2049.335023733852,0.16666666666666666,45.26958166068968
40,0.75,Troglitazone,integrated_variance,5,2049.8883613088624,0.16666666666666666,45.27569283079898
40,0.75,Troglitazone,random,2,1991.8862507272186,0.16666666666666666,44.6305528839518
40,0.75,Troglitazone,random,3,2039.0896867128904,0.16666666666666666,45.156280700616726
40,0.75,Troglitazone,random,4,2046.0575509426637,0.16666666666666666,45.233367671915204
40,0.75,Troglitazone,random,5,2049.8883613088624,0.16666666666666666,45.27569283079898
40,0.75,Troglitazone,space_filling,2,1991.8862507272186,0.16666666666666666,44.6305528839518
40,0.75,Troglitazone,space_filling,3,2003.3751525456257,0.16666666666666666,44.75907899572584
40,0.75,Troglitazone,space_filling,4,2048.3173431025784,0.16666666666666666,45.25834003918591
40,0.75,Troglitazone,space_filling,5,2049.8883613088624,0.16666666666666666,45.27569283079898
40,0.75,Trovafloxacin,decision_voi,2,960.9614774411015,0.3333333333333333,30.999378662178078
40,0.75,Trovafloxacin,decision_voi,3,997.3195576839677,0.3333333333333333,31.580366648979357
40,0.75,Trovafloxacin,decision_voi,4,1008.4265401945535,0.3333333333333333,31.75573239896308
40,0.75,Trovafloxacin,decision_voi,5,1010.2114992634688,0.3333333333333333,31.783824490823456
40,0.75,Trovafloxacin,decision_voi_adaptive,2,960.9614774411015,0.3333333333333333,30.999378662178078
40,0.75,Trovafloxacin,decision_voi_adaptive,3,997.3195576839677,0.3333333333333333,31.580366648979357
40,0.75,Trovafloxacin,decision_voi_adaptive,4,1008.4265401945535,0.3333333333333333,31.75573239896308
40,0.75,Trovafloxacin,decision_voi_adaptive,5,1010.2114992634688,0.3333333333333333,31.783824490823456
40,0.75,Trovafloxacin,integrated_variance,2,960.9614774411015,0.3333333333333333,30.999378662178078
40,0.75,Trovafloxacin,integrated_variance,3,965.7930294921603,0.3333333333333333,31.077210774008666
40,0.75,Trovafloxacin,integrated_variance,4,1009.5827893608972,0.3333333333333333,31.773932544790505
40,0.75,Trovafloxacin,integrated_variance,5,1010.2114992634691,0.3333333333333333,31.78382449082346
40,0.75,Trovafloxacin,random,2,960.9614774411015,0.3333333333333333,30.999378662178078
40,0.75,Trovafloxacin,random,3,984.3348979894228,0.3333333333333333,31.37411190758111
40,0.75,Trovafloxacin,random,4,999.6559858322057,0.3333333333333333,31.617336792212683
40,0.75,Trovafloxacin,random,5,1010.2114992634691,0.3333333333333333,31.78382449082346
40,0.75,Trovafloxacin,space_filling,2,960.9614774411015,0.3333333333333333,30.999378662178078
40,0.75,Trovafloxacin,space_filling,3,984.0277220803059,0.3333333333333333,31.369216153425096
40,0.75,Trovafloxacin,space_filling,4,1008.4265401945535,0.3333333333333333,31.75573239896308
40,0.75,Trovafloxacin,space_filling,5,1010.2114992634691,0.3333333333333333,31.78382449082346
40,1.5,Clozapine,decision_voi,2,826.9431408976761,0.0,28.75661907974712
40,1.5,Clozapine,decision_voi,3,790.8669880096367,0.0,28.122357440471394
40,1.5,Clozapine,decision_voi,4,515.2612069036626,0.0,22.699365781969824
40,1.5,Clozapine,decision_voi,5,407.0223361499828,0.0,20.17479457516192
40,1.5,Clozapine,decision_voi_adaptive,2,826.9431408976761,0.0,28.75661907974712
40,1.5,Clozapine,decision_voi_adaptive,3,797.6269382912396,0.0,28.242289891070087
40,1.5,Clozapine,decision_voi_adaptive,4,515.2612069036626,0.0,22.699365781969824
40,1.5,Clozapine,decision_voi_adaptive,5,407.0223361499828,0.0,20.17479457516192
40,1.5,Clozapine,integrated_variance,2,826.9431408976761,0.0,28.75661907974712
40,1.5,Clozapine,integrated_variance,3,503.6711878655424,0.0,22.442619897541874
40,1.5,Clozapine,integrated_variance,4,413.7049368282057,0.0,20.339737875110526
40,1.5,Clozapine,integrated_variance,5,407.0223361499828,0.0,20.17479457516192
40,1.5,Clozapine,random,2,826.9431408976761,0.0,28.75661907974712
40,1.5,Clozapine,random,3,681.705943811157,0.0,26.10949911069067
40,1.5,Clozapine,random,4,497.3216846411433,0.0,22.300710406647212
40,1.5,Clozapine,random,5,407.0223361499827,0.0,20.17479457516192
40,1.5,Clozapine,space_filling,2,826.9431408976761,0.0,28.75661907974712
40,1.5,Clozapine,space_filling,3,511.1545900394953,0.0,22.608728182706237
40,1.5,Clozapine,space_filling,4,515.2612069036626,0.0,22.699365781969824
40,1.5,Clozapine,space_filling,5,407.02233614998266,0.0,20.174794575161915
40,1.5,Levofloxacin,decision_voi,2,419.3177704932885,0.0,20.47725007156206
40,1.5,Levofloxacin,decision_voi,3,261.91363201914766,0.0,16.18374592049528
40,1.5,Levofloxacin,decision_voi,4,189.01699322335926,0.0,13.74834510853431
40,1.5,Levofloxacin,decision_voi_adaptive,2,419.3177704932885,0.0,20.47725007156206
40,1.5,Levofloxacin,decision_voi_adaptive,3,261.91363201914766,0.0,16.18374592049528
40,1.5,Levofloxacin,decision_voi_adaptive,4,189.01699322335926,0.0,13.74834510853431
40,1.5,Levofloxacin,integrated_variance,2,419.3177704932885,0.0,20.47725007156206
40,1.5,Levofloxacin,integrated_variance,3,242.98581225890567,0.0,15.588002189469492
40,1.5,Levofloxacin,integrated_variance,4,189.01699322335926,0.0,13.74834510853431
40,1.5,Levofloxacin,random,2,419.3177704932885,0.0,20.47725007156206
40,1.5,Levofloxacin,random,3,247.3644732454752,0.0,15.727824809727352
40,1.5,Levofloxacin,random,4,189.01699322335926,0.0,13.74834510853431
40,1.5,Levofloxacin,space_filling,2,419.3177704932885,0.0,20.47725007156206
40,1.5,Levofloxacin,space_filling,3,242.98581225890567,0.0,15.588002189469492
40,1.5,Levofloxacin,space_filling,4,189.01699322335926,0.0,13.74834510853431
40,1.5,Olanzapine,decision_voi,2,346.96379080187194,0.0,18.626964079040683
40,1.5,Olanzapine,decision_voi,3,327.67093527122813,0.0,18.10168321651962
40,1.5,Olanzapine,decision_voi,4,356.5102776226875,0.0,18.88147975193384
40,1.5,Olanzapine,decision_voi,5,349.7783322922043,0.0,18.70236167686328
40,1.5,Olanzapine,decision_voi_adaptive,2,346.96379080187194,0.0,18.626964079040683
40,1.5,Olanzapine,decision_voi_adaptive,3,327.67093527122813,0.0,18.10168321651962
40,1.5,Olanzapine,decision_voi_adaptive,4,356.5102776226875,0.0,18.88147975193384
40,1.5,Olanzapine,decision_voi_adaptive,5,349.7783322922043,0.0,18.70236167686328
40,1.5,Olanzapine,integrated_variance,2,346.96379080187194,0.0,18.626964079040683
40,1.5,Olanzapine,integrated_variance,3,316.7813373087085,0.0,17.79835209531232
40,1.5,Olanzapine,integrated_variance,4,371.18354263029096,0.0,19.266124224407225
40,1.5,Olanzapine,integrated_variance,5,349.7783322922043,0.0,18.70236167686328
40,1.5,Olanzapine,random,2,346.96379080187194,0.0,18.626964079040683
40,1.5,Olanzapine,random,3,321.510892486969,0.0,17.930724817668946
40,1.5,Olanzapine,random,4,335.9690459072088,0.0,18.32945841827327
40,1.5,Olanzapine,random,5,349.7783322922043,0.0,18.70236167686328
40,1.5,Olanzapine,space_filling,2,346.96379080187194,0.0,18.626964079040683
40,1.5,Olanzapine,space_filling,3,327.67093527122813,0.0,18.10168321651962
40,1.5,Olanzapine,space_filling,4,338.54854826961656,0.0,18.399688809042846
40,1.5,Olanzapine,space_filling,5,349.7783322922043,0.0,18.70236167686328
40,1.5,Pioglitazone,decision_voi,2,500.36135520788804,0.16666666666666666,22.36875846371202
40,1.5,Pioglitazone,decision_voi,3,494.71776837682336,0.16666666666666666,22.24225187288426
40,1.5,Pioglitazone,decision_voi,4,517.1657365703498,0.16666666666666666,22.741278252779676
40,1.5,Pioglitazone,decision_voi,5,532.8644412295565,0.16666666666666666,23.083856723467086
40,1.5,Pioglitazone,decision_voi_adaptive,2,500.36135520788804,0.16666666666666666,22.36875846371202
40,1.5,Pioglitazone,decision_voi_adaptive,3,494.71776837682336,0.16666666666666666,22.24225187288426
40,1.5,Pioglitazone,decision_voi_adaptive,4,517.1657365703498,0.16666666666666666,22.741278252779676
40,1.5,Pioglitazone,decision_voi_adaptive,5,532.8644412295565,0.16666666666666666,23.083856723467086
40,1.5,Pioglitazone,integrated_variance,2,500.36135520788804,0.16666666666666666,22.36875846371202
40,1.5,Pioglitazone,integrated_variance,3,491.5297728115301,0.16666666666666666,22.170470739511376
40,1.5,Pioglitazone,integrated_variance,4,543.6380036982298,0.16666666666666666,23.3160460562727
40,1.5,Pioglitazone,integrated_variance,5,532.8644412295565,0.16666666666666666,23.083856723467086
40,1.5,Pioglitazone,random,2,500.36135520788804,0.16666666666666666,22.36875846371202
40,1.5,Pioglitazone,random,3,492.99043112359897,0.16666666666666666,22.203387829869545
40,1.5,Pioglitazone,random,4,495.55033309293975,0.16666666666666666,22.260959842130344
40,1.5,Pioglitazone,random,5,532.8644412295564,0.16666666666666666,23.083856723467083
40,1.5,Pioglitazone,space_filling,2,500.36135520788804,0.16666666666666666,22.36875846371202
40,1.5,Pioglitazone,space_filling,3,494.19930056918116,0.16666666666666666,22.230593797044225
40,1.5,Pioglitazone,space_filling,4,490.03618407141215,0.16666666666666666,22.136760920952554
40,1.5,Pioglitazone,space_filling,5,532.8644412295563,0.16666666666666666,23.08385672346708
40,1.5,Troglitazone,decision_voi,2,2325.871596905105,0.16666666666666666,48.22729099695633
40,1.5,Troglitazone,decision_voi,3,2522.3838255699684,0.16666666666666666,50.22333945059775
40,1.5,Troglitazone,decision_voi,4,2450.991080876613,0.16666666666666666,49.50748509949393
40,1.5,Troglitazone,decision_voi,5,2455.751248009583,0.16666666666666666,49.555537006570546
40,1.5,Troglitazone,decision_voi_adaptive,2,2325.871596905105,0.16666666666666666,48.22729099695633
40,1.5,Troglitazone,decision_voi_adaptive,3,2522.3838255699684,0.16666666666666666,50.22333945059775
40,1.5,Troglitazone,decision_voi_adaptive,4,2450.991080876613,0.16666666666666666,49.50748509949393
40,1.5,Troglitazone,decision_voi_adaptive,5,2455.751248009583,0.16666666666666666,49.555537006570546
40,1.5,Troglitazone,integrated_variance,2,2325.871596905105,0.16666666666666666,48.22729099695633
40,1.5,Troglitazone,integrated_variance,3,2337.2078611079082,0.16666666666666666,48.344677691633315
40,1.5,Troglitazone,integrated_variance,4,2451.427498351614,0.16666666666666666,49.5118924941434
40,1.5,Troglitazone,integrated_variance,5,2455.751248009583,0.16666666666666666,49.555537006570546
40,1.5,Troglitazone,random,2,2325.871596905105,0.16666666666666666,48.22729099695633
40,1.5,Troglitazone,random,3,2442.455404877912,0.16666666666666666,49.421204000690956
40,1.5,Troglitazone,random,4,2452.173442098762,0.16666666666666666,49.51942489668839
40,1.5,Troglitazone,random,5,2455.7512480095834,0.16666666666666666,49.55553700657055
40,1.5,Troglitazone,space_filling,2,2325.871596905105,0.16666666666666666,48.22729099695633
40,1.5,Troglitazone,space_filling,3,2372.4948563024486,0.16666666666666666,48.70826271078089
40,1.5,Troglitazone,space_filling,4,2451.5819874388967,0.16666666666666666,49.51345259057276
40,1.5,Troglitazone,space_filling,5,2455.751248009583,0.16666666666666666,49.555537006570546
40,1.5,Trovafloxacin,decision_voi,2,568.2488712880228,0.3333333333333333,23.83797120746694
40,1.5,Trovafloxacin,decision_voi,3,695.0186915305288,0.3333333333333333,26.363207155627496
40,1.5,Trovafloxacin,decision_voi,4,714.1255402825399,0.3333333333333333,26.723127442021823
40,1.5,Trovafloxacin,decision_voi,5,712.3436884874264,0.3333333333333333,26.689767486574823
40,1.5,Trovafloxacin,decision_voi_adaptive,2,568.2488712880228,0.3333333333333333,23.83797120746694
40,1.5,Trovafloxacin,decision_voi_adaptive,3,695.0186915305288,0.3333333333333333,26.363207155627496
40,1.5,Trovafloxacin,decision_voi_adaptive,4,714.1255402825399,0.3333333333333333,26.723127442021823
40,1.5,Trovafloxacin,decision_voi_adaptive,5,712.3436884874264,0.3333333333333333,26.689767486574823
40,1.5,Trovafloxacin,integrated_variance,2,568.2488712880228,0.3333333333333333,23.83797120746694
40,1.5,Trovafloxacin,integrated_variance,3,591.9049347269506,0.3333333333333333,24.32909646343141
40,1.5,Trovafloxacin,integrated_variance,4,713.0662608843177,0.3333333333333333,26.703300561621923
40,1.5,Trovafloxacin,integrated_variance,5,712.3436884874264,0.3333333333333333,26.689767486574823
40,1.5,Trovafloxacin,random,2,568.2488712880228,0.3333333333333333,23.83797120746694
40,1.5,Trovafloxacin,random,3,651.5136719136677,0.3333333333333333,25.524765854237874
40,1.5,Trovafloxacin,random,4,690.1834815408694,0.3333333333333333,26.271343352422413
40,1.5,Trovafloxacin,random,5,712.3436884874264,0.3333333333333333,26.689767486574823
40,1.5,Trovafloxacin,space_filling,2,568.2488712880228,0.3333333333333333,23.83797120746694
40,1.5,Trovafloxacin,space_filling,3,651.8084092330391,0.3333333333333333,25.530538757202894
40,1.5,Trovafloxacin,space_filling,4,714.1255402825401,0.3333333333333333,26.723127442021827
40,1.5,Trovafloxacin,space_filling,5,712.3436884874264,0.3333333333333333,26.689767486574823
40,3.0,Clozapine,decision_voi,2,928.4480705673151,0.0,30.470445854422856
40,3.0,Clozapine,decision_voi,3,927.3351590562512,0.0,30.452178231716875
40,3.0,Clozapine,decision_voi,4,605.049575543249,0.0,24.59775549807846
40,3.0,Clozapine,decision_voi,5,494.64527976858227,0.0,22.24062228824954
40,3.0,Clozapine,decision_voi_adaptive,2,928.4480705673151,0.0,30.470445854422856
40,3.0,Clozapine,decision_voi_adaptive,3,927.3351590562512,0.0,30.452178231716875
40,3.0,Clozapine,decision_voi_adaptive,4,605.049575543249,0.0,24.59775549807846
40,3.0,Clozapine,decision_voi_adaptive,5,494.64527976858227,0.0,22.24062228824954
40,3.0,Clozapine,integrated_variance,2,928.4480705673151,0.0,30.470445854422856
40,3.0,Clozapine,integrated_variance,3,540.2356669554842,0.0,23.24297026964248
40,3.0,Clozapine,integrated_variance,4,510.87679739468285,0.0,22.602583865449606
40,3.0,Clozapine,integrated_variance,5,494.64527976858227,0.0,22.24062228824954
40,3.0,Clozapine,random,2,928.4480705673151,0.0,30.470445854422856
40,3.0,Clozapine,random,3,773.0894746168445,0.0,27.804486591498943
40,3.0,Clozapine,random,4,585.2558403077476,0.0,24.192061514218825
40,3.0,Clozapine,random,5,494.6452797685824,0.0,22.240622288249543
40,3.0,Clozapine,space_filling,2,928.4480705673151,0.0,30.470445854422856
40,3.0,Clozapine,space_filling,3,547.547212743246,0.0,23.399726766422848
40,3.0,Clozapine,space_filling,4,615.3522361071088,0.0,24.806294284054374
40,3.0,Clozapine,space_filling,5,494.64527976858227,0.0,22.24062228824954
40,3.0,Levofloxacin,decision_voi,2,319.9531264422246,0.0,17.88723361624778
40,3.0,Levofloxacin,decision_voi,3,255.83597509704933,0.0,15.994873400469581
40,3.0,Levofloxacin,decision_voi,4,170.45609738742417,0.0,13.055883631046356
40,3.0,Levofloxacin,decision_voi_adaptive,2,319.9531264422246,0.0,17.88723361624778
40,3.0,Levofloxacin,decision_voi_adaptive,3,255.83597509704933,0.0,15.994873400469581
40,3.0,Levofloxacin,decision_voi_adaptive,4,170.45609738742417,0.0,13.055883631046356
40,3.0,Levofloxacin,integrated_variance,2,319.9531264422246,0.0,17.88723361624778
40,3.0,Levofloxacin,integrated_variance,3,225.8782681770693,0.0,15.029247092821027
40,3.0,Levofloxacin,integrated_variance,4,170.45609738742417,0.0,13.055883631046356
40,3.0,Levofloxacin,random,2,319.9531264422246,0.0,17.88723361624778
40,3.0,Levofloxacin,random,3,200.36089795789707,0.0,14.154889542412441
40,3.0,Levofloxacin,random,4,170.4560973874242,0.0,13.055883631046356
40,3.0,Levofloxacin,space_filling,2,319.9531264422246,0.0,17.88723361624778
40,3.0,Levofloxacin,space_filling,3,211.82691249815966,0.0,14.554274715634566
40,3.0,Levofloxacin,space_filling,4,170.45609738742417,0.0,13.055883631046356
40,3.0,Olanzapine,decision_voi,2,231.71161455515426,0.0,15.222076552006769
40,3.0,Olanzapine,decision_voi,3,269.7577065935721,0.0,16.424302316797878
40,3.0,Olanzapine,decision_voi,4,241.3328844250331,0.0,15.534892481927034
40,3.0,Olanzapine,decision_voi,5,245.37172114870665,0.0,15.664345538473883
40,3.0,Olanzapine,decision_voi_adaptive,2,231.71161455515426,0.0,15.222076552006769
40,3.0,Olanzapine,decision_voi_adaptive,3,269.7577065935721,0.0,16.424302316797878
40,3.0,Olanzapine,decision_voi_adaptive,4,241.3328844250331,0.0,15.534892481927034
40,3.0,Olanzapine,decision_voi_adaptive,5,245.37172114870665,0.0,15.664345538473883
40,3.0,Olanzapine,integrated_variance,2,231.71161455515426,0.0,15.222076552006769
40,3.0,Olanzapine,integrated_variance,3,245.71077761320035,0.0,15.675164356816179
40,3.0,Olanzapine,integrated_variance,4,300.93900121128166,0.0,17.347593527958903
40,3.0,Olanzapine,integrated_variance,5,245.3717211487067,0.0,15.664345538473885
40,3.0,Olanzapine,random,2,231.71161455515426,0.0,15.222076552006769
40,3.0,Olanzapine,random,3,250.10683098944455,0.0,15.814766232525997
40,3.0,Olanzapine,random,4,254.92909150065847,0.0,15.966499037066907
40,3.0,Olanzapine,random,5,245.37172114870668,0.0,15.664345538473885
40,3.0,Olanzapine,space_filling,2,231.71161455515426,0.0,15.222076552006769
40,3.0,Olanzapine,space_filling,3,269.7577065935721,0.0,16.424302316797878
40,3.0,Olanzapine,space_filling,4,272.3122706851684,0.0,16.501886882570986
40,3.0,Olanzapine,space_filling,5,245.37172114870665,0.0,15.664345538473883
40,3.0,Pioglitazone,decision_voi,2,606.2631968508857,0.16666666666666666,24.622412490470662
40,3.0,Pioglitazone,decision_voi,3,605.9023884616308,0.16666666666666666,24.615084571490524
40,3.0,Pioglitazone,decision_voi,4,540.8372599696439,0.16666666666666666,23.255908065901103
40,3.0,Pioglitazone,decision_voi,5,527.1188245996527,0.16666666666666666,22.959068461060276
40,3.0,Pioglitazone,decision_voi_adaptive,2,606.2631968508857,0.16666666666666666,24.622412490470662
40,3.0,Pioglitazone,decision_voi_adaptive,3,605.9023884616308,0.16666666666666666,24.615084571490524
40,3.0,Pioglitazone,decision_voi_adaptive,4,540.8372599696439,0.16666666666666666,23.255908065901103
40,3.0,Pioglitazone,decision_voi_adaptive,5,527.1188245996527,0.16666666666666666,22.959068461060276
40,3.0,Pioglitazone,integrated_variance,2,606.2631968508857,0.16666666666666666,24.622412490470662
40,3.0,Pioglitazone,integrated_variance,3,514.3501356034595,0.16666666666666666,22.67928869262569
40,3.0,Pioglitazone,integrated_variance,4,573.0414410722179,0.16666666666666666,23.938284004335355
40,3.0,Pioglitazone,integrated_variance,5,527.1188245996528,0.16666666666666666,22.95906846106028
40,3.0,Pioglitazone,random,2,606.2631968508857,0.16666666666666666,24.622412490470662
40,3.0,Pioglitazone,random,3,567.8718762411031,0.16666666666666666,23.830062447276614
40,3.0,Pioglitazone,random,4,533.361142683135,0.16666666666666666,23.094612849821385
40,3.0,Pioglitazone,random,5,527.1188245996528,0.16666666666666666,22.95906846106028
40,3.0,Pioglitazone,space_filling,2,606.2631968508857,0.16666666666666666,24.622412490470662
40,3.0,Pioglitazone,space_filling,3,511.53171332917617,0.16666666666666666,22.61706685954605
40,3.0,Pioglitazone,space_filling,4,543.2894459355479,0.16666666666666666,23.308570225038427
40,3.0,Pioglitazone,space_filling,5,527.1188245996528,0.16666666666666666,22.95906846106028
40,3.0,Troglitazone,decision_voi,2,2677.0257006367174,0.3333333333333333,51.73998164511384
40,3.0,Troglitazone,decision_voi,3,2498.9534120203684,0.16666666666666666,49.98953302462795
40,3.0,Troglitazone,decision_voi,4,2453.550150331673,0.16666666666666666,49.53332363502042
40,3.0,Troglitazone,decision_voi,5,2311.449846959969,0.16666666666666666,48.07753994288777
40,3.0,Troglitazone,decision_voi_adaptive,2,2677.0257006367174,0.3333333333333333,51.73998164511384
40,3.0,Troglitazone,decision_voi_adaptive,3,2498.9534120203684,0.16666666666666666,49.98953302462795
40,3.0,Troglitazone,decision_voi_adaptive,4,2453.550150331673,0.16666666666666666,49.53332363502042
40,3.0,Troglitazone,decision_voi_adaptive,5,2311.449846959969,0.16666666666666666,48.07753994288777
40,3.0,Troglitazone,integrated_variance,2,2677.0257006367174,0.3333333333333333,51.73998164511384
40,3.0,Troglitazone,integrated_variance,3,2511.8444005399365,0.16666666666666666,50.11830404692418
40,3.0,Troglitazone,integrated_variance,4,2325.3985358478712,0.16666666666666666,48.2223862521119
40,3.0,Troglitazone,integrated_variance,5,2311.449846959969,0.16666666666666666,48.07753994288777
40,3.0,Troglitazone,random,2,2677.0257006367174,0.3333333333333333,51.73998164511384
40,3.0,Troglitazone,random,3,2420.426194990512,0.18333333333333335,49.19782713688189
40,3.0,Troglitazone,random,4,2347.6988393989286,0.16666666666666666,48.45305810161964
40,3.0,Troglitazone,random,5,2311.449846959969,0.16666666666666666,48.07753994288777
40,3.0,Troglitazone,space_filling,2,2677.0257006367174,0.3333333333333333,51.73998164511384
40,3.0,Troglitazone,space_filling,3,2486.9095326749452,0.16666666666666666,49.86892351630367
40,3.0,Troglitazone,space_filling,4,2317.505014546908,0.16666666666666666,48.1404716901165
40,3.0,Troglitazone,space_filling,5,2311.4498469599694,0.16666666666666666,48.077539942887775
40,3.0,Trovafloxacin,decision_voi,2,526.4858913536084,0.3333333333333333,22.94528037208542
40,3.0,Trovafloxacin,decision_voi,3,796.4640991088218,0.3333333333333333,28.22169553922694
40,3.0,Trovafloxacin,decision_voi,4,696.1057186671769,0.3333333333333333,26.38381546833545
40,3.0,Trovafloxacin,decision_voi,5,688.166064308422,0.3333333333333333,26.232919477412764
40,3.0,Trovafloxacin,decision_voi_adaptive,2,526.4858913536084,0.3333333333333333,22.94528037208542
40,3.0,Trovafloxacin,decision_voi_adaptive,3,796.4640991088218,0.3333333333333333,28.22169553922694
40,3.0,Trovafloxacin,decision_voi_adaptive,4,696.1057186671769,0.3333333333333333,26.38381546833545
40,3.0,Trovafloxacin,decision_voi_adaptive,5,688.166064308422,0.3333333333333333,26.232919477412764
40,3.0,Trovafloxacin,integrated_variance,2,526.4858913536084,0.3333333333333333,22.94528037208542
40,3.0,Trovafloxacin,integrated_variance,3,507.831417951558,0.3333333333333333,22.535115219398325
40,3.0,Trovafloxacin,integrated_variance,4,702.274074895739,0.3333333333333333,26.500454239422744
40,3.0,Trovafloxacin,integrated_variance,5,688.1660643084224,0.3333333333333333,26.23291947741277
40,3.0,Trovafloxacin,random,2,526.4858913536084,0.3333333333333333,22.94528037208542
40,3.0,Trovafloxacin,random,3,680.993497725877,0.3333333333333333,26.095852117259497
40,3.0,Trovafloxacin,random,4,678.6321835205612,0.3333333333333333,26.050569735047276
40,3.0,Trovafloxacin,random,5,688.166064308422,0.3333333333333333,26.232919477412764
40,3.0,Trovafloxacin,space_filling,2,526.4858913536084,0.3333333333333333,22.94528037208542
40,3.0,Trovafloxacin,space_filling,3,584.4689967738415,0.3333333333333333,24.175793612079033
40,3.0,Trovafloxacin,space_filling,4,696.1057186671769,0.3333333333333333,26.38381546833545
40,3.0,Trovafloxacin,space_filling,5,688.1660643084223,0.3333333333333333,26.23291947741277
