noise_sd,length_scale,policy,budget,macro_rmse,threshold_error,n_compounds
10,0.75,decision_voi,2,28.58134865066056,0.1111111111111111,6
10,0.75,decision_voi,3,27.379312590495186,0.1111111111111111,6
10,0.75,decision_voi,4,27.055792608922417,0.1111111111111111,6
10,0.75,decision_voi,5,28.897886840601736,0.13333333333333333,5
10,0.75,decision_voi_adaptive,2,28.58134865066056,0.1111111111111111,6
10,0.75,decision_voi_adaptive,3,27.379312590495186,0.1111111111111111,6
10,0.75,decision_voi_adaptive,4,27.055792608922417,0.1111111111111111,6
10,0.75,decision_voi_adaptive,5,28.897886840601736,0.13333333333333333,5
10,0.75,integrated_variance,2,28.58134865066056,0.1111111111111111,6
10,0.75,integrated_variance,3,26.40404077746811,0.1111111111111111,6
10,0.75,integrated_variance,4,26.81440805774137,0.1111111111111111,6
10,0.75,integrated_variance,5,28.897886840601736,0.13333333333333333,5
10,0.75,random,2,28.58134865066056,0.1111111111111111,6
10,0.75,random,3,27.63603133709823,0.1111111111111111,6
10,0.75,random,4,26.926168878092877,0.1111111111111111,6
10,0.75,random,5,28.897886840601736,0.13333333333333333,5
10,0.75,space_filling,2,28.58134865066056,0.1111111111111111,6
10,0.75,space_filling,3,26.60395531835165,0.1111111111111111,6
10,0.75,space_filling,4,26.896252190816977,0.1111111111111111,6
10,0.75,space_filling,5,28.897886840601736,0.13333333333333333,5
10,1.5,decision_voi,2,25.703140065682494,0.13888888888888887,6
10,1.5,decision_voi,3,24.64075848488371,0.13888888888888887,6
10,1.5,decision_voi,4,24.803301839343643,0.13888888888888887,6
10,1.5,decision_voi,5,28.531455457698325,0.16666666666666666,5
10,1.5,decision_voi_adaptive,2,25.703140065682494,0.13888888888888887,6
10,1.5,decision_voi_adaptive,3,24.540915288381168,0.13888888888888887,6
10,1.5,decision_voi_adaptive,4,24.803301839343643,0.13888888888888887,6
10,1.5,decision_voi_adaptive,5,28.531455457698325,0.16666666666666666,5
10,1.5,integrated_variance,2,25.703140065682494,0.13888888888888887,6
10,1.5,integrated_variance,3,24.179164522247774,0.13888888888888887,6
10,1.5,integrated_variance,4,24.853341147523846,0.13888888888888887,6
10,1.5,integrated_variance,5,28.531455457698325,0.16666666666666666,5
10,1.5,random,2,25.703140065682494,0.13888888888888887,6
10,1.5,random,3,25.05597629259009,0.13888888888888887,6
10,1.5,random,4,25.078858702022902,0.13888888888888887,6
10,1.5,random,5,28.531455457698325,0.16666666666666666,5
10,1.5,space_filling,2,25.703140065682494,0.13888888888888887,6
10,1.5,space_filling,3,24.26268518871755,0.13888888888888887,6
10,1.5,space_filling,4,24.507962468308094,0.13888888888888887,6
10,1.5,space_filling,5,28.531455457698325,0.16666666666666666,5
10,3.0,decision_voi,2,27.805211236141716,0.1111111111111111,6
10,3.0,decision_voi,3,23.271837794866627,0.1111111111111111,6
10,3.0,decision_voi,4,23.71268565046267,0.1111111111111111,6
10,3.0,decision_voi,5,26.771499774465248,0.13333333333333333,5
10,3.0,decision_voi_adaptive,2,27.805211236141716,0.1111111111111111,6
10,3.0,decision_voi_adaptive,3,23.271837794866627,0.1111111111111111,6
10,3.0,decision_voi_adaptive,4,23.919282167359913,0.1111111111111111,6
10,3.0,decision_voi_adaptive,5,26.771499774465248,0.13333333333333333,5
10,3.0,integrated_variance,2,27.805211236141716,0.1111111111111111,6
10,3.0,integrated_variance,3,23.58411828855043,0.08333333333333333,6
10,3.0,integrated_variance,4,23.7954601531489,0.1111111111111111,6
10,3.0,integrated_variance,5,26.771499774465248,0.13333333333333333,5
10,3.0,random,2,27.805211236141716,0.1111111111111111,6
10,3.0,random,3,24.632575203361323,0.09999999999999999,6
10,3.0,random,4,23.624305765632858,0.10694444444444444,6
10,3.0,random,5,26.771499774465248,0.13333333333333333,5
10,3.0,space_filling,2,27.805211236141716,0.1111111111111111,6
10,3.0,space_filling,3,23.518611262162946,0.1111111111111111,6
10,3.0,space_filling,4,23.237542345436868,0.1111111111111111,6
10,3.0,space_filling,5,26.771499774465248,0.13333333333333333,5
20,0.75,decision_voi,2,28.947194872880043,0.1111111111111111,6
20,0.75,decision_voi,3,27.740746632802807,0.1111111111111111,6
20,0.75,decision_voi,4,27.2778767392425,0.1111111111111111,6
20,0.75,decision_voi,5,29.064676867708272,0.13333333333333333,5
20,0.75,decision_voi_adaptive,2,28.947194872880043,0.1111111111111111,6
20,0.75,decision_voi_adaptive,3,27.740746632802807,0.1111111111111111,6
20,0.75,decision_voi_adaptive,4,27.2778767392425,0.1111111111111111,6
20,0.75,decision_voi_adaptive,5,29.064676867708272,0.13333333333333333,5
20,0.75,integrated_variance,2,28.947194872880043,0.1111111111111111,6
20,0.75,integrated_variance,3,26.82003382312425,0.1111111111111111,6
20,0.75,integrated_variance,4,27.081500758985126,0.1111111111111111,6
20,0.75,integrated_variance,5,29.064676867708272,0.13333333333333333,5
20,0.75,random,2,28.947194872880043,0.1111111111111111,6
20,0.75,random,3,27.92521773163659,0.1111111111111111,6
20,0.75,random,4,27.18608536284363,0.1111111111111111,6
20,0.75,random,5,29.064676867708272,0.13333333333333333,5
20,0.75,space_filling,2,28.947194872880043,0.1111111111111111,6
20,0.75,space_filling,3,27.00223000639245,0.1111111111111111,6
20,0.75,space_filling,4,27.19888554177277,0.1111111111111111,6
20,0.75,space_filling,5,29.064676867708272,0.13333333333333333,5
20,1.5,decision_voi,2,25.872585177543456,0.13888888888888887,6
20,1.5,decision_voi,3,25.327758884414365,0.13888888888888887,6
20,1.5,decision_voi,4,24.57478783460319,0.13888888888888887,6
20,1.5,decision_voi,5,27.614556126455756,0.16666666666666666,5
20,1.5,decision_voi_adaptive,2,25.872585177543456,0.13888888888888887,6
20,1.5,decision_voi_adaptive,3,25.29083081783808,0.13888888888888887,6
20,1.5,decision_voi_adaptive,4,24.57478783460319,0.13888888888888887,6
20,1.5,decision_voi_adaptive,5,27.614556126455756,0.16666666666666666,5
20,1.5,integrated_variance,2,25.872585177543456,0.13888888888888887,6
20,1.5,integrated_variance,3,24.102458836947388,0.13888888888888887,6
20,1.5,integrated_variance,4,24.59161686334731,0.13888888888888887,6
20,1.5,integrated_variance,5,27.614556126455756,0.16666666666666666,5
20,1.5,random,2,25.872585177543456,0.13888888888888887,6
20,1.5,random,3,24.97650442608892,0.13888888888888887,6
20,1.5,random,4,24.55999259391613,0.13888888888888887,6
20,1.5,random,5,27.614556126455756,0.16666666666666666,5
20,1.5,space_filling,2,25.872585177543456,0.13888888888888887,6
20,1.5,space_filling,3,24.321663422175693,0.13888888888888887,6
20,1.5,space_filling,4,24.395861320280133,0.13888888888888887,6
20,1.5,space_filling,5,27.614556126455756,0.16666666666666666,5
20,3.0,decision_voi,2,27.254081453326965,0.13888888888888887,6
20,3.0,decision_voi,3,24.608863751886517,0.13888888888888887,6
20,3.0,decision_voi,4,23.783549339554,0.13888888888888887,6
20,3.0,decision_voi,5,26.027126275140102,0.16666666666666666,5
20,3.0,decision_voi_adaptive,2,27.254081453326965,0.13888888888888887,6
20,3.0,decision_voi_adaptive,3,24.608863751886517,0.13888888888888887,6
20,3.0,decision_voi_adaptive,4,23.783549339554,0.13888888888888887,6
20,3.0,decision_voi_adaptive,5,26.027126275140102,0.16666666666666666,5
20,3.0,integrated_variance,2,27.254081453326965,0.13888888888888887,6
20,3.0,integrated_variance,3,23.683410035808155,0.13888888888888887,6
20,3.0,integrated_variance,4,23.948120192863417,0.13888888888888887,6
20,3.0,integrated_variance,5,26.027126275140102,0.16666666666666666,5
20,3.0,random,2,27.254081453326965,0.13888888888888887,6
20,3.0,random,3,24.864232526669422,0.13888888888888887,6
20,3.0,random,4,23.633005712752247,0.13888888888888887,6
20,3.0,random,5,26.02712627514011,0.16666666666666666,5
20,3.0,space_filling,2,27.254081453326965,0.13888888888888887,6
20,3.0,space_filling,3,23.853277234057945,0.13888888888888887,6
20,3.0,space_filling,4,23.673244343969145,0.13888888888888887,6
20,3.0,space_filling,5,26.02712627514011,0.16666666666666666,5
40,0.75,decision_voi,2,30.018087135682958,0.1111111111111111,6
40,0.75,decision_voi,3,28.936660329753163,0.1111111111111111,6
40,0.75,decision_voi,4,28.38518918198946,0.1111111111111111,6
40,0.75,decision_voi,5,29.85564247700745,0.13333333333333333,5
40,0.75,decision_voi_adaptive,2,30.018087135682958,0.1111111111111111,6
40,0.75,decision_voi_adaptive,3,28.936660329753163,0.1111111111111111,6
40,0.75,decision_voi_adaptive,4,28.38518918198946,0.1111111111111111,6
40,0.75,decision_voi_adaptive,5,29.85564247700745,0.13333333333333333,5
40,0.75,integrated_variance,2,30.018087135682958,0.1111111111111111,6
40,0.75,integrated_variance,3,28.219831264532573,0.1111111111111111,6
40,0.75,integrated_variance,4,28.211694398661603,0.1111111111111111,6
40,0.75,integrated_variance,5,29.85564247700745,0.13333333333333333,5
40,0.75,random,2,30.018087135682958,0.1111111111111111,6
40,0.75,random,3,29.02837626024723,0.1111111111111111,6
40,0.75,random,4,28.30391284507159,0.1111111111111111,6
40,0.75,random,5,29.85564247700745,0.13333333333333333,5
40,0.75,space_filling,2,30.018087135682958,0.1111111111111111,6
40,0.75,space_filling,3,28.350591212296454,0.1111111111111111,6
40,0.75,space_filling,4,28.377728190026502,0.1111111111111111,6
40,0.75,space_filling,5,29.85564247700745,0.13333333333333333,5
40,1.5,decision_voi,2,27.04914231641419,0.1111111111111111,6
40,1.5,decision_voi,3,26.8727641760993,0.1111111111111111,6
40,1.5,decision_voi,4,25.716846906122232,0.1111111111111111,6
40,1.5,decision_voi,5,27.64126349372753,0.13333333333333333,5
40,1.5,decision_voi_adaptive,2,27.04914231641419,0.1111111111111111,6
40,1.5,decision_voi_adaptive,3,26.89275291786575,0.1111111111111111,6
40,1.5,decision_voi_adaptive,4,25.716846906122232,0.1111111111111111,6
40,1.5,decision_voi_adaptive,5,27.64126349372753,0.13333333333333333,5
40,1.5,integrated_variance,2,27.04914231641419,0.1111111111111111,6
40,1.5,integrated_variance,3,25.1122031794833,0.1111111111111111,6
40,1.5,integrated_variance,4,25.480907720015015,0.1111111111111111,6
40,1.5,integrated_variance,5,27.64126349372753,0.13333333333333333,5
40,1.5,random,2,27.04914231641419,0.1111111111111111,6
40,1.5,random,3,26.15290107048089,0.1111111111111111,6
40,1.5,random,4,25.40504033744932,0.1111111111111111,6
40,1.5,random,5,27.64126349372753,0.13333333333333333,5
40,1.5,space_filling,2,27.04914231641419,0.1111111111111111,6
40,1.5,space_filling,3,25.46130147562056,0.1111111111111111,6
40,1.5,space_filling,4,25.53679010884902,0.1111111111111111,6
40,1.5,space_filling,5,27.64126349372753,0.13333333333333333,5
40,3.0,decision_voi,2,27.147905088391223,0.13888888888888887,6
40,3.0,decision_voi,3,27.61627784738829,0.1111111111111111,6
40,3.0,decision_voi,4,25.393596463384807,0.1111111111111111,6
40,3.0,decision_voi,5,27.034899141616847,0.13333333333333333,5
40,3.0,decision_voi_adaptive,2,27.147905088391223,0.13888888888888887,6
40,3.0,decision_voi_adaptive,3,27.61627784738829,0.1111111111111111,6
40,3.0,decision_voi_adaptive,4,25.393596463384807,0.1111111111111111,6
40,3.0,decision_voi_adaptive,5,27.034899141616847,0.13333333333333333,5
40,3.0,integrated_variance,2,27.147905088391223,0.13888888888888887,6
40,3.0,integrated_variance,3,24.880014946371315,0.1111111111111111,6
40,3.0,integrated_variance,4,25.277864253387477,0.1111111111111111,6
40,3.0,integrated_variance,5,27.034899141616847,0.13333333333333333,5
40,3.0,random,2,27.147905088391223,0.13888888888888887,6
40,3.0,random,3,26.149647344642563,0.11388888888888889,6
40,3.0,random,4,25.13544747813673,0.1111111111111111,6
40,3.0,random,5,27.034899141616847,0.13333333333333333,5
40,3.0,space_filling,2,27.147905088391223,0.13888888888888887,6
40,3.0,space_filling,3,25.17334796446401,0.1111111111111111,6
40,3.0,space_filling,4,25.366153696860348,0.1111111111111111,6
40,3.0,space_filling,5,27.034899141616847,0.13333333333333333,5
