context,model,generation,mse,mae,rmse
FAC,gp_fixed,1,0.022834747317002774,0.12359620541021636,0.1511117047650604
FAC,gp_fixed,2,0.00860938381710581,0.08071732079102233,0.0927867653122244
FAC,gp_fixed,3,0.01959200741171254,0.11555146359096856,0.13997145213118473
FAC,gp_fixed,4,0.004463851458679419,0.05085699479040519,0.06681206072768163
FAC,gp_past_tuned,1,0.022834747317002774,0.12359620541021636,0.1511117047650604
FAC,gp_past_tuned,2,0.007495979949376195,0.07042793175617539,0.0865793274943632
FAC,gp_past_tuned,3,0.014435448731485695,0.10017063816673351,0.12014761225877814
FAC,gp_past_tuned,4,0.006469183600504916,0.0667950622421828,0.08043123522926224
FAC,nearest,1,0.03482674166628148,0.15171407,0.18661924248662431
FAC,nearest,2,0.008983630997580035,0.07561991428571427,0.09478201832404728
FAC,nearest,3,0.05419846386440035,0.19936344414285717,0.23280563537938756
FAC,nearest,4,0.043611808280871425,0.2027060602857143,0.2088344039684827
FAC,ridge_fixed,1,0.01615451530861099,0.1175259402345807,0.12710041427395502
FAC,ridge_fixed,2,0.0062679446766667575,0.05933124263669739,0.07917035225806916
FAC,ridge_fixed,3,0.01302410658800617,0.09392873939394707,0.11412320792900175
FAC,ridge_fixed,4,0.006922073076658709,0.0699948549486394,0.08319899684887258
FAC,train_mean,1,0.013370884039485637,0.10165132134693879,0.11563253884389825
FAC,train_mean,2,0.009703523614600015,0.07471625767346941,0.09850646483657818
FAC,train_mean,3,0.01480255257374514,0.10158851208843532,0.12166574116712206
FAC,train_mean,4,0.00922950817971797,0.08257502516836736,0.0960703293411549
OLA-IBET,gp_fixed,1,0.019493251509328326,0.12647851168220078,0.1396182348739889
OLA-IBET,gp_fixed,2,0.013050155313530726,0.09564620339775377,0.1142372763747925
OLA-IBET,gp_fixed,3,0.025607143864844036,0.1263280128882399,0.16002232302039623
OLA-IBET,gp_fixed,4,0.0030272755530263897,0.03833922798137188,0.05502068295674264
OLA-IBET,gp_past_tuned,1,0.019493251509328326,0.12647851168220078,0.1396182348739889
OLA-IBET,gp_past_tuned,2,0.006067375281936538,0.0699253996394269,0.07789335839425938
OLA-IBET,gp_past_tuned,3,0.019675455928859192,0.11450172754583932,0.14026922659250385
OLA-IBET,gp_past_tuned,4,0.0076080622270876625,0.07106192203987675,0.08722420665782901
OLA-IBET,nearest,1,0.020072388221255504,0.10664880839999999,0.14167705608621145
OLA-IBET,nearest,2,0.009611991704724319,0.09363036850000002,0.09804076552498109
OLA-IBET,nearest,3,0.041810470986269575,0.1634646443,0.2044760890330935
OLA-IBET,nearest,4,0.01510475677634841,0.1139462038,0.12290141079885296
OLA-IBET,ridge_fixed,1,0.008262863847964989,0.08401154799220936,0.09090029619294422
OLA-IBET,ridge_fixed,2,0.004727312740881988,0.0604059606810254,0.06875545608082305
OLA-IBET,ridge_fixed,3,0.01541305278663575,0.1055057651329381,0.12414931649685289
OLA-IBET,ridge_fixed,4,0.012627068077209466,0.10100004860122935,0.11237022771717367
OLA-IBET,train_mean,1,0.04564246563658569,0.19335707453999995,0.21364097368385515
OLA-IBET,train_mean,2,0.039319998414577735,0.18831624168000002,0.19829270892944534
OLA-IBET,train_mean,3,0.02216075667783083,0.12862464268666668,0.1488648940409754
OLA-IBET,train_mean,4,0.024521077861853768,0.14966649072499996,0.15659207470958986
