context,generation,source_row,model,observed,predicted,squared_error,absolute_error
FAC,1,9,train_mean,0.728592468,0.8950302164285714,0.027701524101972422,0.1664377484285714
FAC,1,10,train_mean,0.803823901,0.8950302164285714,0.008318591974056058,0.09120631542857138
FAC,1,11,train_mean,0.751246581,0.8950302164285714,0.02067373381705634,0.14378363542857142
FAC,1,12,train_mean,0.953063854,0.8950302164285714,0.0033679030897719353,0.05803363757142865
FAC,1,13,train_mean,0.901662108,0.8950302164285714,4.398198581518607e-05,0.0066318915714286275
FAC,1,14,train_mean,0.813307385,0.8950302164285714,0.006678621176702697,0.0817228314285714
FAC,1,15,train_mean,1.058773406,0.8950302164285714,0.026811832131024817,0.16374318957142864
FAC,1,9,nearest,0.728592468,1.072943404,0.11857756712407617,0.3443509360000001
FAC,1,10,nearest,0.803823901,1.001683147,0.039148281227688535,0.19785924600000004
FAC,1,11,nearest,0.751246581,0.834695631,0.006963743945902504,0.08344905000000002
FAC,1,12,nearest,0.953063854,0.818402483,0.018133684839599665,0.13466137100000009
FAC,1,13,nearest,0.901662108,0.957873974,0.00315977387920195,0.056211865999999944
FAC,1,14,nearest,0.813307385,0.818402483,2.596002362960364e-05,0.005095097999999965
FAC,1,15,nearest,1.058773406,0.818402483,0.05777818062387196,0.24037092300000007
FAC,1,9,ridge_fixed,0.728592468,0.8909364093591873,0.02635555529603524,0.16234394135918728
FAC,1,10,ridge_fixed,0.803823901,0.9447540711350793,0.01986131285430238,0.14093017013507925
FAC,1,11,ridge_fixed,0.751246581,0.8878863448249878,0.018670425058148466,0.13663976382498788
FAC,1,12,ridge_fixed,0.953063854,0.8865575367616803,0.004423090232604032,0.06650631723831979
FAC,1,13,ridge_fixed,0.901662108,0.9468529255593681,0.0020422099916840874,0.045190817559368046
FAC,1,14,ridge_fixed,0.813307385,0.8988957671847396,0.007325371165001056,0.08558838218473963
FAC,1,15,ridge_fixed,1.058773406,0.8732912166596171,0.034403642562501675,0.18548218934038296
FAC,1,9,gp_fixed,0.728592468,1.0502945079009312,0.1034922024764203,0.32170203990093116
FAC,1,10,gp_fixed,0.803823901,0.9504766156929123,0.021507018726800737,0.1466527146929123
FAC,1,11,gp_fixed,0.751246581,0.8350882641409751,0.0070294278319116815,0.08384168314097518
FAC,1,12,gp_fixed,0.953063854,0.8618455666091215,0.008320775954524915,0.09121828739087856
FAC,1,13,gp_fixed,0.901662108,0.9653525760266372,0.004056475717452088,0.06369046802663714
FAC,1,14,gp_fixed,0.813307385,0.8539713007038503,0.0016535540403698435,0.040663915703850306
FAC,1,15,gp_fixed,1.058773406,0.9413690769846701,0.013783776471539843,0.11740432901532993
FAC,1,9,gp_past_tuned,0.728592468,1.0502945079009312,0.1034922024764203,0.32170203990093116
FAC,1,10,gp_past_tuned,0.803823901,0.9504766156929123,0.021507018726800737,0.1466527146929123
FAC,1,11,gp_past_tuned,0.751246581,0.8350882641409751,0.0070294278319116815,0.08384168314097518
FAC,1,12,gp_past_tuned,0.953063854,0.8618455666091215,0.008320775954524915,0.09121828739087856
FAC,1,13,gp_past_tuned,0.901662108,0.9653525760266372,0.004056475717452088,0.06369046802663714
FAC,1,14,gp_past_tuned,0.813307385,0.8539713007038503,0.0016535540403698435,0.040663915703850306
FAC,1,15,gp_past_tuned,1.058773406,0.9413690769846701,0.013783776471539843,0.11740432901532993
FAC,2,16,train_mean,0.697711971,0.8768343727142858,0.03208483479589395,0.17912240171428573
FAC,2,17,train_mean,0.872035206,0.8768343727142858,2.303200115150894e-05,0.0047991667142858185
FAC,2,18,train_mean,0.946297076,0.8768343727142858,0.004825067147759176,0.06946270328571424
FAC,2,19,train_mean,0.822459499,0.8768343727142858,0.0029566268914445215,0.05437487371428573
FAC,2,20,train_mean,0.883385756,0.8768343727142858,4.292062295633607e-05,0.006551383285714252
FAC,2,21,train_mean,0.925447086,0.8768343727142858,0.0023631958929990595,0.04861271328571426
FAC,2,22,train_mean,0.716743811,0.8768343727142858,0.025628987949995557,0.16009056171428582
FAC,2,16,nearest,0.697711971,0.803823901,0.011259741688324892,0.10611192999999997
FAC,2,17,nearest,0.872035206,0.818402483,0.002876468976394728,0.05363272299999999
FAC,2,18,nearest,0.946297076,0.818402483,0.016357026918635664,0.12789459300000006
FAC,2,19,nearest,0.822459499,0.803823901,0.00034728551281760513,0.01863559800000003
FAC,2,20,nearest,0.883385756,1.058773406,0.030760827772522502,0.17538765
FAC,2,21,nearest,0.925447086,0.957873974,0.0010515030653645396,0.03242688799999993
FAC,2,22,nearest,0.716743811,0.701493793,0.0002325630490003216,0.01525001799999992
FAC,2,16,ridge_fixed,0.697711971,0.8270608608048498,0.016731135293747153,0.1293488898048497
FAC,2,17,ridge_fixed,0.872035206,0.9251721516348176,0.0028235349913975647,0.053136945634817634
FAC,2,18,ridge_fixed,0.946297076,0.9207466358942226,0.0006528249895989208,0.02555044010577745
FAC,2,19,ridge_fixed,0.822459499,0.8294178048603035,4.841802044553316e-05,0.0069583058603034376
FAC,2,20,ridge_fixed,0.883385756,0.898509779916449,0.0002287360994253201,0.015124023916448959
FAC,2,21,ridge_fixed,0.925447086,0.8887103820354098,0.001349585418181943,0.03673670396459028
FAC,2,22,ridge_fixed,0.716743811,0.8652072001700942,0.022041377923870866,0.14846338917009427
FAC,2,16,gp_fixed,0.697711971,0.8420409503004357,0.02083085426590558,0.14432897930043564
FAC,2,17,gp_fixed,0.872035206,0.877818045458846,3.344123220678695e-05,0.005782839458846056
FAC,2,18,gp_fixed,0.946297076,0.832461566298283,0.012958523269049697,0.11383550970171696
FAC,2,19,gp_fixed,0.822459499,0.8910804348545794,0.004708832837558301,0.0686209358545794
FAC,2,20,gp_fixed,0.883385756,0.9766963795117902,0.008706872460159054,0.0933106235117902
FAC,2,21,gp_fixed,0.925447086,0.8967835152415344,0.0008216002886255639,0.028663570758465595
FAC,2,22,gp_fixed,0.716743811,0.8272225979513224,0.012205562366235686,0.1104787869513224
FAC,2,16,gp_past_tuned,0.697711971,0.8510104342399549,0.0235004188317318,0.15329846323995489
FAC,2,17,gp_past_tuned,0.872035206,0.9116901797964764,0.0015725169467992316,0.03965497379647642
FAC,2,18,gp_past_tuned,0.946297076,0.9054333040739071,0.0016698478560277397,0.04086377192609292
FAC,2,19,gp_past_tuned,0.822459499,0.8571068837669624,0.0012004412711899373,0.034647384766962386
FAC,2,20,gp_past_tuned,0.883385756,0.9170512558022016,0.001133365876932034,0.03366549980220157
FAC,2,21,gp_past_tuned,0.925447086,0.8809086881722082,0.001983668881066648,0.04453839782779179
FAC,2,22,gp_past_tuned,0.716743811,0.8630708419337477,0.021411599981885975,0.14632703093374777
FAC,3,23,train_mean,0.808594572,0.8637981725238094,0.003047437510792336,0.05520360052380946
FAC,3,24,train_mean,0.682039414,0.8637981725238094,0.03303624630011646,0.1817587585238094
FAC,3,25,train_mean,0.811987166,0.8637981725238094,0.002684380397010224,0.05181100652380943
FAC,3,26,train_mean,0.890097482,0.8637981725238094,0.0006916536789244506,0.026299309476190635
FAC,3,27,train_mean,0.766838488,0.8637981725238094,0.00940118042295665,0.09695968452380943
FAC,3,28,train_mean,0.785072586,0.8637981725238094,0.006197717973517809,0.07872558652380945
FAC,3,29,train_mean,0.643436534,0.8637981725238094,0.048559251732898046,0.2203616385238094
FAC,3,23,nearest,0.808594572,1.001683147,0.03728319779553066,0.1930885750000001
FAC,3,24,nearest,0.682039414,0.878119083,0.03844723659514954,0.19607966899999996
FAC,3,25,nearest,0.811987166,0.878119083,0.004373430446094887,0.06613191699999998
FAC,3,26,nearest,0.890097482,1.001683147,0.012451360633492226,0.111585665
FAC,3,27,nearest,0.766838488,1.072943404,0.09370021959936713,0.3061049160000001
FAC,3,28,nearest,0.785072586,0.878119083,0.00865765060397101,0.093046497
FAC,3,29,nearest,0.643436534,1.072943404,0.18447615137719697,0.4295068700000001
FAC,3,23,ridge_fixed,0.808594572,0.8532221820745552,0.001991623580966549,0.04462761007455529
FAC,3,24,ridge_fixed,0.682039414,0.8530519076973697,0.029245273000592913,0.1710124936973697
FAC,3,25,ridge_fixed,0.811987166,0.8494124045636259,0.001400648481544311,0.037425238563625896
FAC,3,26,ridge_fixed,0.890097482,0.8533440115887371,0.0013508175872715832,0.03675347041126298
FAC,3,27,ridge_fixed,0.766838488,0.8605554346621673,0.008782866091679518,0.09371694666216734
FAC,3,28,ridge_fixed,0.785072586,0.8483362576354346,0.0040022921487961015,0.06326367163543467
FAC,3,29,ridge_fixed,0.643436534,0.8541382787132136,0.04439522522519222,0.21070174471321357
FAC,3,23,gp_fixed,0.808594572,0.9041742216199021,0.009135469421463266,0.09557964961990217
FAC,3,24,gp_fixed,0.682039414,0.8644378053978325,0.03326917318451691,0.18239839139783254
FAC,3,25,gp_fixed,0.811987166,0.8375906433013238,0.0006555380499194051,0.02560347730132384
FAC,3,26,gp_fixed,0.890097482,0.8462695441983058,0.0019208881319491798,0.04382793780169425
FAC,3,27,gp_fixed,0.766838488,0.8881572513411641,0.014718242338629381,0.1213187633411641
FAC,3,28,gp_fixed,0.785072586,0.8561440451724273,0.005051152308898001,0.0710714591724273
FAC,3,29,gp_fixed,0.643436534,0.9124971005024357,0.07239358844661163,0.2690605665024357
FAC,3,23,gp_past_tuned,0.808594572,0.8577872100972093,0.0024199156429630087,0.04919263809720931
FAC,3,24,gp_past_tuned,0.682039414,0.8538344577001107,0.029513537039922936,0.17179504370011067
FAC,3,25,gp_past_tuned,0.811987166,0.8503003541224503,0.0014679003841062688,0.038313188122450326
FAC,3,26,gp_past_tuned,0.890097482,0.8433706945920141,0.0021833926614711163,0.04672678740798597
FAC,3,27,gp_past_tuned,0.766838488,0.8673339856860752,0.010099345055171955,0.10049549768607524
FAC,3,28,gp_past_tuned,0.785072586,0.8551151012629612,0.004905953944362157,0.07004251526296124
FAC,3,29,gp_past_tuned,0.643436534,0.8680653308903418,0.05045809639240242,0.22462879689034176
FAC,4,30,train_mean,0.844314117,0.8402795666071429,1.6277596872503876e-05,0.004034550392857161
FAC,4,31,train_mean,0.954202609,0.8402795666071429,0.012978459588044718,0.11392304239285711
FAC,4,32,train_mean,0.973059121,0.8402795666071429,0.017630410064765713,0.13277955439285716
FAC,4,33,train_mean,0.742978119,0.8402795666071429,0.00946757170644557,0.09730144760714288
FAC,4,34,train_mean,0.976625289,0.8402795666071429,0.018590156014830064,0.13634572239285714
FAC,4,35,train_mean,0.914843257,0.8402795666071429,0.005559743925001858,0.07456369039285715
FAC,4,36,train_mean,0.821202398,0.8402795666071429,0.00036393836206535953,0.019077168607142925
FAC,4,30,nearest,0.844314117,0.728592468,0.013391500047279209,0.11572164900000004
FAC,4,31,nearest,0.954202609,0.728592468,0.05089993572203987,0.225610141
FAC,4,32,nearest,0.973059121,0.728592468,0.05976394442902243,0.24446665300000003
FAC,4,33,nearest,0.742978119,0.890097482,0.021644106969525786,0.14711936300000006
FAC,4,34,nearest,0.976625289,0.728592468,0.06152028029321805,0.24803282100000001
FAC,4,35,nearest,0.914843257,0.728592468,0.03468935640312253,0.18625078900000003
FAC,4,36,nearest,0.821202398,1.072943404,0.06337353410189212,0.25174100600000016
FAC,4,30,ridge_fixed,0.844314117,0.8524660608201028,6.645418804611156e-05,0.008151943820102758
FAC,4,31,ridge_fixed,0.954202609,0.8620186162514459,0.008497888519065465,0.09218399274855404
FAC,4,32,ridge_fixed,0.973059121,0.8583289401972982,0.013163014387020647,0.11473018080270181
FAC,4,33,ridge_fixed,0.742978119,0.8289789089177376,0.007396135866474842,0.08600078991773763
FAC,4,34,ridge_fixed,0.976625289,0.8524074250490292,0.015430077724541887,0.12421786395097079
FAC,4,35,ridge_fixed,0.914843257,0.8524267444714512,0.0038958210362264956,0.06241651252854885
FAC,4,36,ridge_fixed,0.821202398,0.8234650988718598,5.1198152355154085e-06,0.0022627008718598685
FAC,4,30,gp_fixed,0.844314117,0.8384575380443566,3.4299517063685127e-05,0.005856578955643399
FAC,4,31,gp_fixed,0.954202609,1.0058203563437078,0.0026643918408388568,0.05161774734370783
FAC,4,32,gp_fixed,0.973059121,0.9794610273428044,4.098440482203861e-05,0.006401906342804353
FAC,4,33,gp_fixed,0.742978119,0.7846483792343097,0.0017364105879950967,0.04167026023430975
FAC,4,34,gp_fixed,0.976625289,0.8367779316386021,0.019557283360966522,0.13984735736139786
FAC,4,35,gp_fixed,0.914843257,0.836122278591293,0.006196992441624124,0.07872097840870707
FAC,4,36,gp_fixed,0.821202398,0.853086532886266,0.0010165980574456089,0.03188413488626607
FAC,4,30,gp_past_tuned,0.844314117,0.8406556417682338,1.3384441021446836e-05,0.0036584752317662117
FAC,4,31,gp_past_tuned,0.954202609,0.8810767132785071,0.005347396625070648,0.07312589572149286
FAC,4,32,gp_past_tuned,0.973059121,0.8720772465239657,0.010197338972693558,0.10098187447603435
FAC,4,33,gp_past_tuned,0.742978119,0.8185868286129283,0.0057166769693321184,0.07560870961292832
FAC,4,34,gp_past_tuned,0.976625289,0.8405934065406855,0.018504673045424764,0.13603188245931452
FAC,4,35,gp_past_tuned,0.914843257,0.8407608729377545,0.005488199628346052,0.07408238406224554
FAC,4,36,gp_past_tuned,0.821202398,0.8171261838685021,1.661552164582265e-05,0.004076214131497835
OLA-IBET,1,12,train_mean,0.529836108,0.7423621283999999,0.045167309347061174,0.2125260203999999
OLA-IBET,1,13,train_mean,0.519848377,0.7423621283999999,0.049512369562100984,0.22251375139999996
OLA-IBET,1,14,train_mean,0.551260584,0.7423621283999999,0.036519800272065146,0.19110154439999993
OLA-IBET,1,15,train_mean,0.554201075,0.7423621283999999,0.03540458201659761,0.1881610533999999
OLA-IBET,1,16,train_mean,0.404024028,0.7423621283999999,0.11447267018228045,0.33833810039999995
OLA-IBET,1,17,train_mean,0.450729513,0.7423621283999999,0.08504958236504426,0.2916326153999999
OLA-IBET,1,18,train_mean,0.823137736,0.7423621283999999,0.006524698783149182,0.08077560760000002
OLA-IBET,1,19,train_mean,0.473479907,0.7423621283999999,0.07229764898499859,0.26888222139999995
OLA-IBET,1,20,train_mean,0.701922084,0.7423621283999999,0.0016353971910739657,0.04044004439999993
OLA-IBET,1,21,train_mean,0.841561915,0.7423621283999999,0.009840597661485552,0.09919978660000006
OLA-IBET,1,12,nearest,0.529836108,0.581546154,0.002673928857322111,0.051710045999999954
OLA-IBET,1,13,nearest,0.519848377,0.581546154,0.00380661568674173,0.06169777700000001
OLA-IBET,1,14,nearest,0.551260584,0.581546154,0.000917215750224899,0.030285569999999984
OLA-IBET,1,15,nearest,0.554201075,0.581546154,0.0007477533455162377,0.02734507899999994
OLA-IBET,1,16,nearest,0.404024028,0.414952623,0.00011943418867402589,0.010928595000000041
OLA-IBET,1,17,nearest,0.450729513,0.581546154,0.01711299356252287,0.13081664099999996
OLA-IBET,1,18,nearest,0.823137736,0.674945866,0.0219608303340969,0.14819187
OLA-IBET,1,19,nearest,0.473479907,0.414952623,0.003425442972416651,0.05852728399999996
OLA-IBET,1,20,nearest,0.701922084,0.414952623,0.08235147154663051,0.286969461
OLA-IBET,1,21,nearest,0.841561915,0.581546154,0.06760819596840913,0.260015761
OLA-IBET,1,12,ridge_fixed,0.529836108,0.5962607316513724,0.004412230627226456,0.06642462365137236
OLA-IBET,1,13,ridge_fixed,0.519848377,0.6150776180164951,0.009068608344577714,0.0952292410164951
OLA-IBET,1,14,ridge_fixed,0.551260584,0.622700127818814,0.005103608421040247,0.07143954381881401
OLA-IBET,1,15,ridge_fixed,0.554201075,0.6119072731163631,0.0033300053010449386,0.05770619811636302
OLA-IBET,1,16,ridge_fixed,0.404024028,0.4416214263385933,0.00141356436183086,0.037597398338593324
OLA-IBET,1,17,ridge_fixed,0.450729513,0.5345249344150362,0.0070216726501235085,0.08379542141503621
OLA-IBET,1,18,ridge_fixed,0.823137736,0.72620947828417,0.009395087143826341,0.09692825771582991
OLA-IBET,1,19,ridge_fixed,0.473479907,0.4279556219896043,0.002072460525707737,0.04552428501039568
OLA-IBET,1,20,ridge_fixed,0.701922084,0.5648743071463805,0.018782093140519474,0.13704777685361946
OLA-IBET,1,21,ridge_fixed,0.841561915,0.6931391810144255,0.022029307963752607,0.14842273398557448
OLA-IBET,1,12,gp_fixed,0.529836108,0.6523447803564681,0.015008374802544456,0.12250867235646812
OLA-IBET,1,13,gp_fixed,0.519848377,0.6286193089196341,0.01183111563066569,0.10877093191963416
OLA-IBET,1,14,gp_fixed,0.551260584,0.6006093251501117,0.0024352982531007255,0.049348741150111675
OLA-IBET,1,15,gp_fixed,0.554201075,0.6083694937695883,0.0029342175919974778,0.05416841876958822
OLA-IBET,1,16,gp_fixed,0.404024028,0.5642616330497306,0.02567609007207347,0.16023760504973067
OLA-IBET,1,17,gp_fixed,0.450729513,0.6445180494217684,0.03755399684849104,0.19378853642176835
OLA-IBET,1,18,gp_fixed,0.823137736,0.7869277083995776,0.001311166098823349,0.036210027600422356
OLA-IBET,1,19,gp_fixed,0.473479907,0.6346148041220505,0.02596445507053381,0.16113489712205054
OLA-IBET,1,20,gp_fixed,0.701922084,0.5290797083087226,0.02987448683460467,0.17284237569127736
OLA-IBET,1,21,gp_fixed,0.841561915,0.6357870042590437,0.04234331389044854,0.20577491074095633
OLA-IBET,1,12,gp_past_tuned,0.529836108,0.6523447803564681,0.015008374802544456,0.12250867235646812
OLA-IBET,1,13,gp_past_tuned,0.519848377,0.6286193089196341,0.01183111563066569,0.10877093191963416
OLA-IBET,1,14,gp_past_tuned,0.551260584,0.6006093251501117,0.0024352982531007255,0.049348741150111675
OLA-IBET,1,15,gp_past_tuned,0.554201075,0.6083694937695883,0.0029342175919974778,0.05416841876958822
OLA-IBET,1,16,gp_past_tuned,0.404024028,0.5642616330497306,0.02567609007207347,0.16023760504973067
OLA-IBET,1,17,gp_past_tuned,0.450729513,0.6445180494217684,0.03755399684849104,0.19378853642176835
OLA-IBET,1,18,gp_past_tuned,0.823137736,0.7869277083995776,0.001311166098823349,0.036210027600422356
OLA-IBET,1,19,gp_past_tuned,0.473479907,0.6346148041220505,0.02596445507053381,0.16113489712205054
OLA-IBET,1,20,gp_past_tuned,0.701922084,0.5290797083087226,0.02987448683460467,0.17284237569127736
OLA-IBET,1,21,gp_past_tuned,0.841561915,0.6357870042590437,0.04234331389044854,0.20577491074095633
OLA-IBET,2,22,train_mean,0.750076208,0.6636811305499999,0.007464109407591513,0.08639507745000008
OLA-IBET,2,23,train_mean,0.805860084,0.6636811305499999,0.020214854804137292,0.1421789534500001
OLA-IBET,2,24,train_mean,0.800681011,0.6636811305499999,0.01876896724331432,0.1369998804500001
OLA-IBET,2,25,train_mean,0.846414481,0.6636811305499999,0.033391477366682576,0.18273335045000016
OLA-IBET,2,26,train_mean,0.811598347,0.6636811305499999,0.021879502922316184,0.1479172164500001
OLA-IBET,2,27,train_mean,0.85013741,0.6636811305499999,0.034765944146336526,0.1864562794500001
OLA-IBET,2,28,train_mean,0.932495937,0.6636811305499999,0.07226140016675102,0.2688148064500001
OLA-IBET,2,29,train_mean,0.4212163,0.6636811305499999,0.058789194053640165,0.2424648305499999
OLA-IBET,2,30,train_mean,0.364284021,0.6636811305499999,0.08963862920689462,0.2993971095499999
OLA-IBET,2,31,train_mean,0.473876218,0.6636811305499999,0.036025904828113096,0.18980491254999987
OLA-IBET,2,22,nearest,0.750076208,0.712872446,0.001384119906952642,0.037203761999999974
OLA-IBET,2,23,nearest,0.805860084,0.712872446,0.008646700820819041,0.09298763799999998
OLA-IBET,2,24,nearest,0.800681011,0.712872446,0.007710344087359226,0.087808565
OLA-IBET,2,25,nearest,0.846414481,0.712872446,0.017833475111941242,0.13354203500000006
OLA-IBET,2,26,nearest,0.811598347,0.712872446,0.009746803528261802,0.098725901
OLA-IBET,2,27,nearest,0.85013741,0.712872446,0.018841670341921295,0.137264964
OLA-IBET,2,28,nearest,0.932495937,0.834750307,0.009554208184096906,0.09774563000000003
OLA-IBET,2,29,nearest,0.4212163,0.529836108,0.011798262689956873,0.10861980800000004
OLA-IBET,2,30,nearest,0.364284021,0.450729513,0.0074728230871220665,0.08644549200000001
OLA-IBET,2,31,nearest,0.473876218,0.529836108,0.003131509288812101,0.05595989000000001
OLA-IBET,2,22,ridge_fixed,0.750076208,0.737409433834521,0.0001604471677592465,0.012666774165479011
OLA-IBET,2,23,ridge_fixed,0.805860084,0.7494498288089274,0.0031821168907219294,0.05641025519107257
OLA-IBET,2,24,ridge_fixed,0.800681011,0.7330572769244582,0.004572969410319591,0.06762373407554179
OLA-IBET,2,25,ridge_fixed,0.846414481,0.7915979310582387,0.003004854147517614,0.05481654994176133
OLA-IBET,2,26,ridge_fixed,0.811598347,0.7428640074433498,0.004724409434288889,0.0687343395566502
OLA-IBET,2,27,ridge_fixed,0.85013741,0.8099777242508575,0.0016128003594698813,0.040159685749142526
OLA-IBET,2,28,ridge_fixed,0.932495937,0.8482757200137944,0.007093044949203559,0.08422021698620563
OLA-IBET,2,29,ridge_fixed,0.4212163,0.5503884307291073,0.01668543935709758,0.12917213072910727
OLA-IBET,2,30,ridge_fixed,0.364284021,0.4423055984261565,0.006087366544065735,0.07802157742615651
OLA-IBET,2,31,ridge_fixed,0.473876218,0.4861105609891372,0.00014967914837584983,0.01223434298913717
OLA-IBET,2,22,gp_fixed,0.750076208,0.7688796372358928,0.0003535689510292297,0.018803429235892843
OLA-IBET,2,23,gp_fixed,0.805860084,0.7412039162399178,0.004180420029419893,0.0646561677600822
OLA-IBET,2,24,gp_fixed,0.800681011,0.7604102341541557,0.0016217354677677933,0.04027077684584435
OLA-IBET,2,25,gp_fixed,0.846414481,0.7669460260311383,0.006315235335138014,0.07946845496886179
OLA-IBET,2,26,gp_fixed,0.811598347,0.7822830673198169,0.0008593856227273564,0.029315279680183104
OLA-IBET,2,27,gp_fixed,0.85013741,0.799628867029531,0.002551112912999716,0.05050854297046903
OLA-IBET,2,28,gp_fixed,0.932495937,0.7943941802121098,0.019072095227901566,0.13810175678789016
OLA-IBET,2,29,gp_fixed,0.4212163,0.5962413486177234,0.030633767643636435,0.1750250486177234
OLA-IBET,2,30,gp_fixed,0.364284021,0.5453500712409879,0.032784914549871945,0.18106605024098787
OLA-IBET,2,31,gp_fixed,0.473876218,0.653122744869603,0.032129317394815296,0.17924652686960296
OLA-IBET,2,22,gp_past_tuned,0.750076208,0.735783618060818,0.00020427812716960426,0.014292589939181921
OLA-IBET,2,23,gp_past_tuned,0.805860084,0.7486161840013099,0.003276864087060028,0.05724389999869006
OLA-IBET,2,24,gp_past_tuned,0.800681011,0.7310409019632048,0.004849744786656722,0.06964010903679518
OLA-IBET,2,25,gp_past_tuned,0.846414481,0.7902714740326321,0.003152037231337927,0.05614300696736796
OLA-IBET,2,26,gp_past_tuned,0.811598347,0.7418908809278397,0.004859130826201375,0.06970746607216027
OLA-IBET,2,27,gp_past_tuned,0.85013741,0.8075470861894599,0.001813935682286656,0.042590323810540065
OLA-IBET,2,28,gp_past_tuned,0.932495937,0.8461093525936384,0.007462641965397437,0.0863865844063616
OLA-IBET,2,29,gp_past_tuned,0.4212163,0.5739335336213767,0.023322553444966143,0.15271723362137668
OLA-IBET,2,30,gp_past_tuned,0.364284021,0.4537368029042086,0.008001800190401906,0.08945278190420858
OLA-IBET,2,31,gp_past_tuned,0.473876218,0.5349562186375867,0.0037307664778875884,0.06108000063758667
OLA-IBET,3,32,train_mean,0.504445512,0.6776754209333334,0.030008601349051003,0.17322990893333345
OLA-IBET,3,33,train_mean,0.403296705,0.6776754209333334,0.0752836797572249,0.27437871593333346
OLA-IBET,3,34,train_mean,0.861039735,0.6776754209333334,0.03362247167313912,0.18336431406666653
OLA-IBET,3,35,train_mean,0.82137854,0.6776754209333334,0.020650586429488544,0.14370311906666655
OLA-IBET,3,36,train_mean,0.634366699,0.6776754209333334,0.0018756453954987989,0.04330872193333346
OLA-IBET,3,37,train_mean,0.477831454,0.6776754209333334,0.03993761111965127,0.19984396693333345
OLA-IBET,3,38,train_mean,0.726654974,0.6776754209333334,0.0023989966186104064,0.04897955306666657
OLA-IBET,3,39,train_mean,0.72943122,0.6776754209333334,0.0026786627370291682,0.05175579906666661
OLA-IBET,3,40,train_mean,0.617207641,0.6776754209333334,0.0036563524100660387,0.06046777993333341
OLA-IBET,3,41,train_mean,0.570460873,0.6776754209333334,0.011494959288549047,0.1072145479333334
OLA-IBET,3,32,nearest,0.504445512,0.756403685,0.06348292094149793,0.251958173
OLA-IBET,3,33,nearest,0.403296705,0.841561915,0.19207639429634413,0.43826521
OLA-IBET,3,34,nearest,0.861039735,0.846414481,0.00021389805456451368,0.014625253999999921
OLA-IBET,3,35,nearest,0.82137854,0.801123859,0.0004102521024117586,0.02025468099999994
OLA-IBET,3,36,nearest,0.634366699,0.841561915,0.04292985753328666,0.20719521600000002
OLA-IBET,3,37,nearest,0.477831454,0.554201075,0.00583231901168365,0.07636962100000005
OLA-IBET,3,38,nearest,0.726654974,0.805860084,0.006273449450112095,0.07920510999999997
OLA-IBET,3,39,nearest,0.72943122,0.846414481,0.013685083354194123,0.116983261
OLA-IBET,3,40,nearest,0.617207641,0.811598347,0.037787746579178424,0.19439070599999997
OLA-IBET,3,41,nearest,0.570460873,0.805860084,0.05541278853942249,0.23539921099999994
OLA-IBET,3,32,ridge_fixed,0.504445512,0.6498061286024884,0.02112970885905564,0.14536061660248845
OLA-IBET,3,33,ridge_fixed,0.403296705,0.6500628520736276,0.0608935313415632,0.2467661470736276
OLA-IBET,3,34,ridge_fixed,0.861039735,0.8397101250620125,0.0004549522601066948,0.021329609937987493
OLA-IBET,3,35,ridge_fixed,0.82137854,0.7693356689962061,0.002708460422317532,0.0520428710037939
OLA-IBET,3,36,ridge_fixed,0.634366699,0.6871661777227452,0.00278778495339363,0.05279947872274526
OLA-IBET,3,37,ridge_fixed,0.477831454,0.5468798403468039,0.0047676796570975,0.06904838634680394
OLA-IBET,3,38,ridge_fixed,0.726654974,0.7983472003037344,0.005139775312385866,0.0716922263037344
OLA-IBET,3,39,ridge_fixed,0.72943122,0.818248831695371,0.007888568147269693,0.08881761169537095
OLA-IBET,3,40,ridge_fixed,0.617207641,0.7465806244764716,0.016737368853603374,0.12937298347647153
OLA-IBET,3,41,ridge_fixed,0.570460873,0.7482885931663575,0.03162269805956435,0.1778277201663575
OLA-IBET,3,32,gp_fixed,0.504445512,0.7244404095811984,0.04839775496176197,0.2199948975811984
OLA-IBET,3,33,gp_fixed,0.403296705,0.716364801054208,0.0980116327670068,0.313068096054208
OLA-IBET,3,34,gp_fixed,0.861039735,0.8609147156028839,1.562984965526467e-08,0.00012501939711606624
OLA-IBET,3,35,gp_fixed,0.82137854,0.8276371392628137,3.917006473249208e-05,0.006258599262813691
OLA-IBET,3,36,gp_fixed,0.634366699,0.7695968395350038,0.018287190909116884,0.13523014053500382
OLA-IBET,3,37,gp_fixed,0.477831454,0.4604447249322128,0.0003022983476766367,0.01738672906778721
OLA-IBET,3,38,gp_fixed,0.726654974,0.8120018024367589,0.0072840811242135565,0.08534682843675889
OLA-IBET,3,39,gp_fixed,0.72943122,0.835023063897824,0.01114963749774242,0.10559184389782394
OLA-IBET,3,40,gp_fixed,0.617207641,0.7952225130064964,0.03168929465548928,0.17801487200649635
OLA-IBET,3,41,gp_fixed,0.570460873,0.7727239756431926,0.04091036269085066,0.20226310264319258
OLA-IBET,3,32,gp_past_tuned,0.504445512,0.6696208796805942,0.027282902088419506,0.16517536768059426
OLA-IBET,3,33,gp_past_tuned,0.403296705,0.6668405033858833,0.06945533366765912,0.2635437983858833
OLA-IBET,3,34,gp_past_tuned,0.861039735,0.8583803807558885,7.072164995673613e-06,0.002659354244111456
OLA-IBET,3,35,gp_past_tuned,0.82137854,0.7949742002263824,0.0006971891588806421,0.026404339773617558
OLA-IBET,3,36,gp_past_tuned,0.634366699,0.7076331377111953,0.0053679710414213395,0.07326643871119531
OLA-IBET,3,37,gp_past_tuned,0.477831454,0.5077826081376107,0.0008970716341749134,0.02995115413761068
OLA-IBET,3,38,gp_past_tuned,0.726654974,0.8250646781731081,0.009684469875438655,0.09840970417310813
OLA-IBET,3,39,gp_past_tuned,0.72943122,0.8424824408337024,0.012780578531990534,0.11305122083370234
OLA-IBET,3,40,gp_past_tuned,0.617207641,0.7791645830194533,0.026230051068292563,0.16195694201945332
OLA-IBET,3,41,gp_past_tuned,0.570460873,0.7810598284991168,0.04435192005731897,0.21059895549911678
OLA-IBET,4,42,train_mean,0.568569385,0.666909399525,0.009670758456777204,0.09834001452499996
OLA-IBET,4,43,train_mean,0.553577656,0.666909399525,0.012844084090416373,0.11333174352499997
OLA-IBET,4,44,train_mean,0.521147649,0.666909399525,0.021246487916112326,0.14576175052499996
OLA-IBET,4,45,train_mean,0.542983636,0.666909399525,0.015357594865254209,0.12392576352499995
OLA-IBET,4,46,train_mean,0.528492926,0.666909399525,0.01915912014309702,0.13841647352499997
OLA-IBET,4,47,train_mean,0.48682165,0.666909399525,0.03243159752897912,0.18008774952499995
OLA-IBET,4,48,train_mean,0.538166535,0.666909399525,0.016574725166102488,0.12874286452499994
OLA-IBET,4,49,train_mean,0.406799335,0.666909399525,0.06765724566719965,0.26011006452499996
OLA-IBET,4,50,train_mean,0.550704396,0.666909399525,0.013503602844245254,0.11620500352499996
OLA-IBET,4,51,train_mean,0.47516592,0.666909399525,0.03676556194035407,0.19174347952499993
OLA-IBET,4,42,nearest,0.568569385,0.403296705,0.0273150587543824,0.16527268
OLA-IBET,4,43,nearest,0.553577656,0.403296705,0.0225843642334644,0.150280951
OLA-IBET,4,44,nearest,0.521147649,0.403296705,0.013888845001691139,0.11785094400000001
OLA-IBET,4,45,nearest,0.542983636,0.403296705,0.019512438692198764,0.13968693100000001
OLA-IBET,4,46,nearest,0.528492926,0.403296705,0.01567409375268084,0.125196221
OLA-IBET,4,47,nearest,0.48682165,0.403296705,0.006976416437253028,0.08352494500000002
OLA-IBET,4,48,nearest,0.538166535,0.403296705,0.018189871044228905,0.13486983000000002
OLA-IBET,4,49,nearest,0.406799335,0.403296705,1.2268416916900046e-05,0.0035026300000000066
OLA-IBET,4,50,nearest,0.550704396,0.403296705,0.021729027365951482,0.147407691
OLA-IBET,4,51,nearest,0.47516592,0.403296705,0.005165184064716231,0.07186921500000004
OLA-IBET,4,42,ridge_fixed,0.568569385,0.6207749516109216,0.0027254211851673693,0.05220556661092157
OLA-IBET,4,43,ridge_fixed,0.553577656,0.6444736714274224,0.008262085620582216,0.09089601542742243
OLA-IBET,4,44,ridge_fixed,0.521147649,0.6574213012964686,0.01857050831021882,0.1362736522964686
OLA-IBET,4,45,ridge_fixed,0.542983636,0.610109323688436,0.004505857947645443,0.06712568768843596
OLA-IBET,4,46,ridge_fixed,0.528492926,0.6005368982243309,0.005190333933860162,0.0720439722243309
OLA-IBET,4,47,ridge_fixed,0.48682165,0.6016662686840246,0.013189286440679017,0.11484461868402462
OLA-IBET,4,48,ridge_fixed,0.538166535,0.6258402873001468,0.007686686842387504,0.08767375230014685
OLA-IBET,4,49,ridge_fixed,0.406799335,0.6189970136568657,0.04502785482736243,0.21219767865686567
OLA-IBET,4,50,ridge_fixed,0.550704396,0.5866613213599104,0.0012929004813381723,0.03595692535991046
OLA-IBET,4,51,ridge_fixed,0.47516592,0.6159485367637665,0.019819745182853538,0.14078261676376647
OLA-IBET,4,42,gp_fixed,0.568569385,0.5352489800538082,0.001110249385778204,0.03332040494619182
OLA-IBET,4,43,gp_fixed,0.553577656,0.5556012297686196,4.094850797045384e-06,0.002023573768619613
OLA-IBET,4,44,gp_fixed,0.521147649,0.5824977597015978,0.003763836083098304,0.06135011070159779
OLA-IBET,4,45,gp_fixed,0.542983636,0.5329503448171393,0.00010066693196006968,0.01003329118286067
OLA-IBET,4,46,gp_fixed,0.528492926,0.5197570485500146,7.631555482116316e-05,0.008735877449985385
OLA-IBET,4,47,gp_fixed,0.48682165,0.5333909901968034,0.0021687034463656056,0.046569340196803366
OLA-IBET,4,48,gp_fixed,0.538166535,0.5399168632627822,3.0636490274941826e-06,0.001750328262782208
OLA-IBET,4,49,gp_fixed,0.406799335,0.5461832163549801,0.01942786638157918,0.13938388135498014
OLA-IBET,4,50,gp_fixed,0.550704396,0.524731958325386,0.0006745675187617082,0.02597243767461399
OLA-IBET,4,51,gp_fixed,0.47516592,0.5294189542752838,0.002943391728075122,0.05425303427528383
OLA-IBET,4,42,gp_past_tuned,0.568569385,0.5906815233913729,0.0004889466642392289,0.022112138391372937
OLA-IBET,4,43,gp_past_tuned,0.553577656,0.6188019006699639,0.004254202092767315,0.0652242446699639
OLA-IBET,4,44,gp_past_tuned,0.521147649,0.6352115824991422,0.013010580925296741,0.11406393349914223
OLA-IBET,4,45,gp_past_tuned,0.542983636,0.578761465751195,0.0012800531017054964,0.035777829751195034
OLA-IBET,4,46,gp_past_tuned,0.528492926,0.5670533667795978,0.0014869075931168735,0.03856044077959786
OLA-IBET,4,47,gp_past_tuned,0.48682165,0.5691085403606464,0.006771132325225042,0.0822868903606464
OLA-IBET,4,48,gp_past_tuned,0.538166535,0.5966952668443213,0.003425612451304468,0.05852873184432128
OLA-IBET,4,49,gp_past_tuned,0.406799335,0.5893136032566981,0.033311458117277974,0.18251426825669814
OLA-IBET,4,50,gp_past_tuned,0.550704396,0.5524892826815493,3.1858204659720813e-06,0.0017848866815493025
OLA-IBET,4,51,gp_past_tuned,0.47516592,0.5849317761642805,0.01204854317947751,0.10976585616428047
