context,model,rmse,mae
FAC,gp_fixed,0.11267049573403778,0.0926804961456531
FAC,gp_past_tuned,0.10956746993686599,0.09024745939382701
FAC,nearest,0.18076032503963546,0.15735087217857144
FAC,ridge_fixed,0.10089824282747463,0.08519519430346614
FAC,train_mean,0.10796876854718834,0.09013277906930273
OLA-IBET,gp_fixed,0.11722462930648006,0.09669798898739158
OLA-IBET,gp_past_tuned,0.11125125662964527,0.09549189022683593
OLA-IBET,nearest,0.14177383036078475,0.11942250625
OLA-IBET,ridge_fixed,0.09904382412194845,0.08773083060185055
OLA-IBET,train_mean,0.17934766284096643,0.16499111240791664
