sample_id,patient,sample_type
Pt100_t1,Pt100,PDO
Pt101_t1,Pt101,PDO
Pt101_t2,Pt101,PDO
Pt102_t1,Pt102,PDO
Pt103_t2,Pt103,PDO
Pt104_t3,Pt104,PDO
Pt104_t4,Pt104,PDO
Pt105_t1,Pt105,PDO
Pt106_t1,Pt106,PDO
Pt109_t1,Pt109,PDO
Pt10_t2,Pt10,PDO
Pt10_t3,Pt10,PDO
Pt110_t1,Pt110,PDO
Pt111_t1,Pt111,PDO
Pt111_t2,Pt111,PDO
Pt112_t1,Pt112,PDO
Pt112_t2,Pt112,PDO
Pt114_t1,Pt114,PDO
Pt116_t1,Pt116,CRLM
Pt116_t1,Pt116,PDO
Pt116_t2,Pt116,PDO
Pt116_t3,Pt116,PDO
Pt117_t1,Pt117,PDO
Pt119_t1,Pt119,PDO
Pt11_t1,Pt11,CRLM
Pt11_t1,Pt11,PDO
Pt120_t1,Pt120,PDO
Pt121_t1,Pt121,CRLM
Pt121_t1,Pt121,PDO
Pt121_t2,Pt121,CRLM
Pt121_t2,Pt121,PDO
Pt121_t3,Pt121,CRLM
Pt121_t3,Pt121,PDO
Pt122_t1,Pt122,PDO
Pt123_t1,Pt123,PDO
Pt124_t1,Pt124,PDO
Pt124_t2,Pt124,PDO
Pt125_t1,Pt125,PDO
Pt125_t3,Pt125,PDO
Pt126_t1,Pt126,PDO
Pt127_t1,Pt127,PDO
Pt128_t1,Pt128,PDO
Pt129_t1,Pt129,PDO
Pt12_t1,Pt12,CRLM
Pt12_t1,Pt12,PDO
Pt134_t1,Pt134,CRLM
Pt134_t1,Pt134,PDO
Pt134_t2,Pt134,PDO
Pt134_t3,Pt134,PDO
Pt134_t4,Pt134,PDO
Pt134_t5,Pt134,PDO
Pt137.2_t1,Pt137,CRLM
Pt137.2_t1,Pt137,PDO
Pt137_t3,Pt137,CRLM
Pt137_t3,Pt137,PDO
Pt137_t4,Pt137,CRLM
Pt137_t4,Pt137,PDO
Pt137_t5,Pt137,CRLM
Pt137_t5,Pt137,PDO
Pt13_t1,Pt13,PDO
Pt142_t1,Pt142,CRLM
Pt142_t1,Pt142,PDO
Pt143_t1,Pt143,PDO
Pt144_t1,Pt144,PDO
Pt148_t2,Pt148,PDO
Pt149_t1,Pt149,CRLM
Pt149_t1,Pt149,PDO
Pt151_t1,Pt151,PDO
Pt15_t3,Pt15,CRLM
Pt15_t3,Pt15,PDO
Pt17_t1,Pt17,CRLM
Pt17_t1,Pt17,PDO
Pt18_t1,Pt18,CRLM
Pt18_t1,Pt18,PDO
Pt18_t3,Pt18,CRLM
Pt18_t3,Pt18,PDO
Pt18_t4,Pt18,CRLM
Pt18_t4,Pt18,PDO
Pt1_t1,Pt1,CRLM
Pt1_t1,Pt1,PDO
Pt20_t1,Pt20,PDO
Pt21_t1,Pt21,CRLM
Pt21_t1,Pt21,PDO
Pt22.2_t1,Pt22,CRLM
Pt22.2_t1,Pt22,PDO
Pt23_t1,Pt23,CRLM
Pt23_t1,Pt23,PDO
Pt23_t3,Pt23,PDO
Pt23_t5,Pt23,PDO
Pt24_t1,Pt24,CRLM
Pt24_t1,Pt24,PDO
Pt25_t1,Pt25,CRLM
Pt25_t1,Pt25,PDO
Pt26_t1,Pt26,CRLM
Pt26_t1,Pt26,PDO
Pt28_t2,Pt28,PDO
Pt29_t1,Pt29,CRLM
Pt29_t1,Pt29,PDO
Pt30_t1,Pt30,CRLM
Pt30_t1,Pt30,PDO
Pt31_t1,Pt31,CRLM
Pt31_t1,Pt31,PDO
Pt32_t1,Pt32,CRLM
Pt32_t1,Pt32,PDO
Pt32_t2,Pt32,CRLM
Pt32_t2,Pt32,PDO
Pt33_t2,Pt33,CRLM
Pt33_t2,Pt33,PDO
Pt35_t2,Pt35,CRLM
Pt35_t2,Pt35,PDO
Pt37_t1,Pt37,PDO
Pt38_t1,Pt38,CRLM
Pt38_t1,Pt38,PDO
Pt39_t1,Pt39,CRLM
Pt39_t1,Pt39,PDO
Pt39_t2,Pt39,CRLM
Pt39_t2,Pt39,PDO
Pt3_t1,Pt3,CRLM
Pt3_t1,Pt3,PDO
Pt40_t2,Pt40,PDO
Pt42_t2,Pt42,PDO
Pt43_t1,Pt43,CRLM
Pt43_t1,Pt43,PDO
Pt44_t1,Pt44,CRLM
Pt44_t1,Pt44,PDO
Pt45_t1,Pt45,CRLM
Pt45_t1,Pt45,PDO
Pt46_t1,Pt46,PDO
Pt46_t2,Pt46,CRLM
Pt46_t2,Pt46,PDO
Pt49_t1,Pt49,CRLM
Pt49_t1,Pt49,PDO
Pt50.2_t1,Pt50,CRLM
Pt50.2_t1,Pt50,PDO
Pt50_t3,Pt50,CRLM
Pt50_t3,Pt50,PDO
Pt52_t1,Pt52,PDO
Pt52_t2,Pt52,CRLM
Pt52_t2,Pt52,PDO
Pt54.2_t1,Pt54,CRLM
Pt54.2_t1,Pt54,PDO
Pt54.3_t1,Pt54,CRLM
Pt54.3_t1,Pt54,PDO
Pt54_t1.1,Pt54,PDO
Pt55.3_t1,Pt55,CRLM
Pt55.3_t1,Pt55,PDO
Pt55_t1,Pt55,CRLM
Pt55_t1,Pt55,PDO
Pt56_t1,Pt56,CRLM
Pt56_t1,Pt56,PDO
Pt56_t4,Pt56,PDO
Pt57_t2,Pt57,PDO
Pt58_t1,Pt58,CRLM
Pt58_t1,Pt58,PDO
Pt59_t1,Pt59,CRLM
Pt59_t1,Pt59,PDO
Pt59_t2,Pt59,PDO
Pt6.2_t1,Pt6,CRLM
Pt6.2_t1,Pt6,PDO
Pt6.2_t2,Pt6,CRLM
Pt6.2_t2,Pt6,PDO
Pt6.3_t1,Pt6,CRLM
Pt6.3_t1,Pt6,PDO
Pt61_t2,Pt61,CRLM
Pt61_t2,Pt61,PDO
Pt62_t1,Pt62,CRLM
Pt62_t1,Pt62,PDO
Pt63_t1,Pt63,CRLM
Pt63_t1,Pt63,PDO
Pt65_t1,Pt65,CRLM
Pt65_t1,Pt65,PDO
Pt66_t1,Pt66,CRLM
Pt66_t1,Pt66,PDO
Pt66_t2,Pt66,CRLM
Pt66_t2,Pt66,PDO
Pt67_t1,Pt67,CRLM
Pt67_t1,Pt67,PDO
Pt68_t1,Pt68,CRLM
Pt68_t1,Pt68,PDO
Pt6_t2,Pt6,CRLM
Pt6_t2,Pt6,PDO
Pt70_t1,Pt70,CRLM
Pt70_t1,Pt70,PDO
Pt74_t1,Pt74,CRLM
Pt74_t1,Pt74,PDO
Pt74_t2,Pt74,CRLM
Pt74_t2,Pt74,PDO
Pt76_t1,Pt76,CRLM
Pt76_t1,Pt76,PDO
Pt76_t3,Pt76,PDO
Pt77_t1,Pt77,CRLM
Pt77_t1,Pt77,PDO
Pt79_t1,Pt79,CRLM
Pt79_t1,Pt79,PDO
Pt7_t1,Pt7,CRLM
Pt7_t1,Pt7,PDO
Pt80_t1,Pt80,CRLM
Pt80_t1,Pt80,PDO
Pt81_t1,Pt81,PDO
Pt84_t1,Pt84,PDO
Pt85_t3,Pt85,PDO
Pt86_t3,Pt86,PDO
Pt88_t2,Pt88,PDO
Pt89_t3,Pt89,PDO
Pt8_t1,Pt8,PDO
Pt93_t1,Pt93,PDO
Pt93_t2,Pt93,PDO
Pt93_t6,Pt93,PDO
Pt94.2_t1,Pt94,CRLM
Pt94.2_t1,Pt94,PDO
Pt94.2_t2,Pt94,PDO
Pt94_t1,Pt94,CRLM
Pt94_t1,Pt94,PDO
Pt94_t2,Pt94,PDO
Pt95_t1,Pt95,PDO
Pt95_t2,Pt95,PDO
Pt98_t1,Pt98,PDO
Pt98_t4,Pt98,PDO
Pt98_t5,Pt98,PDO
Pt98_t6,Pt98,PDO
Pt99_t1,Pt99,PDO
Pt99_t2,Pt99,PDO
Pt9_t1,Pt9,CRLM
Pt9_t1,Pt9,PDO
