organoid_id,policy,method,budget,mse,coverage90,posterior_target_variance
O01,exact_fixed_budget,diagonal,3,0.143032533098,0.964285714286,0.270411972294
O01,exact_fixed_budget,diagonal,4,1.28394963255,0.75,0.129492319236
O01,exact_fixed_budget,diagonal,5,0.122013388369,0.964285714286,0.0977941612526
O01,exact_fixed_budget,diagonal,6,0.55450165822,0.821428571429,0.0820653387955
O01,exact_fixed_budget,diagonal,7,0.405644522977,0.857142857143,0.0708445700488
O01,exact_fixed_budget,diagonal,8,0.261590150217,0.857142857143,0.0621219705481
O01,exact_fixed_budget,diagonal,9,0.34361739751,0.892857142857,0.0560612294706
O01,exact_fixed_budget,diagonal,10,0.467048677105,0.857142857143,0.0512978153148
O01,exact_fixed_budget,diagonal,11,0.460818005095,0.821428571429,0.0471459725869
O01,exact_fixed_budget,diagonal,12,0.436823936359,0.857142857143,0.0441754137359
O01,exact_fixed_budget,diagonal,13,0.338285946086,0.892857142857,0.0414587312947
O01,exact_fixed_budget,diagonal,14,0.330727485878,0.892857142857,0.0390207021181
O01,exact_fixed_budget,diagonal,15,0.332599165236,0.892857142857,0.0381018779553
O01,exact_fixed_budget,diagonal,16,0.332599165236,0.892857142857,0.0381018779553
O01,exact_fixed_budget,joint,3,0.148333847534,0.964285714286,0.282532562861
O01,exact_fixed_budget,joint,4,1.69830650851,0.75,0.136809903576
O01,exact_fixed_budget,joint,5,0.127449027759,0.964285714286,0.111548164118
O01,exact_fixed_budget,joint,6,0.125700660361,0.964285714286,0.0907935421244
O01,exact_fixed_budget,joint,7,0.589529943877,0.857142857143,0.0814892203173
O01,exact_fixed_budget,joint,8,0.377272484434,0.892857142857,0.0737277925774
O01,exact_fixed_budget,joint,9,0.327569344485,0.892857142857,0.0689107643852
O01,exact_fixed_budget,joint,10,0.332865974071,0.892857142857,0.0649263073999
O01,exact_fixed_budget,joint,11,0.443840640728,0.892857142857,0.0619215505081
O01,exact_fixed_budget,joint,12,0.428657261338,0.892857142857,0.059482146571
O01,exact_fixed_budget,joint,13,0.217971012291,0.892857142857,0.0576011016506
O01,exact_fixed_budget,joint,14,0.299332026093,0.892857142857,0.0558208947519
O01,exact_fixed_budget,joint,15,0.302512539309,0.892857142857,0.0543464124667
O01,exact_fixed_budget,joint,16,0.301900577277,0.892857142857,0.0531751143829
O02,exact_fixed_budget,diagonal,3,0.317187747329,1,0.267019887966
O02,exact_fixed_budget,diagonal,4,0.540513009375,0.714285714286,0.129217436396
O02,exact_fixed_budget,diagonal,5,0.787526879852,0.714285714286,0.097680074483
O02,exact_fixed_budget,diagonal,6,0.680044384506,0.714285714286,0.0821925512078
O02,exact_fixed_budget,diagonal,7,0.69030112876,0.714285714286,0.070965580188
O02,exact_fixed_budget,diagonal,8,0.797776193893,0.571428571429,0.0622947771021
O02,exact_fixed_budget,diagonal,9,0.809933631227,0.571428571429,0.05631538607
O02,exact_fixed_budget,diagonal,10,0.736637031666,0.571428571429,0.0515810676561
O02,exact_fixed_budget,diagonal,11,0.768739156593,0.428571428571,0.0473575768087
O02,exact_fixed_budget,diagonal,12,0.758500117454,0.428571428571,0.0444115049677
O02,exact_fixed_budget,diagonal,13,0.742767599145,0.428571428571,0.0417022576297
O02,exact_fixed_budget,diagonal,14,0.750866813467,0.428571428571,0.0392273519641
O02,exact_fixed_budget,diagonal,15,0.766552198539,0.428571428571,0.0381875006347
O02,exact_fixed_budget,diagonal,16,0.766552198539,0.428571428571,0.0381875006347
O02,exact_fixed_budget,joint,3,0.240506597262,1,0.280474878044
O02,exact_fixed_budget,joint,4,0.393878782393,0.857142857143,0.138036664512
O02,exact_fixed_budget,joint,5,0.618301377617,0.714285714286,0.113205720394
O02,exact_fixed_budget,joint,6,0.372957281777,0.857142857143,0.0914189699242
O02,exact_fixed_budget,joint,7,0.291787470032,0.857142857143,0.0823127632634
O02,exact_fixed_budget,joint,8,0.304619735843,0.857142857143,0.0745004708825
O02,exact_fixed_budget,joint,9,0.335131770113,0.857142857143,0.0698082787267
O02,exact_fixed_budget,joint,10,0.335893931317,0.857142857143,0.0658223250994
O02,exact_fixed_budget,joint,11,0.296344118854,0.857142857143,0.0628241671311
O02,exact_fixed_budget,joint,12,0.299982689042,0.857142857143,0.0603459793496
O02,exact_fixed_budget,joint,13,0.311060750915,0.857142857143,0.0585449552484
O02,exact_fixed_budget,joint,14,0.286752271107,0.857142857143,0.0568102647443
O02,exact_fixed_budget,joint,15,0.285915892338,0.857142857143,0.0553952476741
O02,exact_fixed_budget,joint,16,0.282228753232,0.857142857143,0.0542476662103
O03,exact_fixed_budget,diagonal,3,0.527340214358,0.914285714286,0.268527776816
O03,exact_fixed_budget,diagonal,4,0.304814036083,0.914285714286,0.129424102803
O03,exact_fixed_budget,diagonal,5,0.217474476043,0.971428571429,0.0977619574653
O03,exact_fixed_budget,diagonal,6,0.261755778413,0.914285714286,0.0821431075344
O03,exact_fixed_budget,diagonal,7,0.230424207213,0.914285714286,0.0709332583827
O03,exact_fixed_budget,diagonal,8,0.182689965656,0.971428571429,0.0622601703258
O03,exact_fixed_budget,diagonal,9,0.194213211988,0.971428571429,0.0562436593722
O03,exact_fixed_budget,diagonal,10,0.179104966378,0.971428571429,0.0514470814677
O03,exact_fixed_budget,diagonal,11,0.172999850867,0.971428571429,0.0472532859517
O03,exact_fixed_budget,diagonal,12,0.173027768241,0.971428571429,0.0442735558517
O03,exact_fixed_budget,diagonal,13,0.18089170063,0.942857142857,0.0415448049094
O03,exact_fixed_budget,diagonal,14,0.176933873756,0.942857142857,0.0391099180548
O03,exact_fixed_budget,diagonal,15,0.181445055841,0.942857142857,0.03809600369
O03,exact_fixed_budget,diagonal,16,0.181445055841,0.942857142857,0.03809600369
O03,exact_fixed_budget,joint,3,0.465608144676,0.914285714286,0.281477572677
O03,exact_fixed_budget,joint,4,0.223150082626,0.971428571429,0.137845250086
O03,exact_fixed_budget,joint,5,0.149805897893,0.971428571429,0.112714068818
O03,exact_fixed_budget,joint,6,0.159125247418,0.971428571429,0.0912430103023
O03,exact_fixed_budget,joint,7,0.163148316911,0.942857142857,0.0820482859988
O03,exact_fixed_budget,joint,8,0.164471573175,0.942857142857,0.0743421186433
O03,exact_fixed_budget,joint,9,0.140115738148,0.971428571429,0.0695331989142
O03,exact_fixed_budget,joint,10,0.105162495424,1,0.0655921199077
O03,exact_fixed_budget,joint,11,0.106397531738,0.971428571429,0.0625876696081
O03,exact_fixed_budget,joint,12,0.105342816287,0.971428571429,0.0600696495746
O03,exact_fixed_budget,joint,13,0.103842349241,1,0.0582282299361
O03,exact_fixed_budget,joint,14,0.0963262466463,1,0.0564698598607
O03,exact_fixed_budget,joint,15,0.0965341540776,1,0.0549845971387
O03,exact_fixed_budget,joint,16,0.0931290581992,1,0.0538227632164
O04,exact_fixed_budget,diagonal,3,0.902832173944,0.857142857143,0.270411972294
O04,exact_fixed_budget,diagonal,4,0.610340167764,0.857142857143,0.129492319236
O04,exact_fixed_budget,diagonal,5,0.594197572964,0.821428571429,0.0977941612526
O04,exact_fixed_budget,diagonal,6,0.484048097399,0.892857142857,0.0820653387955
O04,exact_fixed_budget,diagonal,7,0.503424486404,0.892857142857,0.0708445700488
O04,exact_fixed_budget,diagonal,8,0.499247162138,0.857142857143,0.0621219705481
O04,exact_fixed_budget,diagonal,9,0.491714794553,0.892857142857,0.0560612294706
O04,exact_fixed_budget,diagonal,10,0.46876894991,0.892857142857,0.0512978153148
O04,exact_fixed_budget,diagonal,11,0.460928984641,0.892857142857,0.0471459725869
O04,exact_fixed_budget,diagonal,12,0.468639632003,0.892857142857,0.0441754137359
O04,exact_fixed_budget,diagonal,13,0.461660321338,0.892857142857,0.0414587312947
O04,exact_fixed_budget,diagonal,14,0.460396971011,0.892857142857,0.0390207021181
O04,exact_fixed_budget,diagonal,15,0.462446478552,0.892857142857,0.0381018779553
O04,exact_fixed_budget,diagonal,16,0.462446478552,0.892857142857,0.0381018779553
O04,exact_fixed_budget,joint,3,0.821454966466,0.857142857143,0.282532562861
O04,exact_fixed_budget,joint,4,0.504402677945,0.857142857143,0.136809903576
O04,exact_fixed_budget,joint,5,0.483578769567,0.892857142857,0.111548164118
O04,exact_fixed_budget,joint,6,0.438018464049,0.892857142857,0.0907935421244
O04,exact_fixed_budget,joint,7,0.367905107417,0.892857142857,0.0814892203173
O04,exact_fixed_budget,joint,8,0.378259591878,0.892857142857,0.0737277925774
O04,exact_fixed_budget,joint,9,0.380281467919,0.892857142857,0.0689107643852
O04,exact_fixed_budget,joint,10,0.364720130882,0.892857142857,0.0649263073999
O04,exact_fixed_budget,joint,11,0.356465500712,0.892857142857,0.0619215505081
O04,exact_fixed_budget,joint,12,0.36130014382,0.892857142857,0.059482146571
O04,exact_fixed_budget,joint,13,0.370236695319,0.892857142857,0.0576011016506
O04,exact_fixed_budget,joint,14,0.366721453731,0.928571428571,0.0558208947519
O04,exact_fixed_budget,joint,15,0.350278012435,0.928571428571,0.0543464124667
O04,exact_fixed_budget,joint,16,0.349779501182,0.928571428571,0.0531751143829
O05,exact_fixed_budget,diagonal,3,0.0619084618707,1,0.267019887966
O05,exact_fixed_budget,diagonal,4,0.0483842253933,1,0.129217436396
O05,exact_fixed_budget,diagonal,5,0.0462579835024,1,0.097680074483
O05,exact_fixed_budget,diagonal,6,0.0667255224883,1,0.0821925512078
O05,exact_fixed_budget,diagonal,7,0.0561299006255,1,0.070965580188
O05,exact_fixed_budget,diagonal,8,0.0506585271287,1,0.0622947771021
O05,exact_fixed_budget,diagonal,9,0.0558077336126,1,0.05631538607
O05,exact_fixed_budget,diagonal,10,0.0574068095814,1,0.0515810676561
O05,exact_fixed_budget,diagonal,11,0.0822104373719,1,0.0473575768087
O05,exact_fixed_budget,diagonal,12,0.083666085577,1,0.0444115049677
O05,exact_fixed_budget,diagonal,13,0.0767466842726,1,0.0417022576297
O05,exact_fixed_budget,diagonal,14,0.0772301144301,1,0.0392273519641
O05,exact_fixed_budget,diagonal,15,0.0670185464422,1,0.0381875006347
O05,exact_fixed_budget,diagonal,16,0.0670185464422,1,0.0381875006347
O05,exact_fixed_budget,joint,3,0.0408248004324,1,0.280474878044
O05,exact_fixed_budget,joint,4,0.0388740452447,1,0.138036664512
O05,exact_fixed_budget,joint,5,0.0502842364045,1,0.113205720394
O05,exact_fixed_budget,joint,6,0.0565198215554,1,0.0914189699242
O05,exact_fixed_budget,joint,7,0.075120947793,1,0.0823127632634
O05,exact_fixed_budget,joint,8,0.0672172873666,1,0.0745004708825
O05,exact_fixed_budget,joint,9,0.0677482123531,1,0.0698082787267
O05,exact_fixed_budget,joint,10,0.0637010659257,1,0.0658223250994
O05,exact_fixed_budget,joint,11,0.0646260873625,1,0.0628241671311
O05,exact_fixed_budget,joint,12,0.0865781916577,1,0.0603459793496
O05,exact_fixed_budget,joint,13,0.0872576470075,1,0.0585449552484
O05,exact_fixed_budget,joint,14,0.0859123745201,1,0.0568102647443
O05,exact_fixed_budget,joint,15,0.0828248624951,1,0.0553952476741
O05,exact_fixed_budget,joint,16,0.0834385791552,1,0.0542476662103
O06,exact_fixed_budget,diagonal,3,0.574520070722,0.942857142857,0.268527776816
O06,exact_fixed_budget,diagonal,4,0.342213331735,0.957142857143,0.129424102803
O06,exact_fixed_budget,diagonal,5,0.321562617751,0.957142857143,0.0977619574653
O06,exact_fixed_budget,diagonal,6,0.337123879997,0.957142857143,0.0821431075344
O06,exact_fixed_budget,diagonal,7,0.309382683537,0.957142857143,0.0709332583827
O06,exact_fixed_budget,diagonal,8,0.282267911578,0.942857142857,0.0622601703258
O06,exact_fixed_budget,diagonal,9,0.283423897411,0.957142857143,0.0562436593722
O06,exact_fixed_budget,diagonal,10,0.273414863959,0.957142857143,0.0514470814677
O06,exact_fixed_budget,diagonal,11,0.274519720416,0.957142857143,0.0472532859517
O06,exact_fixed_budget,diagonal,12,0.279317889888,0.957142857143,0.0442735558517
O06,exact_fixed_budget,diagonal,13,0.277387503608,0.957142857143,0.0415448049094
O06,exact_fixed_budget,diagonal,14,0.278847555119,0.957142857143,0.0391099180548
O06,exact_fixed_budget,diagonal,15,0.279494158465,0.957142857143,0.03809600369
O06,exact_fixed_budget,diagonal,16,0.279494158465,0.957142857143,0.03809600369
O06,exact_fixed_budget,joint,3,0.567710184955,0.942857142857,0.281477572677
O06,exact_fixed_budget,joint,4,0.322463038058,0.957142857143,0.137845250086
O06,exact_fixed_budget,joint,5,0.293799388631,0.957142857143,0.112714068818
O06,exact_fixed_budget,joint,6,0.290387892466,0.957142857143,0.0912430103023
O06,exact_fixed_budget,joint,7,0.305781767586,0.957142857143,0.0820482859988
O06,exact_fixed_budget,joint,8,0.281961600215,0.957142857143,0.0743421186433
O06,exact_fixed_budget,joint,9,0.281183846474,0.957142857143,0.0695331989142
O06,exact_fixed_budget,joint,10,0.259463311726,0.957142857143,0.0655921199077
O06,exact_fixed_budget,joint,11,0.248598293728,0.971428571429,0.0625876696081
O06,exact_fixed_budget,joint,12,0.2471457631,0.971428571429,0.0600696495746
O06,exact_fixed_budget,joint,13,0.256913534195,0.957142857143,0.0582282299361
O06,exact_fixed_budget,joint,14,0.248297635187,0.957142857143,0.0564698598607
O06,exact_fixed_budget,joint,15,0.250910826419,0.957142857143,0.0549845971387
O06,exact_fixed_budget,joint,16,0.25084806388,0.957142857143,0.0538227632164
O07,exact_fixed_budget,diagonal,3,0.173851503043,0.979591836735,0.267235680993
O07,exact_fixed_budget,diagonal,4,0.156965817046,0.959183673469,0.129355598212
O07,exact_fixed_budget,diagonal,5,0.130745792902,0.979591836735,0.0977318577322
O07,exact_fixed_budget,diagonal,6,0.132031556973,0.959183673469,0.0821946101956
O07,exact_fixed_budget,diagonal,7,0.128848915481,0.959183673469,0.0709885548314
O07,exact_fixed_budget,diagonal,8,0.119831134041,0.959183673469,0.0623440854526
O07,exact_fixed_budget,diagonal,9,0.117085643715,0.959183673469,0.0563581517014
O07,exact_fixed_budget,diagonal,10,0.11744404873,0.959183673469,0.0515515172963
O07,exact_fixed_budget,diagonal,11,0.117780600497,0.959183673469,0.0473295065682
O07,exact_fixed_budget,diagonal,12,0.129230268695,0.959183673469,0.0443493440773
O07,exact_fixed_budget,diagonal,13,0.131380258182,0.959183673469,0.0416164830778
O07,exact_fixed_budget,diagonal,14,0.130705443098,0.959183673469,0.0391776748627
O07,exact_fixed_budget,diagonal,15,0.135469145473,0.959183673469,0.0381057179591
O07,exact_fixed_budget,diagonal,16,0.135469145473,0.959183673469,0.0381057179591
O07,exact_fixed_budget,joint,3,0.168862462625,0.979591836735,0.280731479053
O07,exact_fixed_budget,joint,4,0.138397034887,0.959183673469,0.138464221582
O07,exact_fixed_budget,joint,5,0.119691315667,0.959183673469,0.113450536014
O07,exact_fixed_budget,joint,6,0.111737080212,0.979591836735,0.09152498635
O07,exact_fixed_budget,joint,7,0.108374479621,0.979591836735,0.0824055345688
O07,exact_fixed_budget,joint,8,0.111241006105,0.959183673469,0.074715783858
O07,exact_fixed_budget,joint,9,0.107601704562,0.959183673469,0.069928172904
O07,exact_fixed_budget,joint,10,0.0959041180534,0.959183673469,0.0660054706539
O07,exact_fixed_budget,joint,11,0.0885772076683,0.979591836735,0.0630020944542
O07,exact_fixed_budget,joint,12,0.0923469562074,0.959183673469,0.0604448412588
O07,exact_fixed_budget,joint,13,0.115259532814,0.938775510204,0.0586318354296
O07,exact_fixed_budget,joint,14,0.108086484739,0.959183673469,0.0568893263349
O07,exact_fixed_budget,joint,15,0.104617146152,0.959183673469,0.0554079384564
O07,exact_fixed_budget,joint,16,0.104561646997,0.959183673469,0.0542535486919
O09,exact_fixed_budget,diagonal,3,0.264803225099,1,0.267019887966
O09,exact_fixed_budget,diagonal,4,0.426177724025,0.857142857143,0.129217436396
O09,exact_fixed_budget,diagonal,5,0.431953433506,0.857142857143,0.097680074483
O09,exact_fixed_budget,diagonal,6,0.484923697638,0.714285714286,0.0821925512078
O09,exact_fixed_budget,diagonal,7,0.487643263646,0.714285714286,0.070965580188
O09,exact_fixed_budget,diagonal,8,0.455394294138,0.714285714286,0.0622947771021
O09,exact_fixed_budget,diagonal,9,0.475220960659,0.714285714286,0.05631538607
O09,exact_fixed_budget,diagonal,10,0.483352653188,0.714285714286,0.0515810676561
O09,exact_fixed_budget,diagonal,11,0.500532632207,0.714285714286,0.0473575768087
O09,exact_fixed_budget,diagonal,12,0.489906818369,0.714285714286,0.0444115049677
O09,exact_fixed_budget,diagonal,13,0.519010751623,0.714285714286,0.0417022576297
O09,exact_fixed_budget,diagonal,14,0.465819169799,0.714285714286,0.0392273519641
O09,exact_fixed_budget,diagonal,15,0.479072879346,0.714285714286,0.0381875006347
O09,exact_fixed_budget,diagonal,16,0.479072879346,0.714285714286,0.0381875006347
O09,exact_fixed_budget,joint,3,0.282600693584,1,0.280474878044
O09,exact_fixed_budget,joint,4,0.577879702173,0.857142857143,0.138036664512
O09,exact_fixed_budget,joint,5,0.582476894246,0.714285714286,0.113205720394
O09,exact_fixed_budget,joint,6,0.686418636682,0.714285714286,0.0914189699242
O09,exact_fixed_budget,joint,7,0.769396537867,0.571428571429,0.0823127632634
O09,exact_fixed_budget,joint,8,0.760852721071,0.571428571429,0.0745004708825
O09,exact_fixed_budget,joint,9,0.764849529881,0.571428571429,0.0698082787267
O09,exact_fixed_budget,joint,10,0.757881698642,0.571428571429,0.0658223250994
O09,exact_fixed_budget,joint,11,0.765348771004,0.571428571429,0.0628241671311
O09,exact_fixed_budget,joint,12,0.793760176191,0.571428571429,0.0603459793496
O09,exact_fixed_budget,joint,13,0.816392570161,0.571428571429,0.0585449552484
O09,exact_fixed_budget,joint,14,0.818855900375,0.571428571429,0.0568102647443
O09,exact_fixed_budget,joint,15,0.803800853503,0.571428571429,0.0553952476741
O09,exact_fixed_budget,joint,16,0.748242981751,0.571428571429,0.0542476662103
O10,exact_fixed_budget,diagonal,3,1.46889399627,0.857142857143,0.268904749028
O10,exact_fixed_budget,diagonal,4,1.03713637353,0.928571428571,0.129475769405
O10,exact_fixed_budget,diagonal,5,0.989798740684,0.928571428571,0.0977824282108
O10,exact_fixed_budget,diagonal,6,1.11583818856,0.892857142857,0.082130746616
O10,exact_fixed_budget,diagonal,7,1.06331858872,0.857142857143,0.0709251779314
O10,exact_fixed_budget,diagonal,8,0.595275908324,0.928571428571,0.0622515186318
O10,exact_fixed_budget,diagonal,9,0.68683288607,0.928571428571,0.0562257276978
O10,exact_fixed_budget,diagonal,10,0.666635440639,0.928571428571,0.0514135849207
O10,exact_fixed_budget,diagonal,11,0.663240351782,0.928571428571,0.0472272132374
O10,exact_fixed_budget,diagonal,12,0.62134967,0.928571428571,0.0442390685727
O10,exact_fixed_budget,diagonal,13,0.610243132369,0.928571428571,0.0415054417293
O10,exact_fixed_budget,diagonal,14,0.608980053688,0.928571428571,0.0390805595774
O10,exact_fixed_budget,diagonal,15,0.609217280633,0.928571428571,0.0380731294539
O10,exact_fixed_budget,diagonal,16,0.609217280633,0.928571428571,0.0380731294539
O10,exact_fixed_budget,joint,3,1.4107103962,0.821428571429,0.281728246336
O10,exact_fixed_budget,joint,4,0.955702292429,0.928571428571,0.13779739648
O10,exact_fixed_budget,joint,5,0.912898431051,0.928571428571,0.112591155923
O10,exact_fixed_budget,joint,6,0.984479654129,0.928571428571,0.0911990203968
O10,exact_fixed_budget,joint,7,1.11679716304,0.892857142857,0.0819821666826
O10,exact_fixed_budget,joint,8,1.07227982363,0.928571428571,0.0743025305835
O10,exact_fixed_budget,joint,9,1.05700712723,0.928571428571,0.069464428961
O10,exact_fixed_budget,joint,10,0.681699148444,0.928571428571,0.0655345686098
O10,exact_fixed_budget,joint,11,0.659410025121,0.928571428571,0.0625285452273
O10,exact_fixed_budget,joint,12,0.657711480246,0.928571428571,0.0600005671308
O10,exact_fixed_budget,joint,13,0.600799284861,0.928571428571,0.058149048608
O10,exact_fixed_budget,joint,14,0.599901564401,0.928571428571,0.0563847586398
O10,exact_fixed_budget,joint,15,0.604141632979,0.928571428571,0.0548819345049
O10,exact_fixed_budget,joint,16,0.603443113863,0.928571428571,0.053716537468
O11,exact_fixed_budget,diagonal,3,0.370601660549,0.971428571429,0.268904749028
O11,exact_fixed_budget,diagonal,4,0.300472465293,0.957142857143,0.129475769405
O11,exact_fixed_budget,diagonal,5,0.260683484966,0.957142857143,0.0977824282108
O11,exact_fixed_budget,diagonal,6,0.273175073832,0.957142857143,0.082130746616
O11,exact_fixed_budget,diagonal,7,0.259431467688,0.95,0.0709251779314
O11,exact_fixed_budget,diagonal,8,0.196542969308,0.942857142857,0.0622515186318
O11,exact_fixed_budget,diagonal,9,0.194551786712,0.95,0.0562257276978
O11,exact_fixed_budget,diagonal,10,0.193324268569,0.942857142857,0.0514135849207
O11,exact_fixed_budget,diagonal,11,0.193851618726,0.942857142857,0.0472272132374
O11,exact_fixed_budget,diagonal,12,0.202870160059,0.942857142857,0.0442390685727
O11,exact_fixed_budget,diagonal,13,0.192416092508,0.95,0.0415054417293
O11,exact_fixed_budget,diagonal,14,0.192333887094,0.95,0.0390805595774
O11,exact_fixed_budget,diagonal,15,0.192431215047,0.942857142857,0.0380731294539
O11,exact_fixed_budget,diagonal,16,0.192431215047,0.942857142857,0.0380731294539
O11,exact_fixed_budget,joint,3,0.361323596773,0.978571428571,0.281728246336
O11,exact_fixed_budget,joint,4,0.276052574736,0.971428571429,0.13779739648
O11,exact_fixed_budget,joint,5,0.235972390479,0.964285714286,0.112591155923
O11,exact_fixed_budget,joint,6,0.231726490829,0.957142857143,0.0911990203968
O11,exact_fixed_budget,joint,7,0.24726242758,0.95,0.0819821666826
O11,exact_fixed_budget,joint,8,0.229926008367,0.942857142857,0.0743025305835
O11,exact_fixed_budget,joint,9,0.222259536203,0.964285714286,0.069464428961
O11,exact_fixed_budget,joint,10,0.167481381396,0.971428571429,0.0655345686098
O11,exact_fixed_budget,joint,11,0.167817845533,0.971428571429,0.0625285452273
O11,exact_fixed_budget,joint,12,0.167498778818,0.971428571429,0.0600005671308
O11,exact_fixed_budget,joint,13,0.15770373238,0.971428571429,0.058149048608
O11,exact_fixed_budget,joint,14,0.163522234955,0.978571428571,0.0563847586398
O11,exact_fixed_budget,joint,15,0.159134706901,0.971428571429,0.0548819345049
O11,exact_fixed_budget,joint,16,0.158827343696,0.971428571429,0.053716537468
O12,exact_fixed_budget,diagonal,3,0.548641056201,0.785714285714,0.272296833356
O12,exact_fixed_budget,diagonal,4,0.30566928436,0.928571428571,0.129750652245
O12,exact_fixed_budget,diagonal,5,0.339534456332,0.892857142857,0.0978965149805
O12,exact_fixed_budget,diagonal,6,0.344117166591,0.928571428571,0.0820035342036
O12,exact_fixed_budget,diagonal,7,0.346537969021,0.928571428571,0.0708041677921
O12,exact_fixed_budget,diagonal,8,0.254898930387,0.892857142857,0.0620787120777
O12,exact_fixed_budget,diagonal,9,0.241353863102,0.892857142857,0.0559715710984
O12,exact_fixed_budget,diagonal,10,0.240001121989,0.892857142857,0.0511303325794
O12,exact_fixed_budget,diagonal,11,0.237235630889,0.892857142857,0.0470156090155
O12,exact_fixed_budget,diagonal,12,0.217446855048,0.892857142857,0.0440029773409
O12,exact_fixed_budget,diagonal,13,0.221878076329,0.964285714286,0.0412619153943
O12,exact_fixed_budget,diagonal,14,0.214454409163,0.928571428571,0.0388739097315
O12,exact_fixed_budget,diagonal,15,0.223637517033,0.928571428571,0.0379875067745
O12,exact_fixed_budget,diagonal,16,0.223637517033,0.928571428571,0.0379875067745
O12,exact_fixed_budget,joint,3,0.52985582402,0.821428571429,0.283785931152
O12,exact_fixed_budget,joint,4,0.268551669415,0.928571428571,0.136570635544
O12,exact_fixed_budget,joint,5,0.280057688043,0.928571428571,0.110933599647
O12,exact_fixed_budget,joint,6,0.301020793771,0.892857142857,0.090573592597
O12,exact_fixed_budget,joint,7,0.29263958556,0.964285714286,0.0811586237365
O12,exact_fixed_budget,joint,8,0.298841292326,0.964285714286,0.0735298522784
O12,exact_fixed_budget,joint,9,0.26527772237,0.964285714286,0.0685669146195
O12,exact_fixed_budget,joint,10,0.207160640892,0.964285714286,0.0646385509104
O12,exact_fixed_budget,joint,11,0.19002770569,0.928571428571,0.0616259286043
O12,exact_fixed_budget,joint,12,0.19873905545,0.928571428571,0.0591367343523
O12,exact_fixed_budget,joint,13,0.179402302658,0.928571428571,0.0572051950102
O12,exact_fixed_budget,joint,14,0.162374563199,0.964285714286,0.0553953886474
O12,exact_fixed_budget,joint,15,0.156550219753,0.964285714286,0.0538330992975
O12,exact_fixed_budget,joint,16,0.156280648599,0.964285714286,0.0526439856406
O13,exact_fixed_budget,diagonal,3,0.267137145587,0.964285714286,0.268904749028
O13,exact_fixed_budget,diagonal,4,0.202832436546,0.964285714286,0.129475769405
O13,exact_fixed_budget,diagonal,5,0.179505844041,0.964285714286,0.0977824282108
O13,exact_fixed_budget,diagonal,6,0.189935237477,0.964285714286,0.082130746616
O13,exact_fixed_budget,diagonal,7,0.188151820199,0.964285714286,0.0709251779314
O13,exact_fixed_budget,diagonal,8,0.178057692409,0.964285714286,0.0622515186318
O13,exact_fixed_budget,diagonal,9,0.178067727088,0.964285714286,0.0562257276978
O13,exact_fixed_budget,diagonal,10,0.177691627959,0.964285714286,0.0514135849207
O13,exact_fixed_budget,diagonal,11,0.171362140565,0.964285714286,0.0472272132374
O13,exact_fixed_budget,diagonal,12,0.17581632776,0.964285714286,0.0442390685727
O13,exact_fixed_budget,diagonal,13,0.173929548775,0.964285714286,0.0415054417293
O13,exact_fixed_budget,diagonal,14,0.170670162885,0.964285714286,0.0390805595774
O13,exact_fixed_budget,diagonal,15,0.171663848833,0.964285714286,0.0380731294539
O13,exact_fixed_budget,diagonal,16,0.171663848833,0.964285714286,0.0380731294539
O13,exact_fixed_budget,joint,3,0.267400555655,0.964285714286,0.281728246336
O13,exact_fixed_budget,joint,4,0.19918965346,0.964285714286,0.13779739648
O13,exact_fixed_budget,joint,5,0.178882574533,0.964285714286,0.112591155923
O13,exact_fixed_budget,joint,6,0.190232699671,0.964285714286,0.0911990203968
O13,exact_fixed_budget,joint,7,0.214044355791,0.964285714286,0.0819821666826
O13,exact_fixed_budget,joint,8,0.209308286491,0.964285714286,0.0743025305835
O13,exact_fixed_budget,joint,9,0.210570146294,0.964285714286,0.069464428961
O13,exact_fixed_budget,joint,10,0.188943374977,0.964285714286,0.0655345686098
O13,exact_fixed_budget,joint,11,0.186819824067,0.964285714286,0.0625285452273
O13,exact_fixed_budget,joint,12,0.180474219354,0.964285714286,0.0600005671308
O13,exact_fixed_budget,joint,13,0.177607741107,0.964285714286,0.058149048608
O13,exact_fixed_budget,joint,14,0.180652416784,0.964285714286,0.0563847586398
O13,exact_fixed_budget,joint,15,0.180495577345,0.964285714286,0.0548819345049
O13,exact_fixed_budget,joint,16,0.178767373347,0.964285714286,0.053716537468
O14,exact_fixed_budget,diagonal,3,0.277757158596,0.942857142857,0.268527776816
O14,exact_fixed_budget,diagonal,4,0.127617478945,0.985714285714,0.129424102803
O14,exact_fixed_budget,diagonal,5,0.124809420661,0.985714285714,0.0977619574653
O14,exact_fixed_budget,diagonal,6,0.102628213971,1,0.0821431075344
O14,exact_fixed_budget,diagonal,7,0.105021809676,0.985714285714,0.0709332583827
O14,exact_fixed_budget,diagonal,8,0.13568497772,0.942857142857,0.0622601703258
O14,exact_fixed_budget,diagonal,9,0.110469065465,0.971428571429,0.0562436593722
O14,exact_fixed_budget,diagonal,10,0.113855617543,0.971428571429,0.0514470814677
O14,exact_fixed_budget,diagonal,11,0.114972611632,0.971428571429,0.0472532859517
O14,exact_fixed_budget,diagonal,12,0.114815347965,0.971428571429,0.0442735558517
O14,exact_fixed_budget,diagonal,13,0.112194027374,0.971428571429,0.0415448049094
O14,exact_fixed_budget,diagonal,14,0.111555089097,0.971428571429,0.0391099180548
O14,exact_fixed_budget,diagonal,15,0.111816727256,0.971428571429,0.03809600369
O14,exact_fixed_budget,diagonal,16,0.111816727256,0.971428571429,0.03809600369
O14,exact_fixed_budget,joint,3,0.265942684213,0.957142857143,0.281477572677
O14,exact_fixed_budget,joint,4,0.100985252807,0.985714285714,0.137845250086
O14,exact_fixed_budget,joint,5,0.0942666251118,1,0.112714068818
O14,exact_fixed_budget,joint,6,0.0921220620179,1,0.0912430103023
O14,exact_fixed_budget,joint,7,0.0760525871549,1,0.0820482859988
O14,exact_fixed_budget,joint,8,0.0809944949938,1,0.0743421186433
O14,exact_fixed_budget,joint,9,0.0749204054334,1,0.0695331989142
O14,exact_fixed_budget,joint,10,0.074877595538,0.985714285714,0.0655921199077
O14,exact_fixed_budget,joint,11,0.0796002666338,0.985714285714,0.0625876696081
O14,exact_fixed_budget,joint,12,0.0823766846181,0.985714285714,0.0600696495746
O14,exact_fixed_budget,joint,13,0.076011017223,0.985714285714,0.0582282299361
O14,exact_fixed_budget,joint,14,0.0789897874618,0.985714285714,0.0564698598607
O14,exact_fixed_budget,joint,15,0.0787190534907,0.985714285714,0.0549845971387
O14,exact_fixed_budget,joint,16,0.0769469138805,0.985714285714,0.0538227632164
O15,exact_fixed_budget,diagonal,3,0.455943566561,0.897959183673,0.269174014894
O15,exact_fixed_budget,diagonal,4,0.216823337827,0.979591836735,0.129512674121
O15,exact_fixed_budget,diagonal,5,0.196760076737,0.979591836735,0.097797050172
O15,exact_fixed_budget,diagonal,6,0.16712972019,0.979591836735,0.0821219173886
O15,exact_fixed_budget,diagonal,7,0.167825234145,0.979591836735,0.0709194061804
O15,exact_fixed_budget,diagonal,8,0.171325114162,0.959183673469,0.0622453388503
O15,exact_fixed_budget,diagonal,9,0.1583084029,0.959183673469,0.0562129193589
O15,exact_fixed_budget,diagonal,10,0.155819517117,0.959183673469,0.0513896588156
O15,exact_fixed_budget,diagonal,11,0.149381961283,0.959183673469,0.04720858987
O15,exact_fixed_budget,diagonal,12,0.142883193094,0.959183673469,0.044214434802
O15,exact_fixed_budget,diagonal,13,0.138922439802,0.959183673469,0.0414773251721
O15,exact_fixed_budget,diagonal,14,0.137094811233,0.959183673469,0.0390595892365
O15,exact_fixed_budget,diagonal,15,0.139031213621,0.959183673469,0.0380567907138
O15,exact_fixed_budget,diagonal,16,0.139031213621,0.959183673469,0.0380567907138
O15,exact_fixed_budget,joint,3,0.413173634244,0.959183673469,0.281907298949
O15,exact_fixed_budget,joint,4,0.192029914675,0.979591836735,0.137763215333
O15,exact_fixed_budget,joint,5,0.147594957671,0.979591836735,0.112503360999
O15,exact_fixed_budget,joint,6,0.163715695478,0.979591836735,0.0911675990358
O15,exact_fixed_budget,joint,7,0.152467263278,0.979591836735,0.0819349385996
O15,exact_fixed_budget,joint,8,0.156009088023,0.979591836735,0.0742742533979
O15,exact_fixed_budget,joint,9,0.147695822716,0.979591836735,0.0694153075659
O15,exact_fixed_budget,joint,10,0.147757228001,0.979591836735,0.0654934605399
O15,exact_fixed_budget,joint,11,0.143910868788,0.979591836735,0.0624863135268
O15,exact_fixed_budget,joint,12,0.141851133051,0.938775510204,0.0599512225282
O15,exact_fixed_budget,joint,13,0.15014078993,0.959183673469,0.0580924905165
O15,exact_fixed_budget,joint,14,0.14593425848,0.938775510204,0.0563239720535
O15,exact_fixed_budget,joint,15,0.142218620764,0.938775510204,0.0548086040522
O15,exact_fixed_budget,joint,16,0.139473491367,0.938775510204,0.0536406619334
O16,exact_fixed_budget,diagonal,3,0.327954339363,0.938775510204,0.270035285332
O16,exact_fixed_budget,diagonal,4,0.393571503872,0.857142857143,0.129522131167
O16,exact_fixed_budget,diagonal,5,0.355225838393,0.877551020408,0.0978037547673
O16,exact_fixed_budget,diagonal,6,0.454054594952,0.836734693878,0.0820845414911
O16,exact_fixed_budget,diagonal,7,0.410213006248,0.877551020408,0.0708733445332
O16,exact_fixed_budget,diagonal,8,0.264596351733,0.877551020408,0.0621713113739
O16,exact_fixed_budget,diagonal,9,0.328644459173,0.857142857143,0.056118920372
O16,exact_fixed_budget,diagonal,10,0.301577996839,0.857142857143,0.0513235047551
O16,exact_fixed_budget,diagonal,11,0.299263523649,0.877551020408,0.0471621666412
O16,exact_fixed_budget,diagonal,12,0.312520061131,0.877551020408,0.0441780606095
O16,exact_fixed_budget,diagonal,13,0.300042146227,0.877551020408,0.0414506334952
O16,exact_fixed_budget,diagonal,14,0.28752592134,0.897959183673,0.039025384974
O16,exact_fixed_budget,diagonal,15,0.286729855866,0.897959183673,0.0380732184289
O16,exact_fixed_budget,diagonal,16,0.286729855866,0.897959183673,0.0380732184289
O16,exact_fixed_budget,joint,3,0.295497653024,0.959183673469,0.282366908392
O16,exact_fixed_budget,joint,4,0.368716823433,0.918367346939,0.137198933673
O16,exact_fixed_budget,joint,5,0.297604165884,0.938775510204,0.111907365682
O16,exact_fixed_budget,joint,6,0.26977918405,0.918367346939,0.0909358971658
O16,exact_fixed_budget,joint,7,0.305975874386,0.897959183673,0.0816532549623
O16,exact_fixed_budget,joint,8,0.281689533543,0.918367346939,0.0739458316802
O16,exact_fixed_budget,joint,9,0.268357173429,0.918367346939,0.0690989278083
O16,exact_fixed_budget,joint,10,0.219336262097,0.897959183673,0.0651458827057
O16,exact_fixed_budget,joint,11,0.230117363517,0.836734693878,0.0621394594015
O16,exact_fixed_budget,joint,12,0.212643688393,0.897959183673,0.0596549822083
O16,exact_fixed_budget,joint,13,0.200237232698,0.897959183673,0.0577793779695
O16,exact_fixed_budget,joint,14,0.205341071785,0.897959183673,0.0560017641175
O16,exact_fixed_budget,joint,15,0.20358585112,0.897959183673,0.0545025914589
O16,exact_fixed_budget,joint,16,0.201061948105,0.897959183673,0.0533312773133
O17,exact_fixed_budget,diagonal,3,0.0463919117325,1,0.267019887966
O17,exact_fixed_budget,diagonal,4,0.0333485346538,1,0.129217436396
O17,exact_fixed_budget,diagonal,5,0.0383374585889,1,0.097680074483
O17,exact_fixed_budget,diagonal,6,0.0289554144931,1,0.0821925512078
O17,exact_fixed_budget,diagonal,7,0.0284478481912,1,0.070965580188
O17,exact_fixed_budget,diagonal,8,0.0447303881044,1,0.0622947771021
O17,exact_fixed_budget,diagonal,9,0.0293681421458,1,0.05631538607
O17,exact_fixed_budget,diagonal,10,0.0321973410537,1,0.0515810676561
O17,exact_fixed_budget,diagonal,11,0.0305110037769,1,0.0473575768087
O17,exact_fixed_budget,diagonal,12,0.0289537456502,1,0.0444115049677
O17,exact_fixed_budget,diagonal,13,0.0282088247762,1,0.0417022576297
O17,exact_fixed_budget,diagonal,14,0.0295431150786,1,0.0392273519641
O17,exact_fixed_budget,diagonal,15,0.0307651472303,1,0.0381875006347
O17,exact_fixed_budget,diagonal,16,0.0307651472303,1,0.0381875006347
O17,exact_fixed_budget,joint,3,0.0483402886009,1,0.280474878044
O17,exact_fixed_budget,joint,4,0.0387113053065,1,0.138036664512
O17,exact_fixed_budget,joint,5,0.0456206125471,1,0.113205720394
O17,exact_fixed_budget,joint,6,0.0539235126938,1,0.0914189699242
O17,exact_fixed_budget,joint,7,0.0476520789728,1,0.0823127632634
O17,exact_fixed_budget,joint,8,0.0437703683797,1,0.0745004708825
O17,exact_fixed_budget,joint,9,0.0414986865561,1,0.0698082787267
O17,exact_fixed_budget,joint,10,0.0412027561264,1,0.0658223250994
O17,exact_fixed_budget,joint,11,0.0400167402551,1,0.0628241671311
O17,exact_fixed_budget,joint,12,0.0376902556589,1,0.0603459793496
O17,exact_fixed_budget,joint,13,0.0309837544445,1,0.0585449552484
O17,exact_fixed_budget,joint,14,0.030758273828,1,0.0568102647443
O17,exact_fixed_budget,joint,15,0.0297502133949,1,0.0553952476741
O17,exact_fixed_budget,joint,16,0.0276445667724,1,0.0542476662103
O18,exact_fixed_budget,diagonal,3,0.186463411021,1,0.267019887966
O18,exact_fixed_budget,diagonal,4,0.0789779783902,1,0.129217436396
O18,exact_fixed_budget,diagonal,5,0.10082949085,1,0.097680074483
O18,exact_fixed_budget,diagonal,6,0.092840691712,1,0.0821925512078
O18,exact_fixed_budget,diagonal,7,0.080758034102,1,0.070965580188
O18,exact_fixed_budget,diagonal,8,0.105561323802,1,0.0622947771021
O18,exact_fixed_budget,diagonal,9,0.0896006315789,1,0.05631538607
O18,exact_fixed_budget,diagonal,10,0.0896170041295,1,0.0515810676561
O18,exact_fixed_budget,diagonal,11,0.0837046687836,1,0.0473575768087
O18,exact_fixed_budget,diagonal,12,0.0849599890834,1,0.0444115049677
O18,exact_fixed_budget,diagonal,13,0.081417356675,1,0.0417022576297
O18,exact_fixed_budget,diagonal,14,0.0779166771389,1,0.0392273519641
O18,exact_fixed_budget,diagonal,15,0.0826147487775,1,0.0381875006347
O18,exact_fixed_budget,diagonal,16,0.0826147487775,1,0.0381875006347
O18,exact_fixed_budget,joint,3,0.197219588341,1,0.280474878044
O18,exact_fixed_budget,joint,4,0.0726894188281,1,0.138036664512
O18,exact_fixed_budget,joint,5,0.111127894194,1,0.113205720394
O18,exact_fixed_budget,joint,6,0.203425725954,0.928571428571,0.0914189699242
O18,exact_fixed_budget,joint,7,0.180980685139,0.928571428571,0.0823127632634
O18,exact_fixed_budget,joint,8,0.163417962788,0.928571428571,0.0745004708825
O18,exact_fixed_budget,joint,9,0.178352712015,0.928571428571,0.0698082787267
O18,exact_fixed_budget,joint,10,0.175460095582,0.928571428571,0.0658223250994
O18,exact_fixed_budget,joint,11,0.17816768748,0.928571428571,0.0628241671311
O18,exact_fixed_budget,joint,12,0.173437206142,0.928571428571,0.0603459793496
O18,exact_fixed_budget,joint,13,0.169387496547,0.928571428571,0.0585449552484
O18,exact_fixed_budget,joint,14,0.170858807567,0.928571428571,0.0568102647443
O18,exact_fixed_budget,joint,15,0.166728696153,0.928571428571,0.0553952476741
O18,exact_fixed_budget,joint,16,0.159928853996,0.928571428571,0.0542476662103
O19,exact_fixed_budget,diagonal,3,0.666193006443,0.904761904762,0.265010256945
O19,exact_fixed_budget,diagonal,4,0.70423593661,0.904761904762,0.129195369955
O19,exact_fixed_budget,diagonal,5,0.720771172154,0.857142857143,0.0976644304273
O19,exact_fixed_budget,diagonal,6,0.668190483098,0.857142857143,0.0822797616352
O19,exact_fixed_budget,diagonal,7,0.674977048498,0.857142857143,0.0710730573648
O19,exact_fixed_budget,diagonal,8,0.676482816436,0.857142857143,0.0624675078804
O19,exact_fixed_budget,diagonal,9,0.659068237946,0.857142857143,0.0565347170396
O19,exact_fixed_budget,diagonal,10,0.655450493772,0.857142857143,0.0517354271306
O19,exact_fixed_budget,diagonal,11,0.651968195249,0.857142857143,0.0474658976761
O19,exact_fixed_budget,diagonal,12,0.637303241789,0.857142857143,0.0444963780834
O19,exact_fixed_budget,diagonal,13,0.638160132273,0.857142857143,0.0417645382092
O19,exact_fixed_budget,diagonal,14,0.637488690546,0.857142857143,0.0393071619098
O19,exact_fixed_budget,diagonal,15,0.635500053794,0.857142857143,0.0381491692994
O19,exact_fixed_budget,diagonal,16,0.635500053794,0.857142857143,0.0381491692994
O19,exact_fixed_budget,joint,3,0.618160363363,0.904761904762,0.279402456011
O19,exact_fixed_budget,joint,4,0.656434591937,0.904761904762,0.139353321718
O19,exact_fixed_budget,joint,5,0.703682357919,0.857142857143,0.114596376135
O19,exact_fixed_budget,joint,6,0.685181022457,0.904761904762,0.0919596076208
O19,exact_fixed_budget,joint,7,0.630331714454,0.904761904762,0.0829700250838
O19,exact_fixed_budget,joint,8,0.63830725781,0.904761904762,0.0752667882239
O19,exact_fixed_budget,joint,9,0.678271900308,0.857142857143,0.0705464981612
O19,exact_fixed_budget,joint,10,0.635607255247,0.857142857143,0.0666333400459
O19,exact_fixed_budget,joint,11,0.639351858272,0.857142857143,0.0636334934234
O19,exact_fixed_budget,joint,12,0.632128407702,0.904761904762,0.0610372067627
O19,exact_fixed_budget,joint,13,0.618888325145,0.904761904762,0.0592755511916
O19,exact_fixed_budget,joint,14,0.616811732745,0.904761904762,0.0575620832615
O19,exact_fixed_budget,joint,15,0.617220873431,0.904761904762,0.0561092770584
O19,exact_fixed_budget,joint,16,0.60993858974,0.904761904762,0.0549695636571
O20,exact_fixed_budget,diagonal,3,2.13957820216,0.285714285714,0.267019887966
O20,exact_fixed_budget,diagonal,4,0.642080832554,0.571428571429,0.129217436396
O20,exact_fixed_budget,diagonal,5,0.716934811285,0.571428571429,0.097680074483
O20,exact_fixed_budget,diagonal,6,0.522551830746,0.714285714286,0.0821925512078
O20,exact_fixed_budget,diagonal,7,0.527978937478,0.571428571429,0.070965580188
O20,exact_fixed_budget,diagonal,8,0.614989574227,0.571428571429,0.0622947771021
O20,exact_fixed_budget,diagonal,9,0.537276125253,0.571428571429,0.05631538607
O20,exact_fixed_budget,diagonal,10,0.525236974888,0.571428571429,0.0515810676561
O20,exact_fixed_budget,diagonal,11,0.562715137909,0.428571428571,0.0473575768087
O20,exact_fixed_budget,diagonal,12,0.624812933662,0.428571428571,0.0444115049677
O20,exact_fixed_budget,diagonal,13,0.584647573222,0.428571428571,0.0417022576297
O20,exact_fixed_budget,diagonal,14,0.584409957954,0.428571428571,0.0392273519641
O20,exact_fixed_budget,diagonal,15,0.537327979301,0.571428571429,0.0381875006347
O20,exact_fixed_budget,diagonal,16,0.537327979301,0.571428571429,0.0381875006347
O20,exact_fixed_budget,joint,3,1.85476667717,0.428571428571,0.280474878044
O20,exact_fixed_budget,joint,4,0.293277560552,1,0.138036664512
O20,exact_fixed_budget,joint,5,0.374643554669,1,0.113205720394
O20,exact_fixed_budget,joint,6,0.615355167147,0.571428571429,0.0914189699242
O20,exact_fixed_budget,joint,7,0.4232351935,0.714285714286,0.0823127632634
O20,exact_fixed_budget,joint,8,0.456112796217,0.714285714286,0.0745004708825
O20,exact_fixed_budget,joint,9,0.445898045188,0.714285714286,0.0698082787267
O20,exact_fixed_budget,joint,10,0.455708814657,0.714285714286,0.0658223250994
O20,exact_fixed_budget,joint,11,0.455209068351,0.714285714286,0.0628241671311
O20,exact_fixed_budget,joint,12,0.56296694156,0.571428571429,0.0603459793496
O20,exact_fixed_budget,joint,13,0.586295157974,0.714285714286,0.0585449552484
O20,exact_fixed_budget,joint,14,0.580291212338,0.714285714286,0.0568102647443
O20,exact_fixed_budget,joint,15,0.420384976338,0.857142857143,0.0553952476741
O20,exact_fixed_budget,joint,16,0.43274641971,0.857142857143,0.0542476662103
O21,exact_fixed_budget,diagonal,3,0.37237162826,0.952380952381,0.268276462008
O21,exact_fixed_budget,diagonal,4,0.305741139343,0.904761904762,0.129389658402
O21,exact_fixed_budget,diagonal,5,0.260631779283,0.928571428571,0.0977483103016
O21,exact_fixed_budget,diagonal,6,0.248454273067,0.904761904762,0.0821513481466
O21,exact_fixed_budget,diagonal,7,0.249658020667,0.904761904762,0.0709386453503
O21,exact_fixed_budget,diagonal,8,0.295779425066,0.857142857143,0.0622659381219
O21,exact_fixed_budget,diagonal,9,0.271506707796,0.880952380952,0.0562556138219
O21,exact_fixed_budget,diagonal,10,0.277903802273,0.857142857143,0.0514694124991
O21,exact_fixed_budget,diagonal,11,0.27050886882,0.857142857143,0.0472706677612
O21,exact_fixed_budget,diagonal,12,0.263616139512,0.880952380952,0.044296547371
O21,exact_fixed_budget,diagonal,13,0.270087094245,0.880952380952,0.0415710470295
O21,exact_fixed_budget,diagonal,14,0.266528641561,0.880952380952,0.039129490373
O21,exact_fixed_budget,diagonal,15,0.26532135108,0.880952380952,0.0381112531808
O21,exact_fixed_budget,diagonal,16,0.26532135108,0.880952380952,0.0381112531808
O21,exact_fixed_budget,joint,3,0.388271534379,0.952380952381,0.281310456905
O21,exact_fixed_budget,joint,4,0.338973779972,0.880952380952,0.137877152491
O21,exact_fixed_budget,joint,5,0.275365850211,0.952380952381,0.112796010747
O21,exact_fixed_budget,joint,6,0.232527103436,0.952380952381,0.091272336906
O21,exact_fixed_budget,joint,7,0.233328703067,0.928571428571,0.0820923655429
O21,exact_fixed_budget,joint,8,0.232669987228,0.928571428571,0.0743685106831
O21,exact_fixed_budget,joint,9,0.253217125646,0.880952380952,0.0695790455496
O21,exact_fixed_budget,joint,10,0.253836593788,0.880952380952,0.0656304874397
O21,exact_fixed_budget,joint,11,0.25269059124,0.880952380952,0.0626270858619
O21,exact_fixed_budget,joint,12,0.254133188942,0.880952380952,0.0601157045371
O21,exact_fixed_budget,joint,13,0.252968057914,0.857142857143,0.0582810174881
O21,exact_fixed_budget,joint,14,0.249478679922,0.857142857143,0.056526594008
O21,exact_fixed_budget,joint,15,0.251621964266,0.857142857143,0.0550530388946
O21,exact_fixed_budget,joint,16,0.247892847011,0.857142857143,0.0538935803821
O22,exact_fixed_budget,diagonal,3,0.183199027686,1,0.273804056622
O22,exact_fixed_budget,diagonal,4,0.243810664096,0.928571428571,0.129767202076
O22,exact_fixed_budget,diagonal,5,0.195116071863,0.928571428571,0.0979082480223
O22,exact_fixed_budget,diagonal,6,0.196548019672,0.928571428571,0.0819381263831
O22,exact_fixed_budget,diagonal,7,0.165218763907,0.928571428571,0.0707235599095
O22,exact_fixed_budget,diagonal,8,0.21326982035,0.928571428571,0.061949163994
O22,exact_fixed_budget,diagonal,9,0.184959208337,0.928571428571,0.0558070728713
O22,exact_fixed_budget,diagonal,10,0.184704735064,0.928571428571,0.0510145629735
O22,exact_fixed_budget,diagonal,11,0.201098632396,0.928571428571,0.046934368365
O22,exact_fixed_budget,diagonal,12,0.16695567907,0.928571428571,0.0439393225041
O22,exact_fixed_budget,diagonal,13,0.170803643734,0.928571428571,0.0412152049597
O22,exact_fixed_budget,diagonal,14,0.165663208583,0.928571428571,0.0388140522722
O22,exact_fixed_budget,diagonal,15,0.160727241881,0.928571428571,0.0380162552759
O22,exact_fixed_budget,diagonal,16,0.160727241881,0.928571428571,0.0380162552759
O22,exact_fixed_budget,joint,3,0.135965840191,1,0.284590247677
O22,exact_fixed_budget,joint,4,0.187755364798,1,0.13558314264
O22,exact_fixed_budget,joint,5,0.126979666268,1,0.109890607842
O22,exact_fixed_budget,joint,6,0.128540649317,1,0.0901681143246
O22,exact_fixed_budget,joint,7,0.181562751781,1,0.0806656773712
O22,exact_fixed_budget,joint,8,0.138803888534,1,0.0729551142723
O22,exact_fixed_budget,joint,9,0.143695682907,0.928571428571,0.0680132500436
O22,exact_fixed_budget,joint,10,0.147477665909,0.928571428571,0.0640302897005
O22,exact_fixed_budget,joint,11,0.137561752473,1,0.0610189338851
O22,exact_fixed_budget,joint,12,0.163474431315,0.928571428571,0.0586183137924
O22,exact_fixed_budget,joint,13,0.172474705927,0.928571428571,0.0566572480528
O22,exact_fixed_budget,joint,14,0.159340929242,0.928571428571,0.0548315247595
O22,exact_fixed_budget,joint,15,0.162498773326,0.928571428571,0.0532975772593
O22,exact_fixed_budget,joint,16,0.153824071253,0.928571428571,0.0521025625555
O23,exact_fixed_budget,diagonal,3,0.321182645542,1,0.27154266707
O23,exact_fixed_budget,diagonal,4,0.220805999552,0.952380952381,0.129583946849
O23,exact_fixed_budget,diagonal,5,0.154858320435,1,0.0978321901758
O23,exact_fixed_budget,diagonal,6,0.132651912748,1,0.082022934658
O23,exact_fixed_budget,diagonal,7,0.104088742897,1,0.0708042333357
O23,exact_fixed_budget,diagonal,8,0.123658259067,1,0.0620643683634
O23,exact_fixed_budget,diagonal,9,0.103670793098,1,0.0559765106042
O23,exact_fixed_budget,diagonal,10,0.100713552794,1,0.0512033978677
O23,exact_fixed_budget,diagonal,11,0.0974002893814,1,0.0470754378463
O23,exact_fixed_budget,diagonal,12,0.0941757961632,1,0.0440967166586
O23,exact_fixed_budget,diagonal,13,0.0953214507953,1,0.0413775558497
O23,exact_fixed_budget,diagonal,14,0.0917473784723,1,0.0389518188362
O23,exact_fixed_budget,diagonal,15,0.0884379007757,1,0.0380733370622
O23,exact_fixed_budget,diagonal,16,0.0884379007757,1,0.0380733370622
O23,exact_fixed_budget,joint,3,0.286140906004,1,0.283218457799
O23,exact_fixed_budget,joint,4,0.214100945854,0.952380952381,0.136400983264
O23,exact_fixed_budget,joint,5,0.172386889999,0.952380952381,0.110995645359
O23,exact_fixed_budget,joint,6,0.18177821605,0.952380952381,0.0905850661911
O23,exact_fixed_budget,joint,7,0.122055618388,1,0.0812147060019
O23,exact_fixed_budget,joint,8,0.115927902848,1,0.0734702331424
O23,exact_fixed_budget,joint,9,0.102293928934,1,0.068611592938
O23,exact_fixed_budget,joint,10,0.0957083600753,1,0.0646276348334
O23,exact_fixed_budget,joint,11,0.0932111115535,1,0.0616206783004
O23,exact_fixed_budget,joint,12,0.0900833580334,1,0.0591942023115
O23,exact_fixed_budget,joint,13,0.0911372172969,1,0.0572864837847
O23,exact_fixed_budget,joint,14,0.0948897238689,1,0.0554911047544
O23,exact_fixed_budget,joint,15,0.0932506425708,1,0.0539968007309
O23,exact_fixed_budget,joint,16,0.0912449582936,1,0.0528175971071
O24,exact_fixed_budget,diagonal,3,0.303802993251,0.942857142857,0.268527776816
O24,exact_fixed_budget,diagonal,4,0.135994194087,1,0.129424102803
O24,exact_fixed_budget,diagonal,5,0.133652117226,0.971428571429,0.0977619574653
O24,exact_fixed_budget,diagonal,6,0.126439084171,0.971428571429,0.0821431075344
O24,exact_fixed_budget,diagonal,7,0.112298383586,0.971428571429,0.0709332583827
O24,exact_fixed_budget,diagonal,8,0.15307982024,0.971428571429,0.0622601703258
O24,exact_fixed_budget,diagonal,9,0.11935018688,0.971428571429,0.0562436593722
O24,exact_fixed_budget,diagonal,10,0.124042287593,0.971428571429,0.0514470814677
O24,exact_fixed_budget,diagonal,11,0.127198082336,0.971428571429,0.0472532859517
O24,exact_fixed_budget,diagonal,12,0.113829575092,0.971428571429,0.0442735558517
O24,exact_fixed_budget,diagonal,13,0.109718419769,0.971428571429,0.0415448049094
O24,exact_fixed_budget,diagonal,14,0.111131913654,0.971428571429,0.0391099180548
O24,exact_fixed_budget,diagonal,15,0.109852694095,0.971428571429,0.03809600369
O24,exact_fixed_budget,diagonal,16,0.109852694095,0.971428571429,0.03809600369
O24,exact_fixed_budget,joint,3,0.270880649431,0.971428571429,0.281477572677
O24,exact_fixed_budget,joint,4,0.100391182876,1,0.137845250086
O24,exact_fixed_budget,joint,5,0.0840988474928,0.971428571429,0.112714068818
O24,exact_fixed_budget,joint,6,0.0840645451982,0.971428571429,0.0912430103023
O24,exact_fixed_budget,joint,7,0.0830272537931,0.971428571429,0.0820482859988
O24,exact_fixed_budget,joint,8,0.0700228805768,1,0.0743421186433
O24,exact_fixed_budget,joint,9,0.0712011164782,0.971428571429,0.0695331989142
O24,exact_fixed_budget,joint,10,0.0711094663312,0.971428571429,0.0655921199077
O24,exact_fixed_budget,joint,11,0.0728089196081,0.971428571429,0.0625876696081
O24,exact_fixed_budget,joint,12,0.070532666638,0.971428571429,0.0600696495746
O24,exact_fixed_budget,joint,13,0.0655078550037,0.971428571429,0.0582282299361
O24,exact_fixed_budget,joint,14,0.0576578844931,1,0.0564698598607
O24,exact_fixed_budget,joint,15,0.0604967336994,1,0.0549845971387
O24,exact_fixed_budget,joint,16,0.0610240656974,1,0.0538227632164
O25,exact_fixed_budget,diagonal,3,0.662562538879,0.809523809524,0.27154266707
O25,exact_fixed_budget,diagonal,4,0.53648400214,0.857142857143,0.129583946849
O25,exact_fixed_budget,diagonal,5,0.63535313549,0.761904761905,0.0978321901758
O25,exact_fixed_budget,diagonal,6,0.586905101203,0.714285714286,0.082022934658
O25,exact_fixed_budget,diagonal,7,0.567685102413,0.714285714286,0.0708042333357
O25,exact_fixed_budget,diagonal,8,0.642690527266,0.666666666667,0.0620643683634
O25,exact_fixed_budget,diagonal,9,0.543961574658,0.809523809524,0.0559765106042
O25,exact_fixed_budget,diagonal,10,0.567056436331,0.714285714286,0.0512033978677
O25,exact_fixed_budget,diagonal,11,0.507716019628,0.761904761905,0.0470754378463
O25,exact_fixed_budget,diagonal,12,0.499536110467,0.809523809524,0.0440967166586
O25,exact_fixed_budget,diagonal,13,0.491884850574,0.809523809524,0.0413775558497
O25,exact_fixed_budget,diagonal,14,0.483409805761,0.809523809524,0.0389518188362
O25,exact_fixed_budget,diagonal,15,0.466501707656,0.809523809524,0.0380733370622
O25,exact_fixed_budget,diagonal,16,0.466501707656,0.809523809524,0.0380733370622
O25,exact_fixed_budget,joint,3,0.645971433555,0.761904761905,0.283218457799
O25,exact_fixed_budget,joint,4,0.49553185155,0.857142857143,0.136400983264
O25,exact_fixed_budget,joint,5,0.614238157193,0.619047619048,0.110995645359
O25,exact_fixed_budget,joint,6,0.674076828216,0.619047619048,0.0905850661911
O25,exact_fixed_budget,joint,7,0.596843987258,0.666666666667,0.0812147060019
O25,exact_fixed_budget,joint,8,0.587910458921,0.666666666667,0.0734702331424
O25,exact_fixed_budget,joint,9,0.577070595585,0.666666666667,0.068611592938
O25,exact_fixed_budget,joint,10,0.554413272671,0.714285714286,0.0646276348334
O25,exact_fixed_budget,joint,11,0.590404380985,0.714285714286,0.0616206783004
O25,exact_fixed_budget,joint,12,0.539457584952,0.714285714286,0.0591942023115
O25,exact_fixed_budget,joint,13,0.515584717479,0.761904761905,0.0572864837847
O25,exact_fixed_budget,joint,14,0.523282293115,0.714285714286,0.0554911047544
O25,exact_fixed_budget,joint,15,0.535513403232,0.714285714286,0.0539968007309
O25,exact_fixed_budget,joint,16,0.531367597721,0.714285714286,0.0528175971071
O26,exact_fixed_budget,diagonal,3,0.69904456765,0.964285714286,0.2655126647
O26,exact_fixed_budget,diagonal,4,0.649416084863,0.857142857143,0.129200886565
O26,exact_fixed_budget,diagonal,5,0.599088434587,0.964285714286,0.0976683414412
O26,exact_fixed_budget,diagonal,6,0.608097319743,0.964285714286,0.0822579590283
O26,exact_fixed_budget,diagonal,7,0.599457789867,0.964285714286,0.0710461880706
O26,exact_fixed_budget,diagonal,8,0.599690016049,0.928571428571,0.0624243251858
O26,exact_fixed_budget,diagonal,9,0.592603771946,0.964285714286,0.0564798842972
O26,exact_fixed_budget,diagonal,10,0.592594703097,0.964285714286,0.0516968372619
O26,exact_fixed_budget,diagonal,11,0.595472971645,0.964285714286,0.0474388174592
O26,exact_fixed_budget,diagonal,12,0.586211746506,0.964285714286,0.0444751598045
O26,exact_fixed_budget,diagonal,13,0.594647810506,0.964285714286,0.0417489680643
O26,exact_fixed_budget,diagonal,14,0.591099175815,0.964285714286,0.0392872094234
O26,exact_fixed_budget,diagonal,15,0.592028116792,0.964285714286,0.0381587521333
O26,exact_fixed_budget,diagonal,16,0.592028116792,0.964285714286,0.0381587521333
O26,exact_fixed_budget,joint,3,0.627761571902,0.964285714286,0.279670561519
O26,exact_fixed_budget,joint,4,0.59127070745,0.892857142857,0.139024157416
O26,exact_fixed_budget,joint,5,0.639526606002,0.857142857143,0.114248712199
O26,exact_fixed_budget,joint,6,0.599959659321,0.928571428571,0.0918244481967
O26,exact_fixed_budget,joint,7,0.629133386722,0.964285714286,0.0828057096287
O26,exact_fixed_budget,joint,8,0.622575676821,0.964285714286,0.0750752088886
O26,exact_fixed_budget,joint,9,0.64290668395,0.892857142857,0.0703619433026
O26,exact_fixed_budget,joint,10,0.633190455758,0.964285714286,0.0664305863093
O26,exact_fixed_budget,joint,11,0.62461593529,0.964285714286,0.0634311618504
O26,exact_fixed_budget,joint,12,0.628360756267,0.964285714286,0.0608643999094
O26,exact_fixed_budget,joint,13,0.620133530253,0.964285714286,0.0590929022058
O26,exact_fixed_budget,joint,14,0.622773032585,0.964285714286,0.0573741286322
O26,exact_fixed_budget,joint,15,0.596520654601,0.964285714286,0.0559307697123
O26,exact_fixed_budget,joint,16,0.59376587571,0.964285714286,0.0547890892954
O27,exact_fixed_budget,diagonal,3,1.28775508226,0.52380952381,0.263000625924
O27,exact_fixed_budget,diagonal,4,0.93484166917,0.619047619048,0.129173303513
O27,exact_fixed_budget,diagonal,5,0.430976207431,0.809523809524,0.0976487863715
O27,exact_fixed_budget,diagonal,6,0.766295625377,0.571428571429,0.0823669720625
O27,exact_fixed_budget,diagonal,7,0.605010410298,0.619047619048,0.0711805345416
O27,exact_fixed_budget,diagonal,8,0.441959134271,0.666666666667,0.0626402386587
O27,exact_fixed_budget,diagonal,9,0.622032569718,0.809523809524,0.0567540480091
O27,exact_fixed_budget,diagonal,10,0.506289788549,0.666666666667,0.0518897866051
O27,exact_fixed_budget,diagonal,11,0.55481374812,0.714285714286,0.0475742185434
O27,exact_fixed_budget,diagonal,12,0.590213837374,0.761904761905,0.0445812511992
O27,exact_fixed_budget,diagonal,13,0.565185300335,0.666666666667,0.0418268187887
O27,exact_fixed_budget,diagonal,14,0.539714334272,0.619047619048,0.0393869718555
O27,exact_fixed_budget,diagonal,15,0.537346362581,0.619047619048,0.0381108379642
O27,exact_fixed_budget,diagonal,16,0.537346362581,0.619047619048,0.0381108379642
O27,exact_fixed_budget,joint,3,1.21936288254,0.619047619048,0.278330033977
O27,exact_fixed_budget,joint,4,0.798087838986,0.666666666667,0.140669978923
O27,exact_fixed_budget,joint,5,0.534462743959,0.761904761905,0.115987031875
O27,exact_fixed_budget,joint,6,0.249451469981,0.952380952381,0.0925002453174
O27,exact_fixed_budget,joint,7,0.464091506602,0.809523809524,0.0836272869041
O27,exact_fixed_budget,joint,8,0.36161739461,0.714285714286,0.0760331055654
O27,exact_fixed_budget,joint,9,0.265529255741,0.857142857143,0.0712847175957
O27,exact_fixed_budget,joint,10,0.375197862042,0.761904761905,0.0674443549924
O27,exact_fixed_budget,joint,11,0.295373419552,0.857142857143,0.0644428197158
O27,exact_fixed_budget,joint,12,0.29187328217,0.857142857143,0.0617284341758
O27,exact_fixed_budget,joint,13,0.304017559156,0.857142857143,0.0600061471348
O27,exact_fixed_budget,joint,14,0.282584003727,0.857142857143,0.0583139017788
O27,exact_fixed_budget,joint,15,0.279433980087,0.857142857143,0.0568233064427
O27,exact_fixed_budget,joint,16,0.282626978271,0.857142857143,0.0556914611039
O28,exact_fixed_budget,diagonal,3,0.956781163391,0.642857142857,0.267019887966
O28,exact_fixed_budget,diagonal,4,1.0022213989,0.571428571429,0.129217436396
O28,exact_fixed_budget,diagonal,5,0.790007484952,0.642857142857,0.097680074483
O28,exact_fixed_budget,diagonal,6,0.801411685293,0.571428571429,0.0821925512078
O28,exact_fixed_budget,diagonal,7,0.768599135995,0.642857142857,0.070965580188
O28,exact_fixed_budget,diagonal,8,0.617463430626,0.642857142857,0.0622947771021
O28,exact_fixed_budget,diagonal,9,0.629471976156,0.571428571429,0.05631538607
O28,exact_fixed_budget,diagonal,10,0.603500819277,0.571428571429,0.0515810676561
O28,exact_fixed_budget,diagonal,11,0.628484885948,0.571428571429,0.0473575768087
O28,exact_fixed_budget,diagonal,12,0.593750562976,0.642857142857,0.0444115049677
O28,exact_fixed_budget,diagonal,13,0.587879036508,0.642857142857,0.0417022576297
O28,exact_fixed_budget,diagonal,14,0.597636789066,0.642857142857,0.0392273519641
O28,exact_fixed_budget,diagonal,15,0.580203463187,0.642857142857,0.0381875006347
O28,exact_fixed_budget,diagonal,16,0.580203463187,0.642857142857,0.0381875006347
O28,exact_fixed_budget,joint,3,1.13510896011,0.642857142857,0.280474878044
O28,exact_fixed_budget,joint,4,1.48255510551,0.5,0.138036664512
O28,exact_fixed_budget,joint,5,1.26975066647,0.5,0.113205720394
O28,exact_fixed_budget,joint,6,0.922674552137,0.5,0.0914189699242
O28,exact_fixed_budget,joint,7,0.929198115269,0.5,0.0823127632634
O28,exact_fixed_budget,joint,8,0.888127938132,0.5,0.0745004708825
O28,exact_fixed_budget,joint,9,0.916187966397,0.5,0.0698082787267
O28,exact_fixed_budget,joint,10,0.767924732709,0.5,0.0658223250994
O28,exact_fixed_budget,joint,11,0.746976877088,0.571428571429,0.0628241671311
O28,exact_fixed_budget,joint,12,0.782443858418,0.571428571429,0.0603459793496
O28,exact_fixed_budget,joint,13,0.724792050746,0.642857142857,0.0585449552484
O28,exact_fixed_budget,joint,14,0.724760969212,0.642857142857,0.0568102647443
O28,exact_fixed_budget,joint,15,0.716193674146,0.714285714286,0.0553952476741
O28,exact_fixed_budget,joint,16,0.736337457313,0.571428571429,0.0542476662103
O29,exact_fixed_budget,diagonal,3,0.294427710166,0.982142857143,0.268904749028
O29,exact_fixed_budget,diagonal,4,0.200470448057,0.964285714286,0.129475769405
O29,exact_fixed_budget,diagonal,5,0.190136011092,0.928571428571,0.0977824282108
O29,exact_fixed_budget,diagonal,6,0.193116989381,0.910714285714,0.082130746616
O29,exact_fixed_budget,diagonal,7,0.184176571008,0.928571428571,0.0709251779314
O29,exact_fixed_budget,diagonal,8,0.195197799516,0.946428571429,0.0622515186318
O29,exact_fixed_budget,diagonal,9,0.18742987248,0.946428571429,0.0562257276978
O29,exact_fixed_budget,diagonal,10,0.191178986432,0.946428571429,0.0514135849207
O29,exact_fixed_budget,diagonal,11,0.188131676414,0.928571428571,0.0472272132374
O29,exact_fixed_budget,diagonal,12,0.194513259235,0.928571428571,0.0442390685727
O29,exact_fixed_budget,diagonal,13,0.191279984879,0.928571428571,0.0415054417293
O29,exact_fixed_budget,diagonal,14,0.192643972161,0.928571428571,0.0390805595774
O29,exact_fixed_budget,diagonal,15,0.195989392244,0.928571428571,0.0380731294539
O29,exact_fixed_budget,diagonal,16,0.195989392244,0.928571428571,0.0380731294539
O29,exact_fixed_budget,joint,3,0.276359343725,0.964285714286,0.281728246336
O29,exact_fixed_budget,joint,4,0.160865068421,0.982142857143,0.13779739648
O29,exact_fixed_budget,joint,5,0.151988016589,0.982142857143,0.112591155923
O29,exact_fixed_budget,joint,6,0.129762948241,0.982142857143,0.0911990203968
O29,exact_fixed_budget,joint,7,0.136432394205,0.982142857143,0.0819821666826
O29,exact_fixed_budget,joint,8,0.122288636502,0.982142857143,0.0743025305835
O29,exact_fixed_budget,joint,9,0.11337948877,0.982142857143,0.069464428961
O29,exact_fixed_budget,joint,10,0.11445407528,0.982142857143,0.0655345686098
O29,exact_fixed_budget,joint,11,0.12914008588,0.982142857143,0.0625285452273
O29,exact_fixed_budget,joint,12,0.118939905904,0.982142857143,0.0600005671308
O29,exact_fixed_budget,joint,13,0.117427844602,0.982142857143,0.058149048608
O29,exact_fixed_budget,joint,14,0.122308696598,0.982142857143,0.0563847586398
O29,exact_fixed_budget,joint,15,0.119845236996,0.982142857143,0.0548819345049
O29,exact_fixed_budget,joint,16,0.119380330971,0.982142857143,0.053716537468
