policy,method,budget,mse,coverage90,posterior_target_variance,rmse
exact_fixed_budget,diagonal,3,0.528648526465,0.893737852284,0.26846873138,0.727082200625
exact_fixed_budget,diagonal,4,0.428068203813,0.883612730807,0.129397912573,0.65426921356
exact_fixed_budget,diagonal,5,0.359455089355,0.90054664723,0.0977520736128,0.599545735833
exact_fixed_budget,diagonal,6,0.379303257211,0.880035228377,0.0821435211606,0.615876007985
exact_fixed_budget,diagonal,7,0.357880492616,0.880515063168,0.070929923997,0.598231136448
exact_fixed_budget,diagonal,8,0.327513914923,0.872090621963,0.062252481963,0.572288314509
exact_fixed_budget,diagonal,9,0.329983759256,0.885477405248,0.0562376296246,0.574442128727
exact_fixed_budget,diagonal,10,0.324377518444,0.874593051506,0.0514540573367,0.569541498439
exact_fixed_budget,diagonal,11,0.327412907379,0.866605928086,0.0472595606137,0.572200058877
exact_fixed_budget,diagonal,12,0.324487383865,0.874684159378,0.0442860274662,0.569637941034
exact_fixed_budget,diagonal,13,0.317392775234,0.874344023324,0.0415615106587,0.563376228851
exact_fixed_budget,diagonal,14,0.312966979326,0.872096695821,0.0391199950295,0.55943451746
exact_fixed_budget,diagonal,15,0.311472908771,0.876943634597,0.0381110345994,0.558097579972
exact_fixed_budget,diagonal,16,0.311472908771,0.876943634597,0.0381110345994,0.558097579972
exact_fixed_budget,joint,3,0.499432717178,0.904603984451,0.281419458475,0.706705537815
exact_fixed_budget,joint,4,0.417472313387,0.911522108844,0.137776920387,0.646120974266
exact_fixed_budget,joint,5,0.345590557288,0.904682944606,0.112680791493,0.587869507024
exact_fixed_budget,joint,6,0.329809395165,0.901451652089,0.0912280341575,0.574290340477
exact_fixed_budget,joint,7,0.347648472038,0.895620748299,0.0820368722359,0.589617225018
exact_fixed_budget,joint,8,0.329160631315,0.895535714286,0.0743086569061,0.573725222833
exact_fixed_budget,joint,9,0.324288312003,0.892899659864,0.0695174269566,0.569463178795
exact_fixed_budget,joint,10,0.297290705842,0.893786443149,0.0655651191975,0.545243712336
exact_fixed_budget,joint,11,0.295836802828,0.899046404276,0.0625616349143,0.543908818487
exact_fixed_budget,joint,12,0.300068960046,0.893094023324,0.0600574021271,0.547785505509
exact_fixed_budget,joint,13,0.288944088046,0.902107628766,0.0582185977423,0.53753519703
exact_fixed_budget,joint,14,0.288671304597,0.904233479106,0.0564618932078,0.537281401685
exact_fixed_budget,joint,15,0.280417848976,0.91163143829,0.0549887674757,0.52954494519
exact_fixed_budget,joint,16,0.277737593107,0.906529397473,0.0538282864201,0.52700815279
